School_Year,school_type,county,SCHOOL_NAME,total_enrolled,complete_record,missing_record,exempt_religious,temp_certificate,exempt_medical,incomplete_record
2019,Public,HAMILTON,Allen Elementary,66,66,0,0,0,0,0
2019,Public,HAMILTON,Alpine Crest Elementary,47,41,1,0,0,0,5
2019,Public,HAMILTON,Apison Elementary School,91,88,0,2,1,0,0
2019,Public,HAMILTON,Barger Academy,61,55,4,1,1,0,0
2019,Public,HAMILTON,Battle Academy For Teaching  Learning,94,83,0,4,1,0,6
2019,Public,HAMILTON,Bess T Shepherd Elementary,87,82,0,2,1,0,0
2019,Public,HAMILTON,Big Ridge Elementary,71,69,0,1,1,0,0
2019,Public,HAMILTON,Calvin Donaldson Environmental Science Academy,79,58,8,0,0,0,13
2019,Public,HAMILTON,Chattanooga Charter School Of Excellence,54,41,3,0,0,0,10
2019,Public,HAMILTON,Chattanooga School For The Arts And Science Lower,58,56,0,0,0,1,1
2019,Public,HAMILTON,Chattanooga School For The Liberal Arts,60,59,0,0,1,0,0
2019,Public,HAMILTON,Clifton Hills Elementary,108,96,0,0,6,0,6
2019,Public,HAMILTON,Daisy Elementary,71,70,0,1,0,0,0
2019,Public,HAMILTON,Dupont Elementary,39,38,0,1,0,0,0
2019,Public,HAMILTON,East Brainerd Elementary,200,186,0,4,8,0,2
2019,Public,HAMILTON,East Lake Elementary,83,60,4,1,2,1,15
2019,Public,HAMILTON,East Ridge Elementary,169,151,4,2,4,0,8
2019,Public,HAMILTON,East Side Elementary,111,88,0,2,19,0,2
2019,Public,HAMILTON,Hardy Elementary School,73,70,0,0,0,0,3
2019,Public,HAMILTON,Harrison Elementary,64,58,1,0,0,0,5
2019,Public,HAMILTON,Hillcrest Elementary,45,44,0,1,0,0,0
2019,Public,HAMILTON,Hixson Elementary,69,64,0,2,3,0,0
2019,Public,HAMILTON,Lakeside Academy,85,84,1,0,0,0,0
2019,Public,HAMILTON,Lookout Mountain Elementary,29,27,0,0,1,1,0
2019,Public,HAMILTON,Lookout Valley Elementary,50,46,1,2,0,0,1
2019,Public,HAMILTON,Mcconnell Elementary,68,66,0,1,0,0,1
2019,Public,HAMILTON,Middle Valley Elementary,127,122,0,0,3,0,2
2019,Public,HAMILTON,Nolan Elementary,116,107,0,7,0,0,2
2019,Public,HAMILTON,Normal Park Museum Magnet School,84,81,0,1,1,0,1
2019,Public,HAMILTON,North Hamilton Elementary,55,52,0,0,2,1,0
2019,Public,HAMILTON,Ooltewah Elementary,134,128,0,2,3,0,1
2019,Public,HAMILTON,Orchard Knob Elementary,105,99,0,1,4,0,1
2019,Public,HAMILTON,Red Bank Elementary,93,90,0,0,2,0,1
2019,Public,HAMILTON,Rivermont Elementary,56,46,3,2,1,0,4
2019,Public,HAMILTON,Snow Hill Elementary,103,93,0,3,1,0,6
2019,Public,HAMILTON,Soddy Elementary,82,81,0,1,0,0,0
2019,Public,HAMILTON,Spring Creek Elementary,96,84,1,2,0,0,7
2019,Public,HAMILTON,Thrasher Elementary,84,83,0,1,0,0,0
2019,Public,HAMILTON,Tommie F. Brown Academy,53,48,0,1,0,0,4
2019,Public,HAMILTON,Wallace A. Smith Elementary,116,106,0,1,1,0,8
2019,Public,HAMILTON,Westview Elementary,110,104,0,4,1,0,1
2019,Public,HAMILTON,Wolftever Creek Elementary,92,89,1,1,1,0,0
2019,Public,HAMILTON,Woodmore Elementary,46,40,0,0,2,0,4
2019,Public,ANDERSON,Andersonville Elementary,49,48,0,0,1,0,0
2019,Public,ANDERSON,Briceville Elementary,11,11,0,0,0,0,0
2019,Public,ANDERSON,Dutch Valley Elementary,25,24,0,0,1,0,0
2019,Public,ANDERSON,Fairview Elementary,42,41,0,0,0,1,0
2019,Public,ANDERSON,Grand Oaks Elementary,44,44,0,0,0,0,0
2019,Public,ANDERSON,Lake City Elementary,71,69,0,0,2,0,0
2019,Public,ANDERSON,Norris Elementary,48,47,0,0,1,0,0
2019,Public,ANDERSON,Clinton Elementary,75,71,0,1,3,0,0
2019,Public,ANDERSON,North Clinton Elementary,23,22,0,0,1,0,0
2019,Public,ANDERSON,South Clinton Elementary,45,41,0,1,3,0,0
2019,Public,ANDERSON,Glenwood Elementary,74,72,0,0,2,0,0
2019,Public,ANDERSON,Linden Elementary,97,92,1,1,3,0,0
2019,Public,ANDERSON,Willow Brook Elementary,78,75,0,1,2,0,0
2019,Public,ANDERSON,Woodland Elementary,81,81,0,0,0,0,0
2019,Public,BLOUNT,Alcoa Elementary,163,154,0,4,4,1,0
2019,Public,BLOUNT,Carpenters Elementary School,87,81,0,5,1,0,0
2019,Public,BLOUNT,Eagleton Elementary,78,71,0,0,2,0,5
2019,Public,BLOUNT,Fairview Elementary,62,60,0,1,1,0,0
2019,Public,BLOUNT,Friendsville Elementary,47,46,0,0,1,0,0
2019,Public,BLOUNT,Mary Blount Elementary,90,85,1,1,0,0,3
2019,Public,BLOUNT,Middlesettlements,68,63,0,2,1,0,2
2019,Public,BLOUNT,Montvale Elementary,71,69,0,2,0,0,0
2019,Public,BLOUNT,Porter Elementary,39,37,0,0,1,1,0
2019,Public,BLOUNT,Rockford Elementary,61,54,2,0,0,0,5
2019,Public,BLOUNT,Samuel Everett School Of Innovation,8,6,0,1,0,0,1
2019,Public,BLOUNT,Townsend Elementary,20,18,0,1,1,0,0
2019,Public,BLOUNT,Union Grove Elementary School,36,34,0,2,0,0,0
2019,Public,BLOUNT,Walland Elementary School,47,45,0,0,2,0,0
2019,Public,BLOUNT,Foothills Elementary,140,134,0,6,0,0,0
2019,Public,BLOUNT,John Sevier Elementary,140,131,0,3,3,0,3
2019,Public,BLOUNT,Sam Houston Elementary,124,118,0,5,0,1,0
2019,Public,CAMPBELL,Caryville Elementary,79,76,0,2,0,0,1
2019,Public,CAMPBELL,Elk Valley Elementary,11,10,0,0,0,0,0
2019,Public,CAMPBELL,Jacksboro Elementary,85,83,0,0,0,1,1
2019,Public,CAMPBELL,Jellico Elementary,29,29,0,0,0,0,0
2019,Public,CAMPBELL,Lafollette Elementary School,92,90,0,0,1,0,1
2019,Public,CAMPBELL,Valley View Elementary,62,61,0,0,1,0,0
2019,Public,CAMPBELL,White Oak Elementary,12,12,0,0,0,0,0
2019,Public,CAMPBELL,Wynn Habersham Elementary,14,14,0,0,0,0,0
2019,Public,CLAIBORNE,Clairfield Elementary,9,8,0,0,0,0,1
2019,Public,CLAIBORNE,Ellen Myers Primary,58,54,1,1,1,0,1
2019,Public,CLAIBORNE,Forge Ridge School,22,22,0,0,0,0,0
2019,Public,CLAIBORNE,Midway Elementary,39,37,0,1,1,0,0
2019,Public,CLAIBORNE,Powell Valley Elementary,34,33,0,0,0,0,1
2019,Public,CLAIBORNE,Springdale Elementary,46,45,0,0,1,0,0
2019,Public,CLAIBORNE,Tazewell-New Tazewell Elementary,102,96,0,2,2,0,2
2019,Public,COCKE,Bridgeport Elementary,36,35,0,0,1,0,0
2019,Public,COCKE,Centerview Elementary,32,31,0,1,0,0,0
2019,Public,COCKE,Cosby Elementary,41,37,0,4,0,0,0
2019,Public,COCKE,Del Rio Elementary,14,14,0,0,0,0,0
2019,Public,COCKE,Edgemont Elementary,64,63,0,1,0,0,0
2019,Public,COCKE,Grassy Fork Elementary,16,16,0,0,0,0,0
2019,Public,COCKE,Northwest Elementary,46,44,0,2,0,0,0
2019,Public,COCKE,Parrottsville Elementary,56,55,0,0,1,0,0
2019,Public,COCKE,Smoky Mountain Elementary,15,14,0,0,1,0,0
2019,Public,COCKE,Newport Grammar School,88,85,0,1,2,0,0
2019,Public,COCKE,Jones Cove Elementary,9,9,0,0,0,0,0
2019,Public,GRAINGER,Bean Station Elementary,64,64,0,0,0,0,0
2019,Public,GRAINGER,Joppa Elementary,62,60,0,1,1,0,0
2019,Public,GRAINGER,Rutledge Primary,77,76,0,0,0,1,0
2019,Public,GRAINGER,Washburn School,21,21,0,0,0,0,0
2019,Public,HAMBLEN,Alpha Elementary,96,92,0,2,1,1,0
2019,Public,HAMBLEN,Fairview Marguerite,58,58,0,0,0,0,0
2019,Public,HAMBLEN,Hillcrest Elementary,100,98,0,0,1,0,1
2019,Public,HAMBLEN,John Hay Elementary,43,38,0,2,3,0,0
2019,Public,HAMBLEN,Lincoln Heights Elementary,91,83,0,3,5,0,0
2019,Public,HAMBLEN,Manley Elementary,93,90,0,2,1,0,0
2019,Public,HAMBLEN,Russellville Elementary,90,87,0,1,2,0,0
2019,Public,HAMBLEN,Union Heights Elementary,47,43,1,1,0,0,2
2019,Public,HAMBLEN,West Elementary,78,78,0,0,0,0,0
2019,Public,HAMBLEN,Whitesburg Elementary,33,32,0,1,0,0,0
2019,Public,HAMBLEN,Witt Elementary,24,24,0,0,0,0,0
2019,Public,JEFFERSON,Dandridge Elementary,98,94,0,1,1,0,2
2019,Public,JEFFERSON,Jefferson Elementary,64,57,0,3,4,0,0
2019,Public,JEFFERSON,Mount Horeb Elementary School,79,78,0,0,1,0,0
2019,Public,JEFFERSON,New Market Elementary,43,41,0,0,2,0,0
2019,Public,JEFFERSON,Piedmont Elementary,55,52,0,2,1,0,0
2019,Public,JEFFERSON,Talbott Elementary,40,37,0,3,0,0,0
2019,Public,JEFFERSON,White Pine Elementary,83,78,0,4,0,0,1
2019,Public,LOUDON,Lanier Elementary,61,57,0,3,0,1,0
2019,Public,LOUDON,Lenoir City Elementary,127,117,1,3,1,0,5
2019,Public,LOUDON,Eaton Elementary,130,124,0,2,4,0,0
2019,Public,LOUDON,Greenback School,47,47,0,0,0,0,0
2019,Public,LOUDON,Highland Park Elementary,79,75,0,3,1,0,0
2019,Public,LOUDON,Loudon Elementary,98,94,0,1,2,1,0
2019,Public,LOUDON,Philadelphia Elementary,50,50,0,0,0,0,0
2019,Public,LOUDON,Steekee Elementary,37,36,0,1,0,0,0
2019,Public,MONROE,Coker Creek Elementary,9,9,0,0,0,0,0
2019,Public,MONROE,Madisonville Primary,203,194,0,2,1,0,6
2019,Public,MONROE,Rural Vale Elementary,27,27,0,0,0,0,0
2019,Public,MONROE,Tellico Plains Elementary,70,69,0,1,0,0,0
2019,Public,MONROE,Vonore Elementary,60,57,0,2,1,0,0
2019,Public,MONROE,Sweetwater Primary School,131,123,0,3,3,0,2
2019,Public,MORGAN,Norwood Elementary,34,34,0,0,0,0,0
2019,Public,MORGAN,Central Elementary,77,76,0,1,0,0,0
2019,Public,MORGAN,Coalfield School,29,29,0,0,0,0,0
2019,Public,MORGAN,Oakdale School,28,28,0,0,0,0,0
2019,Public,MORGAN,Petros Joyner Elementary,19,16,0,2,1,0,0
2019,Public,MORGAN,Sunbright School,34,31,0,1,1,0,1
2019,Public,MORGAN,Dyllis Springs Elementary,46,44,0,1,1,0,0
2019,Public,ROANE,Pine View Elementary,22,22,0,0,0,0,0
2019,Public,ROANE,Bowers Elementary,95,88,1,1,2,1,2
2019,Public,ROANE,Kingston Elementary,128,125,0,1,0,1,1
2019,Public,ROANE,Midtown Elementary,40,36,0,0,0,0,3
2019,Public,ROANE,Midway Elementary,63,58,0,2,3,0,0
2019,Public,ROANE,Ridge View Elementary,85,84,0,0,1,0,0
2019,Public,SCOTT,Oneida Elementary,95,94,0,1,0,0,0
2019,Public,SCOTT,Burchfield Elementary,59,57,0,0,1,0,1
2019,Public,SCOTT,Fairview Elementary,39,38,0,0,1,0,0
2019,Public,SCOTT,Huntsville Elementary,89,89,0,0,0,0,0
2019,Public,SCOTT,Robbins Elementary,36,32,0,3,1,0,0
2019,Public,SCOTT,Winfield Elementary,26,26,0,0,0,0,0
2019,Public,SEVIER,Prospect Elementary School,70,64,0,4,2,0,0
2019,Public,SEVIER,Boyds Creek Elementary School,76,72,0,2,1,1,0
2019,Public,SEVIER,Catlettsburg Elementary School,111,105,0,2,4,0,0
2019,Public,SEVIER,Catons Chapel Elementary,55,50,0,3,2,0,0
2019,Public,SEVIER,New Center Elementary,81,78,0,0,3,0,0
2019,Public,SEVIER,Northview Elementary,124,114,1,4,0,0,1
2019,Public,SEVIER,Pi Beta Phi Elementary,53,47,0,1,5,0,0
2019,Public,SEVIER,Pigeon Forge Primary,149,136,0,0,11,0,2
2019,Public,SEVIER,Pittman Center Elementary,37,35,0,2,0,0,0
2019,Public,SEVIER,Sevierville Primary,235,217,0,3,15,0,0
2019,Public,SEVIER,Seymour Primary,162,157,0,3,2,0,0
2019,Public,SEVIER,T Lawson Early Childhood Education Center,11,10,0,0,1,0,0
2019,Public,SEVIER,Wearwood Elementary,16,16,0,0,0,0,0
2019,Public,UNION,Big Ridge Elementary,31,28,0,1,0,0,2
2019,Public,UNION,Luttrell Elementary,32,29,2,0,0,0,1
2019,Public,UNION,Maynardville Elementary,44,41,1,0,0,0,2
2019,Public,UNION,Paulette Elementary School,47,42,1,0,0,0,4
2019,Public,UNION,Sharps Chapel Elementary,15,13,1,0,0,0,1
2019,Public,UNION,Tennessee Virtual Academy,104,79,0,22,1,0,2
2019,Public,VAN BUREN,Spencer Elementary,53,51,1,0,0,0,1
2019,Public,VAN BUREN,Eastside Elementary,45,44,0,0,0,1,0
2019,Public,MADISON,South Gibson County Elementary School,175,165,2,6,1,0,1
2019,Public,MADISON,Alexander Elementary School,60,59,0,0,1,0,0
2019,Public,MADISON,Andrew Jackson Elementary School,82,78,0,0,4,0,0
2019,Public,MADISON,Arlington Elementary School,84,80,0,1,3,0,0
2019,Public,MADISON,Community Montessori School,80,76,0,3,1,0,0
2019,Public,MADISON,Denmark Elementary,68,68,0,0,0,0,0
2019,Public,MADISON,East Elementary School,74,72,1,0,1,0,0
2019,Public,MADISON,Isaac Lane Technology Magnet Elementary,136,126,0,1,8,0,1
2019,Public,MADISON,Lincoln Elementary School,66,60,0,3,3,0,0
2019,Public,MADISON,Pope School,87,81,0,3,3,0,0
2019,Public,MADISON,Rose Hill School,61,57,0,2,2,0,0
2019,Public,MADISON,South Elementary,74,71,0,0,2,0,1
2019,Public,MADISON,Thelma Barker Elementary,125,118,0,3,4,0,0
2019,Public,MADISON,West Tennessee School For Deaf,4,3,0,0,1,0,0
2019,Public,KNOX,Claxton Elementary,56,54,0,1,1,0,0
2019,Public,KNOX,Rush Strong Elementary,54,53,0,1,0,0,0
2019,Public,KNOX,A L Lotts Elementary,147,137,0,4,4,2,0
2019,Public,KNOX,Adrian Burnett Elementary,82,77,0,2,3,0,0
2019,Public,KNOX,Amherst Elementary School,116,110,0,4,2,0,0
2019,Public,KNOX,Ball Camp Elementary,102,100,0,1,1,0,0
2019,Public,KNOX,Bearden Elementary,71,68,0,0,3,0,0
2019,Public,KNOX,Beaumont Elementary/Magnet,98,92,0,3,3,0,0
2019,Public,KNOX,Belle Morris Elementary,70,64,0,1,5,0,0
2019,Public,KNOX,Blue Grass Elementary,78,75,0,2,1,0,0
2019,Public,KNOX,Bonny Kate Elementary,66,58,0,4,3,1,0
2019,Public,KNOX,Brickey Mccloud Elementary,132,123,0,5,4,0,0
2019,Public,KNOX,Carter Elementary,96,94,0,1,0,1,0
2019,Public,KNOX,Cedar Bluff Elementary,178,162,0,7,9,0,0
2019,Public,KNOX,Christenberry Elementary,82,76,0,2,3,1,0
2019,Public,KNOX,Copper Ridge Elementary,71,65,0,3,3,0,0
2019,Public,KNOX,Corryton Elementary,33,32,0,0,0,1,0
2019,Public,KNOX,Dogwood Elementary,88,84,0,2,1,0,1
2019,Public,KNOX,East Knox Elementary,67,65,0,1,1,0,0
2019,Public,KNOX,Emerald Academy,54,53,0,0,1,0,0
2019,Public,KNOX,Fountain City Elementary,61,56,0,4,1,0,0
2019,Public,KNOX,Gap Creek Elementary,19,18,0,1,0,0,0
2019,Public,KNOX,Gibbs Elementary,139,134,0,5,0,0,0
2019,Public,KNOX,Green Magnet Math And Science Academy,53,50,0,0,1,0,2
2019,Public,KNOX,Halls Elementary,98,94,0,3,1,0,0
2019,Public,KNOX,Hardin Valley Elementary,196,189,0,2,5,0,0
2019,Public,KNOX,Inskip Elementary,93,90,0,3,0,0,0
2019,Public,KNOX,Karns Elementary,180,178,0,1,0,0,0
2019,Public,KNOX,Maynard Elementary,24,23,0,1,0,0,0
2019,Public,KNOX,Mooreland Heights Elementary,41,37,0,2,2,0,0
2019,Public,KNOX,Mt Olive Elementary,32,30,0,1,1,0,0
2019,Public,KNOX,New Hopewell Elementary,45,41,0,2,2,0,0
2019,Public,KNOX,Northshore Elementary School,175,167,0,6,2,0,0
2019,Public,KNOX,Norwood Elementary,97,93,0,2,2,0,0
2019,Public,KNOX,Pleasant Ridge Elementary,52,52,0,0,0,0,0
2019,Public,KNOX,Pond Gap Elementary,84,81,0,1,2,0,0
2019,Public,KNOX,Powell Elementary,129,125,0,3,1,0,0
2019,Public,KNOX,Ritta Elementary,88,83,0,2,3,0,0
2019,Public,KNOX,Rocky Hill Elementary,126,121,0,4,1,0,0
2019,Public,KNOX,Sam E. Hill Primary School,82,67,0,0,15,0,0
2019,Public,KNOX,Sarah Moore Greene Magnet Technology Academy,90,87,0,1,2,0,0
2019,Public,KNOX,Sequoyah Elementary,99,90,0,4,5,0,0
2019,Public,KNOX,Shannondale Elementary,60,57,0,3,0,0,0
2019,Public,KNOX,South Knox Elementary,29,29,0,0,0,0,0
2019,Public,KNOX,Spring Hill Elementary,84,81,0,0,3,0,0
2019,Public,KNOX,Sterchi Elementary,71,68,0,1,1,1,0
2019,Public,KNOX,Sunnyview Primary,85,82,0,1,2,0,0
2019,Public,KNOX,West Haven Elementary,55,52,0,2,0,0,1
2019,Public,KNOX,West Hills Elementary,128,114,0,6,7,1,0
2019,Public,KNOX,West View Elementary,29,24,0,1,4,0,0
2019,Public,KNOX,Tennessee Elementary School For Deaf,6,4,0,1,0,0,1
2019,Public,SHELBY,Aspire Coleman,82,70,12,0,0,0,0
2019,Public,SHELBY,Aspire Hanley Elementary,79,75,0,0,2,0,2
2019,Public,SHELBY,Cornerstone Prep - Lester Campus,64,58,3,0,1,0,2
2019,Public,SHELBY,Cornerstone Prep Denver Campus,101,96,0,0,0,0,4
2019,Public,SHELBY,Corning Achievement Elementary,26,24,0,0,0,0,2
2019,Public,SHELBY,Frayser Achievement Elementary,35,28,0,0,0,0,7
2019,Public,SHELBY,Freedom Preparatory Academy Charter Elementary School,93,92,0,1,0,0,0
2019,Public,SHELBY,Georgian Hills Achievement Elementary School,42,32,0,0,1,0,9
2019,Public,SHELBY,Kipp Memphis Academy Elementary,64,52,1,0,0,0,11
2019,Public,SHELBY,Kipp Memphis Preparatory Elementary,79,79,0,0,0,0,0
2019,Public,SHELBY,Libertas School,92,75,0,3,0,0,14
2019,Public,SHELBY,Memphis Scholars Caldwell-Guthrie,70,53,0,0,6,0,11
2019,Public,SHELBY,Memphis Scholars Florida Kansas,41,26,3,0,4,0,7
2019,Public,SHELBY,Promise Academy - Spring Hill,71,68,1,0,1,0,1
2019,Public,SHELBY,Whitney Achievement Elementary School,49,46,0,0,2,0,1
2019,Public,SHELBY,Arlington Elementary,148,141,0,4,1,0,2
2019,Public,SHELBY,Donelson Elementary,147,145,0,2,0,0,0
2019,Public,SHELBY,Altruria Elementary,123,119,0,1,3,0,0
2019,Public,SHELBY,Bartlett Elementary School,95,93,0,2,0,0,0
2019,Public,SHELBY,Bon Lin Elementary School,109,107,0,1,1,0,0
2019,Public,SHELBY,Ellendale Elementary,100,99,0,1,0,0,0
2019,Public,SHELBY,Oak Elementary,127,125,0,1,0,0,1
2019,Public,SHELBY,Rivercrest Elementary,89,85,0,2,2,0,0
2019,Public,SHELBY,Bailey Station Elementary School,120,119,0,0,0,1,0
2019,Public,SHELBY,Collierville Elementary School,131,125,0,1,3,0,2
2019,Public,SHELBY,Crosswind Elementary School,113,111,0,2,0,0,0
2019,Public,SHELBY,Schilling Farms Elementary School,111,110,0,0,0,0,1
2019,Public,SHELBY,Sycamore Elementary School,61,58,1,0,1,1,0
2019,Public,SHELBY,Tara Oaks Elementary School,113,111,0,1,1,0,0
2019,Public,SHELBY,Dogwood Elementary School,110,110,0,0,0,0,0
2019,Public,SHELBY,Farmington Elementary School,110,105,2,0,3,0,0
2019,Public,SHELBY,Forest Hill Elementary School,109,106,0,3,0,0,0
2019,Public,SHELBY,Riverdale Elementary School,134,127,2,2,2,1,0
2019,Public,SHELBY,Lakeland Elementary School,295,286,0,1,6,2,0
2019,Public,SHELBY,E.A. Harrold Elementary School,69,68,0,0,0,0,1
2019,Public,SHELBY,Millington Elementary School,119,113,0,1,3,2,0
2019,Public,SHELBY,A. B. Hill Elementary,65,65,0,0,0,0,0
2019,Public,SHELBY,Alton Elementary,55,53,0,1,1,0,0
2019,Public,SHELBY,Arrow Academy Of Excellence,18,18,0,0,0,0,0
2019,Public,SHELBY,Aspire East Academy,75,72,0,1,2,0,0
2019,Public,SHELBY,Aurora Collegiate Academy,61,61,0,0,0,0,0
2019,Public,SHELBY,Balmoral/Ridgeway Elementary,52,51,0,1,0,0,0
2019,Public,SHELBY,Barret's Chapel Elementary/Middle,32,31,0,0,1,0,0
2019,Public,SHELBY,Belle Forest Community School,160,156,0,3,1,0,0
2019,Public,SHELBY,Berclair Elementary,91,85,0,0,6,0,0
2019,Public,SHELBY,Bethel Grove Elementary,42,42,0,0,0,0,0
2019,Public,SHELBY,Brownsville Road Elementary,84,81,0,1,2,0,0
2019,Public,SHELBY,Bruce Elementary,83,83,0,0,0,0,0
2019,Public,SHELBY,Charjean Elementary,54,51,0,0,3,0,0
2019,Public,SHELBY,Cherokee Elementary,82,70,0,1,5,0,6
2019,Public,SHELBY,Chimneyrock Elementary School,160,158,0,2,0,0,0
2019,Public,SHELBY,Circles Of Success Learning Academy,38,38,0,0,0,0,0
2019,Public,SHELBY,"Compass Community School, Berclair Campus",18,18,0,0,0,0,0
2019,Public,SHELBY,"Compass Community School, Binghampton Campus",16,16,0,0,0,0,0
2019,Public,SHELBY,"Compass Community School, Frayser Campus",12,10,0,0,2,0,0
2019,Public,SHELBY,"Compass Community School, Hickory Hill Campus",25,24,0,0,1,0,0
2019,Public,SHELBY,"Compass Community School, Orange Mound Campus",25,25,0,0,0,0,0
2019,Public,SHELBY,Cordova Elementary,130,120,0,3,7,0,0
2019,Public,SHELBY,Cromwell Elementary,75,71,0,1,3,0,0
2019,Public,SHELBY,Crump Elementary,77,77,0,0,0,0,0
2019,Public,SHELBY,Cummings Elementary/Middle,61,61,0,0,0,0,0
2019,Public,SHELBY,Delano Elementary,48,46,0,2,0,0,0
2019,Public,SHELBY,Dexter Elementary,142,136,0,1,5,0,0
2019,Public,SHELBY,Double Tree Elementary,79,75,0,1,3,0,0
2019,Public,SHELBY,Douglass Elementary/Middle,42,37,0,0,5,0,0
2019,Public,SHELBY,Downtown Elementary,127,123,0,2,2,0,0
2019,Public,SHELBY,Dubois Elementary School Of Entrepreneurship,35,35,0,0,0,0,0
2019,Public,SHELBY,Dunbar Elementary,41,41,0,0,0,0,0
2019,Public,SHELBY,E.E. Jeter Elementary/Middle,37,34,0,1,1,0,1
2019,Public,SHELBY,Egypt Elementary,88,81,0,1,5,1,0
2019,Public,SHELBY,Evans Elementary,93,88,0,0,5,0,0
2019,Public,SHELBY,Ford Road Elementary,77,74,0,0,0,0,3
2019,Public,SHELBY,Fox Meadows Elementary,112,105,0,1,6,0,0
2019,Public,SHELBY,Freedom Preparatory Academy Elementary School,85,80,0,1,4,0,0
2019,Public,SHELBY,Gardenview Elementary,63,61,0,0,2,0,0
2019,Public,SHELBY,Geeter School,43,39,0,1,3,0,0
2019,Public,SHELBY,Germanshire Elementary,109,107,0,0,2,0,0
2019,Public,SHELBY,Germantown Elementary,87,85,0,0,2,0,0
2019,Public,SHELBY,Getwell Elementary,82,71,7,0,4,0,0
2019,Public,SHELBY,Goodlett Elementary,67,62,0,0,5,0,0
2019,Public,SHELBY,Grahamwood Elementary,143,135,0,1,7,0,0
2019,Public,SHELBY,Granville T. Woods Academy Of Innovation Charter School,37,34,0,1,2,0,0
2019,Public,SHELBY,Hamilton School,57,57,0,0,0,0,0
2019,Public,SHELBY,Hawkins Mill Elementary,61,58,0,1,2,0,0
2019,Public,SHELBY,Hickory Ridge Elementary,112,107,0,1,4,0,0
2019,Public,SHELBY,Highland Oaks Elementary,139,136,0,1,2,0,0
2019,Public,SHELBY,Holmes Road Elementary,134,130,0,0,0,0,0
2019,Public,SHELBY,Ida B. Wells Academy Es/Ms,8,8,0,0,0,0,0
2019,Public,SHELBY,Idlewild Elementary,85,84,0,1,0,0,0
2019,Public,SHELBY,J. P. Freeman Elementary/Middle,70,67,0,3,0,0,0
2019,Public,SHELBY,Jackson Elementary,44,42,0,0,2,0,0
2019,Public,SHELBY,Kate Bond Elementary School,122,119,0,1,2,0,0
2019,Public,SHELBY,Keystone Elementary,66,66,0,0,0,0,0
2019,Public,SHELBY,Kingsbury Elementary,89,88,0,0,1,0,0
2019,Public,SHELBY,Kipp Memphis Collegiate Elementary,74,73,0,0,1,0,0
2019,Public,SHELBY,Knight Road Elementary,67,62,0,0,5,0,0
2019,Public,SHELBY,Larose Elementary,32,32,0,0,0,0,0
2019,Public,SHELBY,Leadership Preparatory Charter School,75,71,1,1,2,0,0
2019,Public,SHELBY,Levi Elementary,71,70,0,0,0,0,1
2019,Public,SHELBY,Lowrance Elementary/Middle,95,92,0,1,2,0,0
2019,Public,SHELBY,Lucie E. Campbell Elementary,102,102,0,0,0,0,0
2019,Public,SHELBY,Lucy Elementary,51,49,0,1,1,0,0
2019,Public,SHELBY,Macon-Hall Elementary,198,191,0,4,3,0,0
2019,Public,SHELBY,Magnolia Elementary,60,57,0,0,3,0,0
2019,Public,SHELBY,Memphis Business Academy Elementary School,57,51,0,0,6,0,0
2019,Public,SHELBY,Memphis Business Academy Hickory Hill Elementary School,48,46,0,0,2,0,0
2019,Public,SHELBY,Memphis College Preparatory,44,44,0,0,0,0,0
2019,Public,SHELBY,Memphis Delta Preparatory,71,64,2,0,5,0,0
2019,Public,SHELBY,Memphis Merit Academy,84,82,0,1,0,1,0
2019,Public,SHELBY,Memphis School Of Excellence Elementary,43,40,0,1,2,0,0
2019,Public,SHELBY,Memphis Stem Academy,50,45,0,4,1,0,0
2019,Public,SHELBY,Newberry Elementary,82,67,8,2,4,0,0
2019,Public,SHELBY,Northaven Elementary,48,42,0,0,4,0,2
2019,Public,SHELBY,Oak Forest Elementary,74,72,0,0,2,0,0
2019,Public,SHELBY,Oakhaven Elementary,92,86,0,0,6,0,0
2019,Public,SHELBY,Oakshire Elementary,67,65,0,0,2,0,0
2019,Public,SHELBY,Peabody Elementary,67,65,0,0,1,1,0
2019,Public,SHELBY,Perea Elementary School,69,68,0,1,0,0,0
2019,Public,SHELBY,Power Center Academy Elementary - Southeast,54,52,0,0,2,0,0
2019,Public,SHELBY,Power Center Academy Elementary School,138,135,0,3,0,0,0
2019,Public,SHELBY,Promise Academy,50,48,0,0,2,0,0
2019,Public,SHELBY,Raleigh-Bartlett Meadows Elementary,85,82,0,1,2,0,0
2019,Public,SHELBY,Richland Elementary,174,171,0,0,3,0,0
2019,Public,SHELBY,Riverview Elementary/Middle,23,21,0,0,2,0,0
2019,Public,SHELBY,Riverwood Elementary School,135,130,0,2,3,0,0
2019,Public,SHELBY,Robert R. Church Elementary,98,93,0,0,4,0,0
2019,Public,SHELBY,Ross Elementary,96,94,0,2,0,0,0
2019,Public,SHELBY,Rozelle Elementary,36,36,0,0,0,0,0
2019,Public,SHELBY,Scenic Hills Elementary,55,54,0,1,0,0,0
2019,Public,SHELBY,Sea Isle Elementary,80,77,0,1,2,0,0
2019,Public,SHELBY,Shady Grove Elementary,61,57,0,0,4,0,0
2019,Public,SHELBY,Sharpe Elementary,48,40,0,0,8,0,0
2019,Public,SHELBY,Sheffield Elementary,114,95,0,1,18,0,0
2019,Public,SHELBY,Shelby Oaks Elementary,131,118,0,1,7,0,0
2019,Public,SHELBY,Sherwood Elementary,96,90,0,1,5,0,0
2019,Public,SHELBY,Shrine School,13,13,0,0,0,0,0
2019,Public,SHELBY,Snowden Elementary/Middle,83,80,0,1,2,0,0
2019,Public,SHELBY,South Park Elementary,77,71,0,0,4,0,2
2019,Public,SHELBY,Southern Avenue Charter School Of Academic Excellence  Creative Arts,67,64,0,3,0,0,0
2019,Public,SHELBY,Southwind Elementary,102,97,0,2,3,0,0
2019,Public,SHELBY,Springdale Elementary,46,46,0,0,0,0,0
2019,Public,SHELBY,Star Academy,48,46,0,1,1,0,0
2019,Public,SHELBY,Treadwell Elementary,132,119,0,0,13,0,0
2019,Public,SHELBY,Vision Preparatory Charter School,75,72,0,1,2,0,0
2019,Public,SHELBY,Vollentine Elementary,48,44,0,1,3,0,0
2019,Public,SHELBY,Wells Station Elementary,117,98,0,1,18,0,0
2019,Public,SHELBY,Westhaven Elementary,145,140,0,0,5,0,0
2019,Public,SHELBY,Westside Elementary,47,41,0,1,5,0,0
2019,Public,SHELBY,White Station Elementary,124,120,0,0,4,0,0
2019,Public,SHELBY,Whitehaven Elementary,57,54,0,2,1,0,0
2019,Public,SHELBY,William Herbert Brewster Elementary School,82,79,0,0,3,0,0
2019,Public,SHELBY,Willow Oaks Elementary,88,81,0,0,7,0,0
2019,Public,SHELBY,Winchester Elementary,84,74,0,0,10,0,0
2019,Public,SHELBY,Winridge Elementary,85,81,0,0,4,0,0
2019,Public,CHEATHAM,Ashland City Elementary,68,68,0,0,0,0,0
2019,Public,CHEATHAM,East Cheatham Elementary,91,87,0,1,2,1,0
2019,Public,CHEATHAM,Kingston Springs Elementary,70,69,0,1,0,0,0
2019,Public,CHEATHAM,Pegram Elementary Fine Arts Magnet School,59,57,0,1,1,0,0
2019,Public,CHEATHAM,Pleasant View Elementary,102,100,0,1,1,0,0
2019,Public,CHEATHAM,West Cheatham Elementary,68,67,0,0,1,0,0
2019,Public,DICKSON,Centennial Elementary,79,77,0,1,1,0,0
2019,Public,DICKSON,Charlotte Elementary,91,83,0,2,2,0,1
2019,Public,DICKSON,Dickson Elementary,39,37,0,1,1,0,0
2019,Public,DICKSON,New Directions Academy,3,3,0,0,0,0,0
2019,Public,DICKSON,Oakmont Elementary,70,66,0,2,2,0,0
2019,Public,DICKSON,Stuart Burns Elementary,113,111,0,2,0,0,0
2019,Public,DICKSON,Sullivan Central Elementary School,59,58,0,1,0,0,0
2019,Public,DICKSON,The Discovery School,38,37,0,1,0,0,0
2019,Public,DICKSON,Vanleer Elementary,38,35,0,3,0,0,0
2019,Public,DICKSON,White Bluff Elementary,67,66,0,0,1,0,0
2019,Public,HOUSTON,Erin Elementary,70,67,0,1,2,0,0
2019,Public,HOUSTON,Tennessee Ridge Elementary,24,24,0,0,0,0,0
2019,Public,HUMPHREYS,Lakeview Elementary,31,28,0,2,0,1,0
2019,Public,HUMPHREYS,Mc Ewen Elementary,70,69,0,1,0,0,0
2019,Public,HUMPHREYS,Waverly Elementary,123,119,0,3,0,1,0
2019,Public,MONTGOMERY,Barkers Mill Elementary,176,165,0,8,1,0,0
2019,Public,MONTGOMERY,Barksdale Elementary,131,125,0,3,3,0,0
2019,Public,MONTGOMERY,Byrns Darden Elementary,102,99,0,0,2,0,0
2019,Public,MONTGOMERY,Carmel Elementary,94,85,0,5,4,0,0
2019,Public,MONTGOMERY,Cumberland Heights Elementary,105,99,0,4,2,0,0
2019,Public,MONTGOMERY,East Montgomery Elementary,101,97,0,4,0,0,0
2019,Public,MONTGOMERY,Glenellen Elementary,211,202,0,5,4,0,0
2019,Public,MONTGOMERY,Hazelwood Elementary,158,146,0,4,6,1,0
2019,Public,MONTGOMERY,Kenwood Elementary,124,117,0,2,4,1,0
2019,Public,MONTGOMERY,Liberty Elementary,167,157,0,4,5,0,1
2019,Public,MONTGOMERY,Minglewood Elementary,118,111,0,2,5,0,0
2019,Public,MONTGOMERY,Montgomery Central Elementary,80,71,0,6,3,0,0
2019,Public,MONTGOMERY,Moore Magnet Elementary,94,86,0,5,3,0,0
2019,Public,MONTGOMERY,Norman Smith Elementary,95,90,0,1,4,0,0
2019,Public,MONTGOMERY,Northeast Elementary,137,131,0,2,4,0,0
2019,Public,MONTGOMERY,Oakland Elementary,182,175,1,4,1,0,0
2019,Public,MONTGOMERY,Pisgah Elementary,149,142,0,7,0,0,0
2019,Public,MONTGOMERY,Ringgold Elementary,144,135,1,3,5,0,0
2019,Public,MONTGOMERY,Rossview Elementary,186,173,0,6,7,0,0
2019,Public,MONTGOMERY,Sango Elementary,136,130,0,4,2,0,0
2019,Public,MONTGOMERY,St. Bethlehem Elementary,144,142,0,2,0,0,0
2019,Public,MONTGOMERY,West Creek Elementary,139,130,0,6,3,0,0
2019,Public,MONTGOMERY,Woodlawn Elementary,127,123,0,2,2,0,0
2019,Public,ROBERTSON,Coopertown Elementary,73,72,0,1,0,0,0
2019,Public,ROBERTSON,Crestview Elementary School,133,126,0,2,3,0,2
2019,Public,ROBERTSON,East Robertson Elementary,77,75,0,0,2,0,0
2019,Public,ROBERTSON,Greenbrier Elementary,99,98,0,1,0,0,0
2019,Public,ROBERTSON,Jo Byrns Elementary School,49,48,0,1,0,0,0
2019,Public,ROBERTSON,Krisle Elementary,58,53,0,0,5,0,0
2019,Public,ROBERTSON,Robert F. Woodall Elementary,136,130,0,4,2,0,0
2019,Public,ROBERTSON,Tennessee Connections Academy K-8,52,36,2,6,4,0,4
2019,Public,ROBERTSON,Watauga Elementary,61,57,0,3,1,0,0
2019,Public,ROBERTSON,Westside Elementary,108,100,2,0,6,0,0
2019,Public,ROBERTSON,Harold B. Williams Elementary School,145,143,0,2,0,0,0
2019,Public,RUTHERFORD,West Side Elementary,35,31,0,3,1,0,0
2019,Public,RUTHERFORD,Black Fox Elementary,118,114,0,3,1,0,0
2019,Public,RUTHERFORD,Bradley Academy - An Arts Integrated School,62,58,0,2,1,0,1
2019,Public,RUTHERFORD,Cason Lane Academy,87,83,0,2,2,0,0
2019,Public,RUTHERFORD,Discovery School,61,59,0,1,0,1,0
2019,Public,RUTHERFORD,Erma Siegel Elementary,111,102,0,9,0,0,0
2019,Public,RUTHERFORD,Hobgood Elementary,84,79,0,2,3,0,0
2019,Public,RUTHERFORD,John Pittard Elementary,119,114,0,3,2,0,0
2019,Public,RUTHERFORD,Mitchell-Neilson Elementary,104,103,0,0,1,0,0
2019,Public,RUTHERFORD,Northfield Elementary,109,105,0,3,0,1,0
2019,Public,RUTHERFORD,Overall Creek Elementary,136,129,0,6,0,1,0
2019,Public,RUTHERFORD,Reeves-Rogers Elementary,74,67,0,5,1,1,0
2019,Public,RUTHERFORD,Salem Elementary School,182,176,0,5,0,1,0
2019,Public,RUTHERFORD,Scales Elementary School,158,155,0,3,0,0,0
2019,Public,RUTHERFORD,Barfield Elementary,136,123,0,9,3,1,0
2019,Public,RUTHERFORD,Blackman Elementary School,151,147,0,3,1,0,0
2019,Public,RUTHERFORD,Brown's Chapel Elementary School,130,124,0,4,2,0,0
2019,Public,RUTHERFORD,Buchanan Elementary,81,80,0,0,1,0,0
2019,Public,RUTHERFORD,Cedar Grove Elementary,119,115,0,1,3,0,0
2019,Public,RUTHERFORD,Christiana Elementary,136,128,0,4,4,0,0
2019,Public,RUTHERFORD,David Youree Elementary,135,131,0,3,0,1,0
2019,Public,RUTHERFORD,Eagleville School,48,47,0,1,0,0,0
2019,Public,RUTHERFORD,Homer Pittard Campus School,40,39,0,1,0,0,0
2019,Public,RUTHERFORD,John Colemon Elementary,105,100,0,2,3,0,0
2019,Public,RUTHERFORD,Kittrell Elementary,55,53,0,2,0,0,0
2019,Public,RUTHERFORD,Lascassas Elementary,120,111,0,5,4,0,0
2019,Public,RUTHERFORD,Lavergne Lake Elementary School,156,150,0,1,4,1,0
2019,Public,RUTHERFORD,Lavergne Primary,215,203,0,0,12,0,0
2019,Public,RUTHERFORD,Mcfadden School Of Excellence,60,58,0,2,0,0,0
2019,Public,RUTHERFORD,Rock Springs Elementary,167,160,0,3,4,0,0
2019,Public,RUTHERFORD,Rockvale Elementary,189,180,1,6,2,0,0
2019,Public,RUTHERFORD,Rocky Fork Elementary School,150,143,0,4,3,0,0
2019,Public,RUTHERFORD,Smyrna Elementary,141,121,1,0,15,0,4
2019,Public,RUTHERFORD,Smyrna Primary,87,86,0,0,1,0,0
2019,Public,RUTHERFORD,Stewarts Creek Elementary School,171,166,0,3,2,0,0
2019,Public,RUTHERFORD,Stewartsboro Elementary,96,95,0,0,1,0,0
2019,Public,RUTHERFORD,Thurman Francis Arts Academy/Magnet School For The Arts,57,53,0,2,0,2,0
2019,Public,RUTHERFORD,Walter Hill Elementary,55,51,0,2,2,0,0
2019,Public,RUTHERFORD,Wilson Elementary School,151,140,0,4,6,1,0
2019,Public,STEWART,Dover Elementary,76,75,0,1,0,0,0
2019,Public,STEWART,North Stewart Elementary,66,65,0,1,0,0,0
2019,Public,SUMNER,Westside Elementary,65,63,0,2,0,0,0
2019,Public,SUMNER,Beech Elementary,80,77,0,3,0,0,0
2019,Public,SUMNER,Benny C. Bills Elementary School,143,134,0,6,2,0,1
2019,Public,SUMNER,Bethpage Elementary,47,45,0,1,1,0,0
2019,Public,SUMNER,Clyde Riggs Elementary,47,46,0,0,0,0,1
2019,Public,SUMNER,Dr. William Burrus Elementary At Drakes Creek,98,96,0,2,0,0,0
2019,Public,SUMNER,Gene W. Brown Elementary,68,67,0,1,0,0,0
2019,Public,SUMNER,George A Whitten Elementary,67,65,0,1,1,0,0
2019,Public,SUMNER,Guild Elementary,116,109,0,0,5,0,2
2019,Public,SUMNER,Howard Elementary,105,100,0,4,0,0,1
2019,Public,SUMNER,Indian Lake Elementary,79,77,0,1,1,0,0
2019,Public,SUMNER,J W Wiseman Elementary,60,53,0,3,4,0,0
2019,Public,SUMNER,Jack Anderson Elementary,138,130,2,6,0,0,0
2019,Public,SUMNER,Lakeside Park Elementary,57,52,0,1,1,0,3
2019,Public,SUMNER,Merrol Hyde Magnet School,40,34,0,5,0,1,0
2019,Public,SUMNER,Nannie Berry Elementary,98,92,0,5,1,0,0
2019,Public,SUMNER,North Sumner Elementary,33,32,0,0,1,0,0
2019,Public,SUMNER,Oakmont Elementary,21,20,0,1,0,0,0
2019,Public,SUMNER,Portland Gateview Elementary School,88,87,0,0,1,0,0
2019,Public,SUMNER,Station Camp Elementary,166,159,0,6,1,0,0
2019,Public,SUMNER,Union Elementary School,78,75,0,3,0,0,0
2019,Public,SUMNER,Vena Stuart Elementary,137,130,0,1,1,0,0
2019,Public,SUMNER,Walton Ferry Elementary,78,72,0,3,2,0,0
2019,Public,SUMNER,Watt Hardison Elementary,54,54,0,0,0,0,0
2019,Public,SUMNER,Westmoreland Elementary,72,70,0,2,0,0,0
2019,Public,TROUSDALE,Trousdale Co Elementary,103,100,0,0,1,0,2
2019,Public,WILLIAMSON,Granbery Elementary,142,139,0,3,0,0,0
2019,Public,WILLIAMSON,Franklin Elementary,86,83,0,2,1,0,0
2019,Public,WILLIAMSON,Johnson Elementary,72,68,0,3,1,0,0
2019,Public,WILLIAMSON,Liberty Elementary,91,80,0,7,4,0,0
2019,Public,WILLIAMSON,Moore Elementary,113,106,0,6,1,0,0
2019,Public,WILLIAMSON,Poplar Grove K-4,59,53,0,2,3,1,0
2019,Public,WILLIAMSON,Bethesda Elementary,68,60,0,5,3,0,0
2019,Public,WILLIAMSON,Clovercroft Elementary School,129,121,0,6,1,0,0
2019,Public,WILLIAMSON,College Grove Elementary,90,83,0,5,2,0,0
2019,Public,WILLIAMSON,Creekside Elementary School,109,108,0,0,0,1,0
2019,Public,WILLIAMSON,Crockett Elementary,91,87,0,4,0,0,0
2019,Public,WILLIAMSON,Edmondson Elementary,110,106,0,2,1,1,0
2019,Public,WILLIAMSON,Fairview Elementary,82,80,0,1,1,0,0
2019,Public,WILLIAMSON,Grassland Elementary,77,73,0,4,0,0,0
2019,Public,WILLIAMSON,Heritage Elementary,105,92,0,9,2,2,0
2019,Public,WILLIAMSON,Hillsboro Elementary/ Middle School,23,17,0,4,2,0,0
2019,Public,WILLIAMSON,Hunters Bend Elementary,67,65,0,1,0,1,0
2019,Public,WILLIAMSON,Jordan Elementary School,63,60,0,3,0,0,0
2019,Public,WILLIAMSON,Kenrose Elementary,129,124,0,1,4,0,0
2019,Public,WILLIAMSON,Lipscomb Elementary,94,90,0,3,1,0,0
2019,Public,WILLIAMSON,Mill Creek Elementary School,108,105,0,3,0,0,0
2019,Public,WILLIAMSON,Nolensville Elementary,150,143,0,4,3,0,0
2019,Public,WILLIAMSON,Oak View Elem School,72,66,0,4,0,2,0
2019,Public,WILLIAMSON,Pearre Creek Elementary School,105,96,0,6,2,1,0
2019,Public,WILLIAMSON,Scales Elementary,110,106,0,4,0,0,0
2019,Public,WILLIAMSON,Sunset Elementary School,94,88,0,4,1,1,0
2019,Public,WILLIAMSON,Thompson's Station Elementary School,132,128,0,2,1,1,0
2019,Public,WILLIAMSON,Trinity Elementary,143,137,1,2,1,0,2
2019,Public,WILLIAMSON,Walnut Grove Elementary,75,75,0,0,0,0,0
2019,Public,WILLIAMSON,Westwood Elementary School,76,74,0,1,1,0,0
2019,Public,WILLIAMSON,Winstead Elementary School,100,97,0,3,0,0,0
2019,Public,WILSON,Auburn Elementary,13,11,0,2,0,0,0
2019,Public,WILSON,Byars Dowdy Elementary,100,95,0,0,4,0,0
2019,Public,WILSON,Castle Heights Elementary,107,101,0,2,4,0,0
2019,Public,WILSON,Coles Ferry Elementary,107,102,0,3,2,0,0
2019,Public,WILSON,Sam Houston Elementary,103,101,0,0,2,0,0
2019,Public,WILSON,Carroll Oakland Elementary,83,82,0,1,0,0,0
2019,Public,WILSON,Elzie D Patton Elementary School,74,70,0,1,3,0,0
2019,Public,WILSON,Gladeville Elementary,126,120,0,4,2,0,0
2019,Public,WILSON,Lakeview Elementary School,103,99,0,2,2,0,0
2019,Public,WILSON,Mt. Juliet Elementary,86,82,0,4,0,0,0
2019,Public,WILSON,Rutland Elementary,199,191,0,5,3,0,0
2019,Public,WILSON,Southside Elementary,76,74,0,0,2,0,0
2019,Public,WILSON,Springdale Elementary School,121,119,0,2,0,0,0
2019,Public,WILSON,Stoner Creek Elementary,104,102,0,2,0,0,0
2019,Public,WILSON,Tuckers Crossroads Elementary,48,44,0,2,2,0,0
2019,Public,WILSON,W A Wright Elementary,74,68,0,3,3,0,0
2019,Public,WILSON,Watertown Elementary,91,88,0,2,1,0,0
2019,Public,WILSON,West Elementary,140,134,0,4,1,1,0
2019,Public,DAVIDSON,A. Z. Kelley Elementary,153,144,0,3,5,0,1
2019,Public,DAVIDSON,Alex Green Elementary,42,36,1,1,0,0,4
2019,Public,DAVIDSON,Amqui Elementary,85,75,2,1,5,0,2
2019,Public,DAVIDSON,Andrew Jackson Elementary,92,88,0,3,1,0,0
2019,Public,DAVIDSON,Bellshire Elementary,60,60,0,0,0,0,0
2019,Public,DAVIDSON,Buena Vista Elementary,30,30,0,0,0,0,0
2019,Public,DAVIDSON,Cane Ridge Elementary,111,105,1,2,3,0,0
2019,Public,DAVIDSON,Carter-Lawrence Elementary,42,38,2,1,0,0,1
2019,Public,DAVIDSON,Chadwell Elementary,68,57,0,2,8,0,0
2019,Public,DAVIDSON,Charlotte Park Elementary,92,79,0,0,13,0,0
2019,Public,DAVIDSON,Cockrill Elementary,59,55,1,1,2,0,0
2019,Public,DAVIDSON,Cole Elementary,141,127,0,1,5,0,7
2019,Public,DAVIDSON,Crieve Hall Elementary,104,98,0,4,2,0,0
2019,Public,DAVIDSON,Cumberland Elementary,58,53,1,1,1,0,1
2019,Public,DAVIDSON,Dan Mills Elementary,103,93,0,6,2,1,0
2019,Public,DAVIDSON,Dodson Elementary,60,55,1,0,3,0,0
2019,Public,DAVIDSON,Dupont Elementary,61,57,0,2,1,0,0
2019,Public,DAVIDSON,Eagle View Elementary School,105,102,0,1,2,0,0
2019,Public,DAVIDSON,Eakin Elementary,112,106,0,2,4,0,0
2019,Public,DAVIDSON,East End Preparatory School,112,111,0,1,0,0,0
2019,Public,DAVIDSON,Explore Community School,98,85,5,8,0,0,0
2019,Public,DAVIDSON,Fall-Hamilton Elementary,49,44,4,0,0,0,0
2019,Public,DAVIDSON,Gateway Elementary,36,32,0,0,1,0,3
2019,Public,DAVIDSON,Glencliff Elementary,119,110,0,1,6,0,2
2019,Public,DAVIDSON,Glendale Elementary,96,94,0,1,0,1,0
2019,Public,DAVIDSON,Glengarry Elementary,68,56,0,0,12,0,0
2019,Public,DAVIDSON,Glenview Elementary,136,120,0,0,16,0,0
2019,Public,DAVIDSON,Goodlettsville Elementary,68,63,0,1,3,0,1
2019,Public,DAVIDSON,Gower Elementary,130,126,0,1,2,0,1
2019,Public,DAVIDSON,Harpeth Valley Elementary,146,140,0,5,1,0,0
2019,Public,DAVIDSON,Harris-Hillman Special Education,2,2,0,0,0,0,0
2019,Public,DAVIDSON,Hattie Cotton Elementary,46,37,2,3,1,0,3
2019,Public,DAVIDSON,Haywood Elementary,109,94,0,0,15,0,0
2019,Public,DAVIDSON,Henry C. Maxwell Elementary,111,108,0,0,1,1,1
2019,Public,DAVIDSON,Hermitage Elementary,55,47,0,2,2,1,3
2019,Public,DAVIDSON,Hickman Elementary,74,71,0,1,1,0,0
2019,Public,DAVIDSON,Hull-Jackson Elementary,72,71,0,1,0,0,0
2019,Public,DAVIDSON,Ida B. Wells Elementary,51,46,0,0,0,0,5
2019,Public,DAVIDSON,Inglewood Elementary,33,32,0,1,0,0,0
2019,Public,DAVIDSON,J. E. Moss Elementary,121,115,0,0,3,0,2
2019,Public,DAVIDSON,Joelton Elementary,49,48,0,1,0,0,0
2019,Public,DAVIDSON,John B. Whitsitt Elementary,82,76,5,0,1,0,0
2019,Public,DAVIDSON,Jones Elementary,31,31,0,0,0,0,0
2019,Public,DAVIDSON,Julia Green Elementary,98,95,0,1,2,0,0
2019,Public,DAVIDSON,Kipp Academy Nashville Elementary School,79,74,1,2,2,0,0
2019,Public,DAVIDSON,Kipp Nashville College Prep Elementary,84,83,0,0,0,0,1
2019,Public,DAVIDSON,Lakeview Elementary,104,94,7,0,1,0,1
2019,Public,DAVIDSON,Lockeland Elementary,61,59,0,2,0,0,0
2019,Public,DAVIDSON,May Werthan Shayne Elementary School,154,138,4,2,0,0,10
2019,Public,DAVIDSON,Mcgavock Elementary,54,51,0,0,2,0,1
2019,Public,DAVIDSON,Mt. View Elementary,131,127,0,1,0,0,0
2019,Public,DAVIDSON,Napier Elementary,45,42,0,1,2,0,0
2019,Public,DAVIDSON,Nashville Classical,70,56,6,4,1,0,3
2019,Public,DAVIDSON,Neely's Bend Elementary,58,56,0,0,2,0,0
2019,Public,DAVIDSON,Norman Binkley Elementary,113,95,0,4,13,0,0
2019,Public,DAVIDSON,Old Center Elementary,56,54,0,2,0,0,0
2019,Public,DAVIDSON,Paragon Mills Elementary,102,94,0,0,2,0,6
2019,Public,DAVIDSON,Park Avenue Elementary,67,61,3,1,1,0,1
2019,Public,DAVIDSON,Pennington Elementary,53,47,0,4,1,0,1
2019,Public,DAVIDSON,Percy Priest Elementary,109,107,0,2,0,0,0
2019,Public,DAVIDSON,Purpose Prep,83,82,0,1,0,0,0
2019,Public,DAVIDSON,Robert Churchwell Elementary,55,52,0,1,2,0,0
2019,Public,DAVIDSON,Robert E. Lillard Elementary,42,38,1,1,0,0,2
2019,Public,DAVIDSON,Rocketship Nashville Northeast Elementary,125,122,2,1,0,0,0
2019,Public,DAVIDSON,Rocketship United,102,102,0,0,0,0,0
2019,Public,DAVIDSON,Rosebank Elementary,75,69,2,4,0,0,0
2019,Public,DAVIDSON,Ruby Major Elementary,86,80,0,2,4,0,0
2019,Public,DAVIDSON,Shwab Elementary,59,48,2,0,1,0,8
2019,Public,DAVIDSON,Smith Springs Elementary School,115,109,1,3,0,0,2
2019,Public,DAVIDSON,Smithson Craighead Academy,53,51,0,0,0,0,2
2019,Public,DAVIDSON,Stanford Elementary,61,58,0,3,0,0,0
2019,Public,DAVIDSON,Stratton Elementary,90,89,0,0,1,0,0
2019,Public,DAVIDSON,Sylvan Park Elementary,90,84,0,5,0,0,1
2019,Public,DAVIDSON,Thomas A. Edison Elementary,153,137,0,0,6,0,10
2019,Public,DAVIDSON,Tom Joy Elementary,72,68,0,0,3,0,1
2019,Public,DAVIDSON,Tulip Grove Elementary,92,89,0,2,1,0,0
2019,Public,DAVIDSON,Tusculum Elementary,157,129,1,0,11,1,15
2019,Public,DAVIDSON,Una Elementary,126,111,0,1,6,0,8
2019,Public,DAVIDSON,Warner Elementary,43,41,0,1,1,0,0
2019,Public,DAVIDSON,Waverly-Belmont Elementary School,95,88,0,5,1,0,1
2019,Public,DAVIDSON,Westmeade Elementary,74,71,0,3,0,0,0
2019,Public,DAVIDSON,Dcs Affiliated Schools,1,1,0,0,0,0,0
2019,Public,DAVIDSON,Madison Creek Elementary,102,100,0,0,0,0,0
2019,Public,DAVIDSON,Millersville Elementary,50,50,0,0,0,0,0
2019,Public,DAVIDSON,Tenn School For Blind,6,5,0,0,0,0,1
2019,Public,DAVIDSON,Tennessee School For The Deaf Nashville,5,4,0,0,0,0,1
2019,Public,DAVIDSON,Kipp Antioch College Prep Elementary,141,140,0,1,0,0,0
2019,Public,CARTER,Cloudland Elementary School,35,35,0,0,0,0,0
2019,Public,CARTER,Hampton Elementary,37,35,0,2,0,0,0
2019,Public,CARTER,Hunter Elementary,52,50,0,2,0,0,0
2019,Public,CARTER,Keenburg Elementary,22,20,0,0,2,0,0
2019,Public,CARTER,Little Milligan,12,12,0,0,0,0,0
2019,Public,CARTER,Unaka Elementary,26,26,0,0,0,0,0
2019,Public,CARTER,Valley Forge Elementary,33,33,0,0,0,0,0
2019,Public,CARTER,East Side Elementary,62,61,0,1,0,0,0
2019,Public,CARTER,Harold Mccormick Elementary,38,36,0,0,2,0,0
2019,Public,CARTER,West Side Elementary,62,59,0,3,0,0,0
2019,Public,GREENE,C Hal Henard Elementary,67,64,0,1,2,0,0
2019,Public,GREENE,Eastview Elementary,66,60,0,2,4,0,0
2019,Public,GREENE,Highland Elementary,19,19,0,0,0,0,0
2019,Public,GREENE,Tusculum View Elementary,59,59,0,0,0,0,0
2019,Public,GREENE,Baileyton Elementary,35,34,0,0,1,0,0
2019,Public,GREENE,Camp Creek Elementary,43,43,0,0,0,0,0
2019,Public,GREENE,Chuckey Elementary,53,50,0,2,1,0,0
2019,Public,GREENE,Debusk Elementary,43,41,0,1,1,0,0
2019,Public,GREENE,Doak Elementary,92,92,0,0,0,0,0
2019,Public,GREENE,Mcdonald Elementary,46,42,0,1,3,0,0
2019,Public,GREENE,Mosheim Elementary,106,98,0,3,2,2,1
2019,Public,GREENE,Nolachuckey Elementary,35,34,0,1,0,0,0
2019,Public,GREENE,Ottway Elementary,26,22,0,3,1,0,0
2019,Public,GREENE,South Central Elementary,20,19,0,0,1,0,0
2019,Public,HANCOCK,Hancock County Elementary,68,67,1,0,0,0,0
2019,Public,HANCOCK,Clinch School,10,8,0,1,1,0,0
2019,Public,HAWKINS,Bulls Gap School,19,18,0,1,0,0,0
2019,Public,HAWKINS,Carter's Valley Elementary,53,53,0,0,0,0,0
2019,Public,HAWKINS,Church Hill Elementary,60,56,0,1,1,0,0
2019,Public,HAWKINS,Joseph Rogers Primary School,92,88,0,0,4,0,0
2019,Public,HAWKINS,Keplar Elementary,15,14,0,1,0,0,0
2019,Public,HAWKINS,Mcpheeter's Bend Elementary,16,15,0,0,1,0,0
2019,Public,HAWKINS,Mooresburg Elementary,21,18,0,0,3,0,0
2019,Public,HAWKINS,Mt Carmel Elementary,49,49,0,0,0,0,0
2019,Public,HAWKINS,St Clair Elementary,24,24,0,0,0,0,0
2019,Public,HAWKINS,Surgoinsville Elementary,53,52,0,1,0,0,0
2019,Public,HAWKINS,Rogersville Elementary,59,56,0,2,0,1,0
2019,Public,JOHNSON,Doe Elementary,27,23,0,1,3,0,0
2019,Public,JOHNSON,Laurel Elementary,11,11,0,0,0,0,0
2019,Public,JOHNSON,Mountain City Elementary,64,63,0,0,0,0,1
2019,Public,JOHNSON,Roan Creek Elementary,46,44,0,0,2,0,0
2019,Public,JOHNSON,Shady Valley Elementary,4,4,0,0,0,0,0
2019,Public,UNICOI,Love Chapel Elementary,51,50,0,1,0,0,0
2019,Public,UNICOI,Rock Creek Elementary,36,34,0,1,1,0,0
2019,Public,UNICOI,Temple Hill Elementary,15,15,0,0,0,0,0
2019,Public,UNICOI,Unicoi Elementary,57,56,0,1,0,0,0
2019,Public,WASHINGTON,Central Elementary,32,31,0,1,0,0,0
2019,Public,WASHINGTON,Happy Valley Elementary,93,91,0,0,2,0,0
2019,Public,WASHINGTON,Cherokee Elementary,80,78,0,2,0,0,0
2019,Public,WASHINGTON,Fairmont Elementary,89,86,1,2,0,0,0
2019,Public,WASHINGTON,Lake Ridge Elementary,108,105,0,1,2,0,0
2019,Public,WASHINGTON,Mountain View Elementary,94,90,0,0,3,0,1
2019,Public,WASHINGTON,North Side Elementary,52,49,0,3,0,0,0
2019,Public,WASHINGTON,South Side Elementary,58,52,0,4,0,2,0
2019,Public,WASHINGTON,Towne Acres Elementary,91,88,1,1,1,0,0
2019,Public,WASHINGTON,Woodland Elementary,74,72,0,1,1,0,0
2019,Public,WASHINGTON,Boones Creek Elementary School,118,115,0,2,1,0,0
2019,Public,WASHINGTON,Fall Branch Elementary,28,27,0,0,1,0,0
2019,Public,WASHINGTON,Grandview Elementary School,74,74,0,0,0,0,0
2019,Public,WASHINGTON,Gray Elementary School,66,64,0,0,0,0,1
2019,Public,WASHINGTON,Jonesborough Elementary,85,83,0,2,0,0,0
2019,Public,WASHINGTON,Lamar Elementary,57,54,0,1,1,0,1
2019,Public,WASHINGTON,Ridgeview Elementary School,66,63,0,2,1,0,0
2019,Public,WASHINGTON,Sulphur Springs Elementary,49,48,0,1,0,0,0
2019,Public,WASHINGTON,University School,20,19,0,1,0,0,0
2019,Public,WASHINGTON,West View School,42,40,1,1,0,0,0
2019,Public,BEDFORD,Cascade Elementary,105,104,0,1,0,0,0
2019,Public,BEDFORD,Community Elementary School,105,100,0,1,3,1,0
2019,Public,BEDFORD,Eakin Elementary,90,78,0,1,11,0,0
2019,Public,BEDFORD,East Side Elementary,63,61,0,0,2,0,0
2019,Public,BEDFORD,Learning Way Elementary,82,79,0,0,3,0,0
2019,Public,BEDFORD,Liberty Elementary,62,61,0,1,0,0,0
2019,Public,BEDFORD,South Side Elementary,64,59,0,0,5,0,0
2019,Public,BEDFORD,Thomas Magnet Elementary School,64,62,0,1,0,1,0
2019,Public,COFFEE,Deerfield Elementary School,41,38,0,0,3,0,0
2019,Public,COFFEE,East Coffee Elementary,40,40,0,0,0,0,0
2019,Public,COFFEE,Hickerson Elementary,30,27,0,3,0,0,0
2019,Public,COFFEE,Hillsboro Elementary,65,64,0,1,0,0,0
2019,Public,COFFEE,New Union Elementary,53,50,0,2,1,0,0
2019,Public,COFFEE,North Coffee Elementary,48,46,0,0,2,0,0
2019,Public,COFFEE,North Lake Elementary,29,26,0,0,2,0,1
2019,Public,COFFEE,College Street Elementary,78,72,0,0,4,1,1
2019,Public,COFFEE,Westwood Elementary,89,85,0,0,4,0,0
2019,Public,COFFEE,Bel Aire Elementary,61,60,0,1,0,0,0
2019,Public,COFFEE,East Lincoln Elementary,75,73,0,0,2,0,0
2019,Public,COFFEE,Jack T Farrar Elementary,63,63,0,0,0,0,0
2019,Public,COFFEE,Robert E Lee Elementary,62,59,0,3,0,0,0
2019,Public,GILES,Elkton Elementary,28,23,0,3,2,0,0
2019,Public,GILES,Minor Hill School,29,28,0,1,0,0,0
2019,Public,GILES,Pulaski Elementary,154,147,0,3,4,0,0
2019,Public,GILES,Richland Elementary,84,84,0,0,0,0,0
2019,Public,HICKMAN,Centerville Elementary,118,113,0,3,2,0,0
2019,Public,HICKMAN,East Hickman Elementary,175,164,0,6,5,0,0
2019,Public,LAWRENCE,David Crockett Elementary,79,73,0,3,1,0,2
2019,Public,LAWRENCE,Ethridge Elementary,64,63,0,1,0,0,0
2019,Public,LAWRENCE,Ingram Sowell Elementary,72,69,0,2,1,0,0
2019,Public,LAWRENCE,Lawrenceburg Public,92,85,0,5,2,0,0
2019,Public,LAWRENCE,Leoma Elementary,61,57,0,3,0,1,0
2019,Public,LAWRENCE,New Prospect Elementary,43,41,0,2,0,0,0
2019,Public,LAWRENCE,South Lawrence Elementary,50,49,0,1,0,0,0
2019,Public,LAWRENCE,Summertown Elementary,80,77,0,2,1,0,0
2019,Public,LEWIS,Lewis County Elementary,141,136,0,4,1,0,0
2019,Public,LEWIS,Hampshire Unit School,36,34,0,2,0,0,0
2019,Public,LINCOLN,Ralph Askins School,102,98,0,1,0,0,3
2019,Public,LINCOLN,Blanche School,31,31,0,0,0,0,0
2019,Public,LINCOLN,Flintville School,41,40,0,0,1,0,0
2019,Public,LINCOLN,Highland Rim School,84,81,0,2,1,0,0
2019,Public,LINCOLN,South Lincoln School,65,61,0,1,3,0,0
2019,Public,LINCOLN,Unity School,34,33,0,1,0,0,0
2019,Public,MARSHALL,Chapel Hill Elementary,149,136,2,10,1,0,0
2019,Public,MARSHALL,Cornersville Elementary,56,56,0,0,0,0,0
2019,Public,MARSHALL,Oak Grove Elementary,182,181,1,0,0,0,0
2019,Public,MAURY,Battle Creek Elementary School,99,93,0,5,1,0,0
2019,Public,MAURY,Culleoka Unit School,57,54,0,1,2,0,0
2019,Public,MAURY,Highland Park Elementary,71,65,0,1,4,0,1
2019,Public,MAURY,J E Woodard Elementary,99,96,0,2,1,0,0
2019,Public,MAURY,J E Woody Elementary,81,79,0,1,1,0,0
2019,Public,MAURY,J. Brown Elementary,60,54,0,2,3,0,0
2019,Public,MAURY,J. R. Baker Elementary,70,67,0,2,1,0,0
2019,Public,MAURY,Marvin Wright Elementary School,94,85,1,5,3,0,0
2019,Public,MAURY,Mcdowell Elementary,58,55,0,2,1,0,0
2019,Public,MAURY,R Howell Elementary,103,95,0,1,0,0,7
2019,Public,MAURY,Riverside Elementary,73,69,0,3,1,0,0
2019,Public,MAURY,Santa Fe Unit School,38,36,0,0,2,0,0
2019,Public,MAURY,Spring Hill Elementary,77,70,0,4,3,0,0
2019,Public,MAURY,Allendale Elementary School,100,97,0,1,2,0,0
2019,Public,MAURY,Chapman's Retreat Elementary,109,105,0,2,2,0,0
2019,Public,MAURY,Longview Elementary School,160,150,0,8,2,0,0
2019,Public,MOORE,Lynchburg Elementary,75,72,0,3,0,0,0
2019,Public,PERRY,Linden Elementary,54,52,0,0,0,0,2
2019,Public,PERRY,Lobelville Elementary,29,29,0,0,0,0,0
2019,Public,WAYNE,Collinwood Elementary,77,74,0,2,0,0,1
2019,Public,WAYNE,Frank Hughes School,18,17,0,1,0,0,0
2019,Public,WAYNE,Waynesboro Elementary,69,63,0,4,1,1,0
2019,Public,BRADLEY,Black Fox Elementary School,83,71,0,5,5,0,2
2019,Public,BRADLEY,Charleston Elementary School,48,39,1,1,1,0,6
2019,Public,BRADLEY,Hopewell Elementary School,69,66,0,2,1,0,0
2019,Public,BRADLEY,Michigan Avenue Elementary School,84,76,0,6,0,0,2
2019,Public,BRADLEY,North Lee Elementary School,68,60,0,6,1,0,0
2019,Public,BRADLEY,Oak Grove Elementary School,53,52,0,1,0,0,0
2019,Public,BRADLEY,Park View Elementary School,66,64,0,1,1,0,0
2019,Public,BRADLEY,Prospect Elementary School,64,61,0,1,1,0,1
2019,Public,BRADLEY,Taylor Elementary School,29,27,0,2,0,0,0
2019,Public,BRADLEY,Valley View Elementary School,53,52,0,0,1,0,0
2019,Public,BRADLEY,Waterville Community Elementary School,102,98,0,3,1,0,0
2019,Public,BRADLEY,Arnold Memorial Elementary,44,42,0,2,0,0,0
2019,Public,BRADLEY,Blythe-Bower Elementary,119,113,0,0,0,0,6
2019,Public,BRADLEY,Candy's Creek Cherokee Elementary School,74,70,1,1,1,0,1
2019,Public,BRADLEY,D.P. Yates Primary,80,78,0,1,1,0,0
2019,Public,BRADLEY,G.R. Stuart Elementary,43,37,0,3,1,0,2
2019,Public,BRADLEY,Mayfield Elementary,83,78,0,0,0,0,5
2019,Public,FRANKLIN,Broadview Elementary,37,37,0,0,0,0,0
2019,Public,FRANKLIN,Clark Memorial School,76,73,0,0,2,1,0
2019,Public,FRANKLIN,Cowan Elementary,33,29,0,1,0,0,3
2019,Public,FRANKLIN,Decherd Elementary,60,59,0,1,0,0,0
2019,Public,FRANKLIN,Huntland School,41,41,0,0,0,0,0
2019,Public,FRANKLIN,Rock Creek Elementary,55,55,0,0,0,0,0
2019,Public,FRANKLIN,Sewanee Elementary,41,40,0,0,1,0,0
2019,Public,GRUNDY,Coalmont Elementary,24,21,1,1,0,0,1
2019,Public,GRUNDY,North Elementary,34,33,0,0,0,0,1
2019,Public,GRUNDY,Palmer Elementary,11,10,1,0,0,0,0
2019,Public,GRUNDY,Pelham Elementary,15,13,0,2,0,0,0
2019,Public,GRUNDY,Swiss Memorial Elementary,17,17,0,0,0,0,0
2019,Public,GRUNDY,Tracy Elementary,34,32,0,1,0,0,1
2019,Public,MARION,Jasper Elementary School,114,114,0,0,0,0,0
2019,Public,MARION,Monteagle Elementary,22,19,0,2,1,0,0
2019,Public,MARION,South Pittsburg Elementary,63,62,0,0,1,0,0
2019,Public,MARION,Whitwell Elementary,94,92,0,1,1,0,0
2019,Public,MARION,Richard Hardy Memorial School,21,20,0,0,1,0,0
2019,Public,MCMINN,City Park Elementary,109,101,0,3,2,0,3
2019,Public,MCMINN,Ingleside Elementary,94,88,1,4,1,0,0
2019,Public,MCMINN,Etowah Elementary,38,37,0,1,0,0,0
2019,Public,MCMINN,Calhoun Elementary,28,28,0,0,0,0,0
2019,Public,MCMINN,E K Baker Elementary,30,30,0,0,0,0,0
2019,Public,MCMINN,Englewood Elementary,68,64,0,3,0,0,1
2019,Public,MCMINN,Mountain View Elementary,65,64,0,1,0,0,0
2019,Public,MCMINN,Niota Elementary,69,68,0,0,0,1,0
2019,Public,MCMINN,Riceville Elementary,62,62,0,0,0,0,0
2019,Public,MCMINN,Rogers Creek Elementary,30,28,0,0,2,0,0
2019,Public,MEIGS,Meigs North Elementary,62,61,0,1,0,0,0
2019,Public,MEIGS,Meigs South Elementary,56,55,0,0,1,0,0
2019,Public,POLK,Benton Elementary,61,58,0,0,0,0,3
2019,Public,POLK,Copper Basin Elementary School,45,41,0,0,1,0,3
2019,Public,POLK,Polk Innovative Learning Academy,1,0,0,1,0,0,0
2019,Public,POLK,South Polk Elementary,57,55,0,0,1,0,1
2019,Public,RHEA,Dayton City Elementary,95,92,0,2,1,0,0
2019,Public,RHEA,Frazier Elementary,51,51,0,0,0,0,0
2019,Public,RHEA,Graysville Elementary School,41,40,0,0,0,0,0
2019,Public,RHEA,Rhea Central Elementary,93,89,0,2,0,0,2
2019,Public,RHEA,Spring City Elementary,104,102,0,0,1,1,0
2019,Public,SEQUATCHIE,Griffith Elementary,148,143,0,4,1,0,0
2019,Public,SULLIVAN,Anderson Elementary,44,43,0,0,1,0,0
2019,Public,SULLIVAN,Avoca Elementary,64,61,0,2,1,0,0
2019,Public,SULLIVAN,Fairmount Elementary,47,47,0,0,0,0,0
2019,Public,SULLIVAN,Haynesfield Elementary,72,67,0,5,0,0,0
2019,Public,SULLIVAN,Holston View Elementary,50,49,0,0,1,0,0
2019,Public,SULLIVAN,Abraham Lincoln Elementary School,59,59,0,0,0,0,0
2019,Public,SULLIVAN,Andrew Jackson Elementary School,64,58,0,0,2,0,4
2019,Public,SULLIVAN,Andrew Johnson Elementary School,83,80,0,2,1,0,0
2019,Public,SULLIVAN,George Washington Elementary School,83,81,0,1,0,0,1
2019,Public,SULLIVAN,John Adams Elementary School,85,81,0,2,2,0,0
2019,Public,SULLIVAN,John F. Kennedy Elementary School,45,41,0,0,2,1,1
2019,Public,SULLIVAN,Theodore Roosevelt Elementary School,56,54,0,0,2,0,0
2019,Public,SULLIVAN,Thomas Jefferson Elementary School,84,82,0,2,0,0,0
2019,Public,SULLIVAN,Blountville Elementary,61,54,0,0,7,0,0
2019,Public,SULLIVAN,Bluff City Elementary,86,81,0,1,3,0,1
2019,Public,SULLIVAN,Central Heights Elementary,34,32,0,0,2,0,0
2019,Public,SULLIVAN,Emmett Elementary,64,63,0,0,1,0,0
2019,Public,SULLIVAN,Holston Elementary,60,58,0,1,1,0,0
2019,Public,SULLIVAN,Indian Springs Elementary,51,49,0,0,2,0,0
2019,Public,SULLIVAN,Ketron Elementary School,94,90,0,0,2,0,2
2019,Public,SULLIVAN,Mary Hughes School,47,46,0,1,0,0,0
2019,Public,SULLIVAN,Miller Perry Elementary,54,54,0,0,0,0,0
2019,Public,SULLIVAN,Rock Springs Elementary,64,60,0,1,0,0,3
2019,Public,SULLIVAN,Sullivan Gardens K-8,24,22,0,0,2,0,0
2019,Public,CANNON,East Side Elementary,15,15,0,0,0,0,0
2019,Public,CANNON,Short Mountain Elementary,22,21,0,0,1,0,0
2019,Public,CANNON,Woodbury Grammar,40,37,0,1,1,0,0
2019,Public,CANNON,Woodland Elementary,30,29,0,1,0,0,0
2019,Public,CLAY,Celina K-8,57,57,0,0,0,0,0
2019,Public,CUMBERLAND,Crab Orchard Elementary,45,43,0,2,0,0,0
2019,Public,CUMBERLAND,Frank P. Brown Elementary,54,51,0,1,2,0,0
2019,Public,CUMBERLAND,Glenn Martin Elementary,83,83,0,0,0,0,0
2019,Public,CUMBERLAND,Homestead Elementary School,68,64,0,3,0,1,0
2019,Public,CUMBERLAND,North Cumberland Elementary,61,60,0,1,0,0,0
2019,Public,CUMBERLAND,Pleasant Hill Elementary,53,51,0,0,2,0,0
2019,Public,CUMBERLAND,South Cumberland Elementary,60,57,0,2,1,0,0
2019,Public,CUMBERLAND,Stone Elementary,74,72,1,0,1,0,0
2019,Public,DEKALB,Dekalb West Elementary,47,46,1,0,0,0,0
2019,Public,DEKALB,Smithville Elementary,176,172,0,0,3,0,0
2019,Public,FENTRESS,Allardt Elementary,34,32,2,0,0,0,0
2019,Public,FENTRESS,Pine Haven Elementary,62,58,1,0,0,0,3
2019,Public,FENTRESS,South Fentress Elementary School,54,46,8,0,0,0,0
2019,Public,FENTRESS,York Elementary,52,35,13,0,0,0,4
2019,Public,JACKSON,Gainesboro Elementary,74,66,5,1,0,0,2
2019,Public,MACON,Hermitage Springs Elementary School,28,28,0,0,0,0,0
2019,Public,MACON,Fairlane Elementary,253,243,0,4,6,0,0
2019,Public,MACON,Red Boiling Springs Elementary,51,50,0,1,0,0,0
2019,Public,OVERTON,A H Roberts Elementary,64,63,0,1,0,0,0
2019,Public,OVERTON,Allons Elementary,27,27,0,0,0,0,0
2019,Public,OVERTON,Hilham Elementary,33,31,0,0,2,0,0
2019,Public,OVERTON,Rickman Elementary,86,86,0,0,0,0,0
2019,Public,OVERTON,Wilson Elementary,17,17,0,0,0,0,0
2019,Public,PICKETT,Pickett County Elementary,49,44,1,4,0,0,0
2019,Public,PUTNAM,Dodson Branch Elementary,26,22,2,1,0,1,0
2019,Public,PUTNAM,Algood Elementary,118,115,0,2,0,0,0
2019,Public,PUTNAM,Baxter Primary,134,126,0,5,1,2,0
2019,Public,PUTNAM,Burks Elementary,62,58,0,0,4,0,0
2019,Public,PUTNAM,Cane Creek Elementary,91,88,0,1,1,0,0
2019,Public,PUTNAM,Capshaw Elementary,103,97,0,4,2,0,0
2019,Public,PUTNAM,Jere Whitson Elementary,65,57,0,0,8,0,0
2019,Public,PUTNAM,Northeast Elementary,93,88,0,3,2,0,0
2019,Public,PUTNAM,Park View Elementary,88,80,0,1,7,0,0
2019,Public,PUTNAM,Prescott South Elementary,93,89,0,1,2,1,0
2019,Public,PUTNAM,Sycamore Elementary,45,45,0,0,0,0,0
2019,Public,SMITH,Carthage Elementary,86,83,0,1,2,0,0
2019,Public,SMITH,Defeated Elementary,30,30,0,0,0,0,0
2019,Public,SMITH,Forks River Elementary,33,31,0,2,0,0,0
2019,Public,SMITH,New Middleton Elementary,98,95,0,1,2,0,0
2019,Public,SMITH,Union Heights Elementary,29,27,0,2,0,0,0
2019,Public,WARREN,Bobby Ray Memorial,78,75,0,0,3,0,0
2019,Public,WARREN,Centertown Elementary,58,58,0,0,0,0,0
2019,Public,WARREN,Dibrell Elementary,32,29,1,1,1,0,0
2019,Public,WARREN,Hickory Creek School,91,91,0,0,0,0,0
2019,Public,WARREN,Irving College Elementary,31,28,2,1,0,0,0
2019,Public,WARREN,Morrison Elementary,44,43,0,1,0,0,0
2019,Public,WARREN,West Elementary,85,80,0,2,2,0,0
2019,Public,WHITE,Bon De Croft Elementary,24,20,0,1,0,0,3
2019,Public,WHITE,Cassville Elementary,39,38,0,1,0,0,0
2019,Public,WHITE,Doyle Elementary,55,52,0,2,0,0,1
2019,Public,WHITE,Findlay Elementary,57,56,0,0,0,0,0
2019,Public,WHITE,Northfield Elementary School,45,45,0,0,0,0,0
2019,Public,WHITE,Woodland Park Elementary,90,79,1,1,7,0,2
2019,Public,BENTON,Big Sandy School,15,15,0,0,0,0,0
2019,Public,BENTON,Camden Elementary,118,115,0,1,1,1,0
2019,Public,BENTON,Holladay Elementary,7,6,0,0,1,0,0
2019,Public,BLEDSOE,Cecil B Rigsby Elementary,21,20,0,0,1,0,0
2019,Public,BLEDSOE,Mary V Wheeler Elementary,20,20,0,0,0,0,0
2019,Public,BLEDSOE,Pikeville Elementary,68,67,0,0,0,0,1
2019,Public,CARROLL,Central Elementary,31,31,0,0,0,0,0
2019,Public,CARROLL,Huntingdon Primary,88,86,0,0,2,0,0
2019,Public,CARROLL,Mckenzie Elementary,99,96,1,1,0,0,1
2019,Public,CARROLL,Clarksburg School,19,19,0,0,0,0,0
2019,Public,CARROLL,West Carroll Primary,72,72,0,0,0,0,0
2019,Public,CHESTER,East Chester Elementary School,133,133,0,0,0,0,0
2019,Public,CHESTER,Jacks Creek Elementary,34,34,0,0,0,0,0
2019,Public,CHESTER,W Chester Elementary School,66,65,0,1,0,0,0
2019,Public,CROCKETT,Alamo Elementary,86,85,0,0,1,0,0
2019,Public,CROCKETT,Bells Elementary,59,55,0,0,1,0,3
2019,Public,CROCKETT,Friendship Elementary,16,16,0,0,0,0,0
2019,Public,CROCKETT,Gadsden Elementary,22,22,0,0,0,0,0
2019,Public,CROCKETT,Maury City Elementary,38,38,0,0,0,0,0
2019,Public,DECATUR,Decaturville Elementary,58,58,0,0,0,0,0
2019,Public,DECATUR,Parsons Elementary,77,74,0,3,0,0,0
2019,Public,DYER,Dyersburg Primary,204,200,0,2,1,1,0
2019,Public,DYER,Fifth Consolidated School,80,78,0,1,1,0,0
2019,Public,DYER,Finley Elementary,40,40,0,0,0,0,0
2019,Public,DYER,Holice Powell Elementary,33,33,0,0,0,0,0
2019,Public,DYER,Newbern Elementary School,83,79,0,3,1,0,0
2019,Public,FAYETTE,Buckley-Carpenter Elementary School,91,90,0,0,0,0,1
2019,Public,FAYETTE,La Grange Moscow Elementary,31,30,0,0,1,0,0
2019,Public,FAYETTE,Oakland Elementary,129,120,2,1,3,0,3
2019,Public,FAYETTE,Southwest Elementary,42,40,0,1,1,0,0
2019,Public,GIBSON,Bradford Elementary,36,34,0,2,0,0,0
2019,Public,GIBSON,Dyer Elementary,50,49,0,0,1,0,0
2019,Public,GIBSON,Kenton Elementary School,17,17,0,0,0,0,0
2019,Public,GIBSON,Rutherford Elementary,22,22,0,0,0,0,0
2019,Public,GIBSON,Spring Hill Elementary,7,6,0,1,0,0,0
2019,Public,GIBSON,Yorkville Elementary,11,11,0,0,0,0,0
2019,Public,GIBSON,Stigall Primary School,106,101,0,3,2,0,0
2019,Public,GIBSON,Milan Elementary,151,147,0,3,1,0,0
2019,Public,GIBSON,Trenton Elementary,93,91,0,1,1,0,0
2019,Public,HARDEMAN,Bolivar Elementary,121,117,0,2,2,0,0
2019,Public,HARDEMAN,Grand Junction Elementary,24,21,0,2,1,0,0
2019,Public,HARDEMAN,Hornsby Elementary,22,22,0,0,0,0,0
2019,Public,HARDEMAN,Middleton Elementary,62,61,0,0,0,1,0
2019,Public,HARDEMAN,Toone Elementary,32,30,0,0,2,0,0
2019,Public,HARDEMAN,Whiteville Elementary,13,12,0,0,1,0,0
2019,Public,HARDIN,East Hardin Elementary,56,51,0,0,4,0,0
2019,Public,HARDIN,Northside Elementary,81,77,0,3,1,0,0
2019,Public,HARDIN,Parris South Elementary,78,77,0,0,1,0,0
2019,Public,HARDIN,Pickwick Southside School,25,23,1,0,1,0,0
2019,Public,HAYWOOD,Anderson Early Childhood,217,196,1,2,0,0,18
2019,Public,HENDERSON,Bargerton Elementary,25,24,0,1,0,0,0
2019,Public,HENDERSON,Beaver Elementary,32,32,0,0,0,0,0
2019,Public,HENDERSON,Pin Oak Elementary,51,50,0,0,0,0,0
2019,Public,HENDERSON,Scotts Hill Elementary,32,32,0,0,0,0,0
2019,Public,HENDERSON,South Haven Elementary,35,34,0,0,0,0,1
2019,Public,HENDERSON,South Side Elementary,33,31,0,2,0,0,0
2019,Public,HENDERSON,Westover Elementary,68,68,0,0,0,0,0
2019,Public,HENDERSON,Paul G. Caywood Elementary,111,106,0,3,0,0,2
2019,Public,HENRY,Dorothy And Noble Harrelson School,42,42,0,0,0,0,0
2019,Public,HENRY,Henry Elementary,34,32,0,1,1,0,0
2019,Public,HENRY,Lakewood Elementary,77,75,0,1,1,0,0
2019,Public,HENRY,W G Rhea Elementary,176,167,0,3,5,1,0
2019,Public,LAKE,Margaret Newton Elementary,49,47,0,0,2,0,0
2019,Public,LAUDERDALE,Halls Elementary School,80,78,0,1,1,0,0
2019,Public,LAUDERDALE,Ripley Primary,179,175,0,1,3,0,0
2019,Public,MCNAIRY,West Hardin Elementary,31,31,0,0,0,0,0
2019,Public,MCNAIRY,Adamsville Elementary,90,86,0,2,1,0,1
2019,Public,MCNAIRY,Bethel Springs Elementary,57,55,0,2,0,0,0
2019,Public,MCNAIRY,Michie Elementary,37,36,0,0,1,0,0
2019,Public,MCNAIRY,Ramer Elementary,43,41,0,1,1,0,0
2019,Public,MCNAIRY,Selmer Elementary,83,79,0,1,3,0,0
2019,Public,OBION,Trimble Elementary,23,22,0,1,0,0,0
2019,Public,OBION,Black Oak Elementary,17,17,0,0,0,0,0
2019,Public,OBION,Hillcrest Elementary,66,65,0,0,0,0,1
2019,Public,OBION,Lake Road Elementary,55,54,0,1,0,0,0
2019,Public,OBION,Ridgemont Elementary,29,28,0,0,1,0,0
2019,Public,OBION,South Fulton Elementary,51,48,1,1,1,0,0
2019,Public,OBION,Union City Elementary School,112,109,0,2,0,0,1
2019,Public,TIPTON,Atoka Elementary School,157,157,0,0,0,0,0
2019,Public,TIPTON,Austin Peay Elementary School,78,77,0,1,0,0,0
2019,Public,TIPTON,Brighton Elementary,108,104,0,4,0,0,0
2019,Public,TIPTON,Covington Integrated Arts Academy,64,64,0,0,0,0,0
2019,Public,TIPTON,Crestview Elementary,138,137,0,0,0,1,0
2019,Public,TIPTON,Drummonds Elementary,108,105,0,3,0,0,0
2019,Public,TIPTON,Munford Elementary,117,114,0,1,2,0,0
2019,Public,WEAKLEY,Dresden Elementary,107,102,1,2,2,0,0
2019,Public,WEAKLEY,Gleason School,37,37,0,0,0,0,0
2019,Public,WEAKLEY,Greenfield School,37,37,0,0,0,0,0
2019,Public,WEAKLEY,Martin Primary,124,119,0,2,2,0,1
2019,Public,WEAKLEY,Sharon School,20,20,0,0,0,0,0
2019,Private,ANDERSON,St. Mary's Catholic School,21,18,2,1,0,0,0
2019,Private,BEDFORD,Victory Baptist Academy,17,17,0,0,0,0,0
2019,Private,BLOUNT,Clayton-Bradley STEM Academy,20,18,0,2,0,0,0
2019,Private,BLOUNT,Maryville Christian School,13,11,0,1,0,0,1
2019,Private,BRADLEY,Bowman Hills Seventh-day Adventist School,9,8,0,1,0,0,0
2019,Private,BRADLEY,LUDIC (Lee University Developmental Inclusion Classrooms),1,1,0,0,0,0,0
2019,Private,BRADLEY,United Christian Academy,8,7,0,1,0,0,0
2019,Private,CHEATHAM,Pleasant View Christian School,17,15,0,2,0,0,0
2019,Private,DAVIDSON,Abintra Montessori School,18,16,0,0,0,0,2
2019,Private,DAVIDSON,Akiva School,12,12,0,0,0,0,0
2019,Private,DAVIDSON,Children's House of Nashville Montessori School,5,5,0,0,0,0,0
2019,Private,DAVIDSON,Christ Presbyterian Academy,50,45,0,3,0,0,2
2019,Private,DAVIDSON,Christ the King School,25,25,0,0,0,0,0
2019,Private,DAVIDSON,Davidson Academy,19,17,0,2,0,0,0
2019,Private,DAVIDSON,Donelson Christian Academy,41,41,0,0,0,0,0
2019,Private,DAVIDSON,Ensworth School,63,63,0,0,0,0,0
2019,Private,DAVIDSON,Ezell-Harding Christian School,21,15,2,0,0,0,4
2019,Private,DAVIDSON,Goodpasture Christian School,53,52,0,0,1,0,0
2019,Private,DAVIDSON,Harding Academy,55,51,0,3,0,0,1
2019,Private,DAVIDSON,Holy Rosary Academy,30,30,0,0,0,0,0
2019,Private,DAVIDSON,Holy Trinity Montessori,18,9,0,1,0,0,8
2019,Private,DAVIDSON,Lighthouse Christian School,47,47,0,0,0,0,0
2019,Private,DAVIDSON,Linden Waldorf School,33,25,0,8,0,0,0
2019,Private,DAVIDSON,Lipscomb Academy,58,55,0,2,0,0,1
2019,Private,DAVIDSON,Montessori East,6,5,0,1,0,0,0
2019,Private,DAVIDSON,Nashville Christian School,26,24,0,0,0,0,2
2019,Private,DAVIDSON,Nashville International Academy,14,11,1,0,0,0,2
2019,Private,DAVIDSON,"New Children First, A Montessori Community",3,3,0,0,0,0,0
2019,Private,DAVIDSON,"Oak Hill School, The",54,54,0,0,0,0,0
2019,Private,DAVIDSON,Overbrook School,22,12,0,0,0,0,10
2019,Private,DAVIDSON,Primrose School of Nashville Midtown,9,9,0,0,0,0,0
2019,Private,DAVIDSON,Schrader Lane Childcare Center,19,19,0,0,0,0,0
2019,Private,DAVIDSON,St. Ann School,11,11,0,0,0,0,0
2019,Private,DAVIDSON,St. Bernard Academy,28,28,0,0,0,0,0
2019,Private,DAVIDSON,St. Clement Coptic Orthodox Christian Academy,20,20,0,0,0,0,0
2019,Private,DAVIDSON,St. Henry School,58,58,0,0,0,0,0
2019,Private,DAVIDSON,St. Joseph School,22,21,0,0,0,1,0
2019,Private,DAVIDSON,St. Paul Christian Academy,37,37,0,0,0,0,0
2019,Private,DAVIDSON,St. Pius X Classical Academy,8,8,0,0,0,0,0
2019,Private,DAVIDSON,The Covenant School,20,18,0,2,0,0,0
2019,Private,DAVIDSON,University School of Nashville,64,64,0,0,0,0,0
2019,Private,DYER,Christ Classical Academy,13,13,0,0,0,0,0
2019,Private,FAYETTE,Fayette Academy,30,29,0,1,0,0,0
2019,Private,FAYETTE,Rossville Christian Academy,6,4,0,0,0,0,2
2019,Private,GREENE,Greeneville Adventist Academy,7,4,3,0,0,0,0
2019,Private,HAMBLEN,All Saints' Episcopal School,15,15,0,0,0,0,0
2019,Private,HAMBLEN,Cornerstone Academy,40,36,1,1,0,0,2
2019,Private,HAMILTON,Annoor Academy of Chattanooga,8,8,0,0,0,0,0
2019,Private,HAMILTON,Boyd-Buchanan School,46,41,0,2,0,1,2
2019,Private,HAMILTON,Brainerd Baptist School,44,41,0,3,0,0,0
2019,Private,HAMILTON,Bright School,40,32,1,1,0,0,6
2019,Private,HAMILTON,Chattanooga Christian School,62,60,0,2,0,0,0
2019,Private,HAMILTON,Grace Baptist Academy,27,25,0,2,0,0,0
2019,Private,HAMILTON,Hickory Valley Christian School,12,12,0,0,0,0,0
2019,Private,HAMILTON,Marty's Center,6,6,0,0,0,0,0
2019,Private,HAMILTON,Our Lady of Perpetual Help School,26,25,1,0,0,0,0
2019,Private,HAMILTON,Silverdale Baptist Academy,63,58,0,4,0,0,1
2019,Private,HAMILTON,Siskin Early Learning Center,1,1,0,0,0,0,0
2019,Private,HAMILTON,St. Jude School,23,22,0,1,0,0,0
2019,Private,HAMILTON,St. Peter's Episcopal School,27,27,0,0,0,0,0
2019,Private,HAMILTON,Standifer Gap Seventh-day Adventist School,5,5,0,0,0,0,0
2019,Private,HARDIN,Savannah Christian Academy,16,16,0,0,0,0,0
2019,Private,HARDIN,Sheltering Tree Ranch,3,2,0,1,0,0,0
2019,Private,KNOX,Cedar Springs Weekday School,7,7,0,0,0,0,0
2019,Private,KNOX,Christian Academy of Knoxville,43,41,0,0,0,2,0
2019,Private,KNOX,Concord Christian School,47,43,0,3,0,1,0
2019,Private,KNOX,Episcopal School of Knoxville (The),23,19,1,1,0,1,1
2019,Private,KNOX,First Baptist Academy,35,32,0,3,0,0,0
2019,Private,KNOX,First Lutheran School,6,4,1,0,0,0,1
2019,Private,KNOX,Freedom Christian Academy,8,8,0,0,0,0,0
2019,Private,KNOX,Garden Montessori School,14,12,1,0,0,0,1
2019,Private,KNOX,Giving Tree Montessori,12,10,0,2,0,0,0
2019,Private,KNOX,Grace Christian Academy,45,43,0,2,0,0,0
2019,Private,KNOX,Knoxville Adventist School,2,2,0,0,0,0,0
2019,Private,KNOX,Knoxville Christian School,7,7,0,0,0,0,0
2019,Private,KNOX,Montessori Internationale School of East Tennessee,4,4,0,0,0,0,0
2019,Private,KNOX,Morning Star Child Development Center,7,7,0,0,0,0,0
2019,Private,KNOX,Pride & Joy Children's Academy,6,6,0,0,0,0,0
2019,Private,KNOX,Primrose School of Farragut,10,10,0,0,0,0,0
2019,Private,KNOX,River's Edge Christian Upper Academy,34,19,13,0,0,0,2
2019,Private,KNOX,Sacred Heart Cathedral School,43,43,0,0,0,0,0
2019,Private,KNOX,St. John Neumann Catholic School,28,28,0,0,0,0,0
2019,Private,KNOX,St. Joseph Catholic School,20,19,0,1,0,0,0
2019,Private,KNOX,Stanford Eisenberg Jewish Day School,6,5,0,0,0,1,0
2019,Private,KNOX,Tate's School of Discovery,25,20,0,0,0,0,5
2019,Private,KNOX,Temple Baptist Academy,28,23,0,4,1,0,0
2019,Private,KNOX,UT Early Learning Center,14,14,0,0,0,0,0
2019,Private,KNOX,Webb School of Knoxville,38,37,0,0,1,0,0
2019,Private,KNOX,West Hills Baptist Church Preschool & Kindergarten,9,9,0,0,0,0,0
2019,Private,LINCOLN,Riverside Christian Academy,13,13,0,0,0,0,0
2019,Private,MACON,Macon Christian Academy,8,8,0,0,0,0,0
2019,Private,MADISON,Jackson Christian School,34,29,0,1,0,0,4
2019,Private,MADISON,St. Mary's School,16,16,0,0,0,0,0
2019,Private,MAURY,Columbia Academy,40,40,0,0,0,0,0
2019,Private,MAURY,Columbia Academy at Spring Hill,12,11,0,1,0,0,0
2019,Private,MAURY,Zion Christian Academy,17,16,0,0,0,0,1
2019,Private,MONTGOMERY,Amare Montessori,10,7,0,2,0,0,1
2019,Private,MONTGOMERY,Clarksville Academy,32,31,0,1,0,0,0
2019,Private,MONTGOMERY,Clarksville Christian School,27,27,0,0,0,0,0
2019,Private,MONTGOMERY,Little Country Schoolhouse (The),6,4,0,2,0,0,0
2019,Private,MONTGOMERY,The Settlement Preschool and Kindergarten,12,12,0,0,0,0,0
2019,Private,PUTNAM,Highland Rim Academy,16,15,1,0,0,0,0
2019,Private,ROBERTSON,Christian Community Schools,35,34,1,0,0,0,0
2019,Private,ROBERTSON,Dayspring Academy,11,10,0,1,0,0,0
2019,Private,ROBERTSON,Ridgetop Adventist Elementary School,4,3,0,0,0,0,1
2019,Private,ROBERTSON,South Haven Christian School,21,19,0,1,1,0,0
2019,Private,ROBERTSON,The Summit Preparatory Academy,12,10,0,1,0,0,1
2019,Private,RUTHERFORD,Community Christian Day School,23,23,0,0,0,0,0
2019,Private,RUTHERFORD,Lancaster Christian Academy,27,21,2,2,0,0,2
2019,Private,RUTHERFORD,Lancaster Christian Early Learning Center,8,4,0,1,0,0,3
2019,Private,RUTHERFORD,Middle Tennessee Christian School,54,51,0,2,0,0,1
2019,Private,RUTHERFORD,Montessori Weaver School,6,6,0,0,0,0,0
2019,Private,RUTHERFORD,Primrose School of Murfreesboro,14,14,0,0,0,0,0
2019,Private,RUTHERFORD,Providence Christian Academy,33,28,0,5,0,0,0
2019,Private,RUTHERFORD,St. Rose of Lima Catholic School,28,27,0,0,0,0,1
2019,Private,SEVIER,"King's Academy, The",29,25,0,1,0,0,3
2019,Private,SEVIER,Seymour Community Christian School,6,5,0,1,0,0,0
2019,Private,SHELBY,1st Class Montessori - I,5,5,0,0,0,0,0
2019,Private,SHELBY,Barbara K. Lipman Early Learning Center,7,7,0,0,0,0,0
2019,Private,SHELBY,Briarcrest Christian HL Elem,74,72,0,0,2,0,0
2019,Private,SHELBY,Brinkley Heights Urban Academy,10,10,0,0,0,0,0
2019,Private,SHELBY,Christ Methodist Day School,59,59,0,0,0,0,0
2019,Private,SHELBY,Christ the King Lutheran School,14,13,0,1,0,0,0
2019,Private,SHELBY,"Cornerstone Learning Center, Germantown Campus",6,6,0,0,0,0,0
2019,Private,SHELBY,Emmanuel United Methodist Kindergarten,16,16,0,0,0,0,0
2019,Private,SHELBY,Evangelical Christian School - Lower School,42,38,0,3,1,0,0
2019,Private,SHELBY,First Assembly Christian School,23,23,0,0,0,0,0
2019,Private,SHELBY,Grace-St. Luke's Episcopal School,39,39,0,0,0,0,0
2019,Private,SHELBY,Harding Academy of Memphis,32,31,0,0,1,0,0
2019,Private,SHELBY,Highland Day School,6,6,0,0,0,0,0
2019,Private,SHELBY,Hutchison School,45,45,0,0,0,0,0
2019,Private,SHELBY,Immaculate Conception Cathedral School,24,24,0,0,0,0,0
2019,Private,SHELBY,Immanuel Lutheran School,16,15,1,0,0,0,0
2019,Private,SHELBY,Incarnation School,8,8,0,0,0,0,0
2019,Private,SHELBY,Lambs and Ivy,12,12,0,0,0,0,0
2019,Private,SHELBY,Lamplighter Montessori School,12,12,0,0,0,0,0
2019,Private,SHELBY,Lausanne Collegiate School,35,32,0,1,0,0,2
2019,Private,SHELBY,Lighthouse Christian Academy,5,4,0,0,0,1,0
2019,Private,SHELBY,Margolin Hebrew Academy,9,9,0,0,0,0,0
2019,Private,SHELBY,"Olivia's Montessori School, Inc.",5,5,0,0,0,0,0
2019,Private,SHELBY,Our Lady of Perpetual Help Catholic School,22,22,0,0,0,0,0
2019,Private,SHELBY,Pleasant View School,26,26,0,0,0,0,0
2019,Private,SHELBY,Presbyterian Day School,58,56,0,2,0,0,0
2019,Private,SHELBY,St. Ann School - Bartlett,24,24,0,0,0,0,0
2019,Private,SHELBY,St. Francis of Assisi Elementary School,25,25,0,0,0,0,0
2019,Private,SHELBY,St. George's Independent School - Germantown,32,32,0,0,0,0,0
2019,Private,SHELBY,St. George's Independent School - Memphis,17,17,0,0,0,0,0
2019,Private,SHELBY,St. Louis School,50,49,0,0,1,0,0
2019,Private,SHELBY,St. Luke's Day School,17,17,0,0,0,0,0
2019,Private,SHELBY,St. Mary's Episcopal School,31,30,0,1,0,0,0
2019,Private,SHELBY,The Gentlemen and Ladies Academy,5,5,0,0,0,0,0
2019,Private,SHELBY,"Tipton-Rosemark Academy, Inc.",19,19,0,0,0,0,0
2019,Private,SHELBY,Westminster Academy,31,27,0,4,0,0,0
2019,Private,SHELBY,Woodland Presbyterian School,28,28,0,0,0,0,0
2019,Private,SULLIVAN,St. Dominic Catholic School,13,12,0,1,0,0,0
2019,Private,SUMNER,Hendersonville Bible Kindergarten,14,14,0,0,0,0,0
2019,Private,SUMNER,Highland Elementary School,4,4,0,0,0,0,0
2019,Private,SUMNER,Sumner Academy,19,18,0,1,0,0,0
2019,Private,SUMNER,The Edison School,4,4,0,0,0,0,0
2019,Private,TIPTON,Tipton Christian Academy,26,26,0,0,0,0,0
2019,Private,WARREN,Westwood Kindergarten,12,12,0,0,0,0,0
2019,Private,WASHINGTON,Ashley Academy,10,9,0,0,0,0,1
2019,Private,WASHINGTON,Central Baptist Kindergarten,9,9,0,0,0,0,0
2019,Private,WASHINGTON,Munsey Kindergarten,10,10,0,0,0,0,0
2019,Private,WASHINGTON,Providence Academy,35,31,0,3,1,0,0
2019,Private,WASHINGTON,St. Mary's School,13,10,0,0,0,0,3
2019,Private,WILLIAMSON,Battle Ground Academy,31,28,2,1,0,0,0
2019,Private,WILLIAMSON,Cool Springs Montessori,5,5,0,0,0,0,0
2019,Private,WILLIAMSON,Currey Ingram Academy,7,6,0,1,0,0,0
2019,Private,WILLIAMSON,High Hopes Development Center,11,9,0,0,2,0,0
2019,Private,WILLIAMSON,Montessori School of Franklin,8,6,0,2,0,0,0
2019,Private,WILLIAMSON,Otter Creek Kindergarten & Preschool,37,37,0,0,0,0,0
2019,Private,WILLIAMSON,Primrose School of Brentwood,10,9,0,0,0,0,1
2019,Private,WILLIAMSON,Primrose School of Cool Springs,11,11,0,0,0,0,0
2019,Private,WILLIAMSON,Primrose School of Spring Hill,8,6,0,0,0,0,2
2019,Private,WILLIAMSON,St. Matthew School,43,40,0,1,2,0,0
2019,Private,WILSON,Cedars Preparatory Academy,9,8,0,1,0,0,0
2019,Private,WILSON,Friendship Christian School,27,27,0,0,0,0,0
2019,Private,WILSON,McClain Christian Academy,2,2,0,0,0,0,0
2019,Private,WILSON,Mt. Juliet Christian Academy,49,47,0,1,0,0,1
2019,Private,WILSON,Mt. Juliet Montessori Academy,11,11,0,0,0,0,0
2019,Private,WILSON,Primrose School of Mt. Juliet,10,10,0,0,0,0,0
2020,Public,HAMILTON,Allen Elementary,57,56,0,0,1,0,0
2020,Public,HAMILTON,Alpine Crest Elementary,34,26,3,0,0,1,4
2020,Public,HAMILTON,Apison Elementary School,97,92,1,1,1,0,2
2020,Public,HAMILTON,Barger Academy,48,42,1,0,0,0,5
2020,Public,HAMILTON,Battle Academy For Teaching  Learning,67,56,2,2,0,0,7
2020,Public,HAMILTON,Bess T Shepherd Elementary,83,73,1,0,2,0,7
2020,Public,HAMILTON,Big Ridge Elementary,73,73,0,0,0,0,0
2020,Public,HAMILTON,Calvin Donaldson Environmental Science Academy,76,65,0,0,0,0,10
2020,Public,HAMILTON,Chattanooga Charter School Of Excellence,77,65,0,0,0,0,12
2020,Public,HAMILTON,Chattanooga School For The Arts And Science Lower,64,61,0,1,0,2,0
2020,Public,HAMILTON,Chattanooga School For The Liberal Arts,54,51,0,2,1,0,0
2020,Public,HAMILTON,Clifton Hills Elementary,95,86,2,0,5,0,2
2020,Public,HAMILTON,Daisy Elementary,49,48,0,1,0,0,0
2020,Public,HAMILTON,Dupont Elementary,56,50,1,0,0,0,5
2020,Public,HAMILTON,East Brainerd Elementary,161,151,1,2,5,1,1
2020,Public,HAMILTON,East Lake Elementary,92,84,1,0,0,0,7
2020,Public,HAMILTON,East Ridge Elementary,119,114,2,0,0,0,3
2020,Public,HAMILTON,East Side Elementary,89,83,0,0,3,0,3
2020,Public,HAMILTON,Hamilton County Virtual School,51,42,3,0,0,0,6
2020,Public,HAMILTON,Hardy Elementary School,76,63,6,0,1,0,6
2020,Public,HAMILTON,Harrison Elementary,95,85,0,1,1,0,8
2020,Public,HAMILTON,Hixson Elementary,66,64,0,1,0,0,1
2020,Public,HAMILTON,Lakeside Academy,46,42,0,0,0,1,3
2020,Public,HAMILTON,Lookout Mountain Elementary,34,33,0,1,0,0,0
2020,Public,HAMILTON,Lookout Valley Elementary,44,40,1,1,0,0,2
2020,Public,HAMILTON,Mcconnell Elementary,74,68,0,0,0,0,6
2020,Public,HAMILTON,Middle Valley Elementary,112,93,11,1,0,1,1
2020,Public,HAMILTON,Nolan Elementary,105,102,0,0,0,0,3
2020,Public,HAMILTON,Normal Park Museum Magnet School,97,93,0,1,0,1,2
2020,Public,HAMILTON,North Hamilton Elementary,66,61,0,2,2,0,0
2020,Public,HAMILTON,Ooltewah Elementary,130,124,0,4,1,0,1
2020,Public,HAMILTON,Orchard Knob Elementary,73,64,0,1,0,0,8
2020,Public,HAMILTON,Red Bank Elementary,87,80,1,1,4,0,1
2020,Public,HAMILTON,Rivermont Elementary,55,51,1,0,0,0,3
2020,Public,HAMILTON,Snow Hill Elementary,85,73,6,0,0,0,6
2020,Public,HAMILTON,Soddy Elementary,69,63,3,0,0,1,2
2020,Public,HAMILTON,Spring Creek Elementary,76,59,6,0,1,0,10
2020,Public,HAMILTON,Thrasher Elementary,71,64,0,2,0,1,4
2020,Public,HAMILTON,Tommie F. Brown Academy,55,52,0,0,0,0,3
2020,Public,HAMILTON,Wallace A. Smith Elementary,89,87,1,0,0,1,0
2020,Public,HAMILTON,Westview Elementary,91,86,2,1,0,0,2
2020,Public,HAMILTON,Wolftever Creek Elementary,96,92,0,2,1,0,1
2020,Public,HAMILTON,Woodmore Elementary,54,47,4,0,0,0,2
2020,Public,ANDERSON,Andersonville Elementary,50,50,0,0,0,0,0
2020,Public,ANDERSON,Briceville Elementary,14,14,0,0,0,0,0
2020,Public,ANDERSON,Claxton Elementary,62,59,0,0,3,0,0
2020,Public,ANDERSON,Dutch Valley Elementary,16,15,0,0,0,0,0
2020,Public,ANDERSON,Fairview Elementary,40,39,0,0,1,0,0
2020,Public,ANDERSON,Grand Oaks Elementary,38,37,0,1,0,0,0
2020,Public,ANDERSON,Lake City Elementary,61,60,0,0,1,0,0
2020,Public,ANDERSON,Norris Elementary,41,38,1,0,2,0,0
2020,Public,ANDERSON,Norwood Elementary,30,30,0,0,0,0,0
2020,Public,ANDERSON,Clinton Elementary,94,94,0,0,0,0,0
2020,Public,ANDERSON,North Clinton Elementary,25,23,0,2,0,0,0
2020,Public,ANDERSON,South Clinton Elementary,35,33,0,1,0,1,0
2020,Public,ANDERSON,Glenwood Elementary,63,62,0,1,0,0,0
2020,Public,ANDERSON,Linden Elementary,77,74,0,2,1,0,0
2020,Public,ANDERSON,Willow Brook Elementary,74,71,0,0,1,0,2
2020,Public,ANDERSON,Woodland Elementary,88,85,0,1,2,0,0
2020,Public,BLOUNT,Alcoa Elementary,148,141,0,2,3,0,2
2020,Public,BLOUNT,Carpenters Elementary School,84,76,0,6,1,1,0
2020,Public,BLOUNT,Eagleton Elementary,65,60,0,1,1,0,3
2020,Public,BLOUNT,Fairview Elementary,51,43,1,1,0,0,6
2020,Public,BLOUNT,Friendsville Elementary,46,44,0,1,0,1,0
2020,Public,BLOUNT,Lanier Elementary,51,51,0,0,0,0,0
2020,Public,BLOUNT,Mary Blount Elementary,93,89,0,0,0,0,4
2020,Public,BLOUNT,Middlesettlements,55,55,0,0,0,0,0
2020,Public,BLOUNT,Montvale Elementary,46,43,0,1,2,0,0
2020,Public,BLOUNT,Porter Elementary,43,43,0,0,0,0,0
2020,Public,BLOUNT,Prospect Elementary School,68,65,0,0,0,1,2
2020,Public,BLOUNT,Rockford Elementary,65,59,1,0,0,1,4
2020,Public,BLOUNT,Samuel Everett School Of Innovation,29,26,0,3,0,0,0
2020,Public,BLOUNT,Townsend Elementary,17,16,0,1,0,0,0
2020,Public,BLOUNT,Union Grove Elementary School,30,26,1,0,0,0,3
2020,Public,BLOUNT,Walland Elementary School,37,36,0,0,0,0,1
2020,Public,BLOUNT,Foothills Elementary,164,162,0,2,0,0,0
2020,Public,BLOUNT,John Sevier Elementary,140,128,0,4,1,0,7
2020,Public,BLOUNT,Sam Houston Elementary,123,117,0,5,0,0,1
2020,Public,CAMPBELL,Caryville Elementary,94,88,3,1,1,0,1
2020,Public,CAMPBELL,Elk Valley Elementary,15,14,0,0,0,0,0
2020,Public,CAMPBELL,Jacksboro Elementary,89,87,0,0,0,1,1
2020,Public,CAMPBELL,Jellico Elementary,25,24,0,0,0,1,0
2020,Public,CAMPBELL,Lafollette Elementary School,62,57,2,0,0,0,3
2020,Public,CAMPBELL,Valley View Elementary,62,62,0,0,0,0,0
2020,Public,CAMPBELL,White Oak Elementary,9,9,0,0,0,0,0
2020,Public,CAMPBELL,Wynn Habersham Elementary,14,12,0,0,0,0,2
2020,Public,CLAIBORNE,Clairfield Elementary,9,9,0,0,0,0,0
2020,Public,CLAIBORNE,Ellen Myers Primary,59,57,1,0,0,0,1
2020,Public,CLAIBORNE,Forge Ridge School,22,20,1,0,1,0,0
2020,Public,CLAIBORNE,Midway Elementary,39,38,0,0,0,0,1
2020,Public,CLAIBORNE,Powell Valley Elementary,33,31,0,0,0,0,2
2020,Public,CLAIBORNE,Springdale Elementary,45,45,0,0,0,0,0
2020,Public,CLAIBORNE,Tazewell-New Tazewell Elementary,104,103,0,0,0,0,1
2020,Public,COCKE,Bridgeport Elementary,32,32,0,0,0,0,0
2020,Public,COCKE,Centerview Elementary,27,27,0,0,0,0,0
2020,Public,COCKE,Cosby Elementary,47,47,0,0,0,0,0
2020,Public,COCKE,Del Rio Elementary,17,17,0,0,0,0,0
2020,Public,COCKE,Edgemont Elementary,54,53,0,0,1,0,0
2020,Public,COCKE,Grassy Fork Elementary,12,11,0,1,0,0,0
2020,Public,COCKE,Northwest Elementary,40,40,0,0,0,0,0
2020,Public,COCKE,Parrottsville Elementary,56,54,0,2,0,0,0
2020,Public,COCKE,Smoky Mountain Elementary,15,14,0,0,1,0,0
2020,Public,COCKE,Newport Grammar School,87,86,0,0,1,0,0
2020,Public,GRAINGER,Bean Station Elementary,56,54,1,0,0,0,1
2020,Public,GRAINGER,Joppa Elementary,49,49,0,0,0,0,0
2020,Public,GRAINGER,Rutledge Primary,56,55,0,0,0,1,0
2020,Public,GRAINGER,Washburn School,48,47,0,1,0,0,0
2020,Public,HAMBLEN,Alpha Elementary,83,81,0,0,0,0,2
2020,Public,HAMBLEN,Fairview Marguerite,76,70,2,0,2,0,2
2020,Public,HAMBLEN,Hillcrest Elementary,110,108,0,1,1,0,0
2020,Public,HAMBLEN,John Hay Elementary,44,41,1,0,0,0,2
2020,Public,HAMBLEN,Lincoln Heights Elementary,84,81,0,1,2,0,0
2020,Public,HAMBLEN,Manley Elementary,69,65,0,1,3,0,0
2020,Public,HAMBLEN,Russellville Elementary,94,93,0,0,1,0,0
2020,Public,HAMBLEN,Union Heights Elementary,35,34,0,1,0,0,0
2020,Public,HAMBLEN,West Elementary,63,61,0,1,1,0,0
2020,Public,HAMBLEN,Whitesburg Elementary,30,29,1,0,0,0,0
2020,Public,HAMBLEN,Witt Elementary,23,22,0,0,0,1,0
2020,Public,JEFFERSON,Dandridge Elementary,68,66,0,1,1,0,0
2020,Public,JEFFERSON,Jefferson Elementary,78,77,0,1,0,0,0
2020,Public,JEFFERSON,Mount Horeb Elementary School,94,93,0,0,0,0,1
2020,Public,JEFFERSON,New Market Elementary,40,38,0,0,2,0,0
2020,Public,JEFFERSON,Piedmont Elementary,48,44,0,2,2,0,0
2020,Public,JEFFERSON,Rush Strong Elementary,43,42,0,1,0,0,0
2020,Public,JEFFERSON,Talbott Elementary,30,28,0,1,0,0,1
2020,Public,JEFFERSON,White Pine Elementary,80,73,0,2,2,0,3
2020,Public,LOUDON,Eaton Elementary,110,106,0,2,2,0,0
2020,Public,LOUDON,Greenback School,37,31,0,2,1,0,3
2020,Public,LOUDON,Highland Park Elementary,47,47,0,0,0,0,0
2020,Public,LOUDON,Loudon Elementary,91,88,1,2,0,0,0
2020,Public,LOUDON,Philadelphia Elementary,50,50,0,0,0,0,0
2020,Public,LOUDON,Steekee Elementary,29,29,0,0,0,0,0
2020,Public,MONROE,Coker Creek Elementary,4,4,0,0,0,0,0
2020,Public,MONROE,Madisonville Primary,172,159,0,1,0,1,10
2020,Public,MONROE,Rural Vale Elementary,34,32,0,2,0,0,0
2020,Public,MONROE,Tellico Plains Elementary,62,59,0,2,1,0,0
2020,Public,MONROE,Vonore Elementary,57,52,0,2,3,0,0
2020,Public,MONROE,Sweetwater Primary School,142,132,0,3,1,0,6
2020,Public,MORGAN,Central Elementary,82,79,0,1,1,0,1
2020,Public,MORGAN,Coalfield School,36,35,0,1,0,0,0
2020,Public,MORGAN,Oakdale School,24,23,0,1,0,0,0
2020,Public,MORGAN,Petros Joyner Elementary,25,25,0,0,0,0,0
2020,Public,MORGAN,Sunbright School,33,24,1,2,0,0,6
2020,Public,ROANE,Bowers Elementary,64,59,3,1,1,0,0
2020,Public,ROANE,Dyllis Springs Elementary,50,48,0,1,1,0,0
2020,Public,ROANE,Kingston Elementary,110,108,0,0,1,0,1
2020,Public,ROANE,Midtown Elementary,44,39,0,1,1,0,3
2020,Public,ROANE,Midway Elementary,65,56,1,5,0,1,2
2020,Public,ROANE,Ridge View Elementary,89,84,3,0,2,0,0
2020,Public,ROANE,Roane County Virtual Academy,11,7,0,1,0,0,3
2020,Public,SCOTT,Oneida Elementary,94,94,0,0,0,0,0
2020,Public,SCOTT,Burchfield Elementary,52,52,0,0,0,0,0
2020,Public,SCOTT,Fairview Elementary,33,33,0,0,0,0,0
2020,Public,SCOTT,Huntsville Elementary,71,69,0,1,1,0,0
2020,Public,SCOTT,Robbins Elementary,26,25,0,0,1,0,0
2020,Public,SCOTT,Winfield Elementary,20,20,0,0,0,0,0
2020,Public,SEVIER,Boyds Creek Elementary School,64,63,0,0,1,0,0
2020,Public,SEVIER,Catlettsburg Elementary School,106,105,0,0,1,0,0
2020,Public,SEVIER,Catons Chapel Elementary,39,39,0,0,0,0,0
2020,Public,SEVIER,Jones Cove Elementary,17,16,0,1,0,0,0
2020,Public,SEVIER,New Center Elementary,82,82,0,0,0,0,0
2020,Public,SEVIER,Northview Elementary,119,115,0,3,1,0,0
2020,Public,SEVIER,Pi Beta Phi Elementary,49,45,0,1,0,0,3
2020,Public,SEVIER,Pigeon Forge Primary,113,108,0,0,5,0,0
2020,Public,SEVIER,Pittman Center Elementary,37,34,0,1,0,0,2
2020,Public,SEVIER,Sevierville Primary,206,200,0,2,1,0,3
2020,Public,SEVIER,Seymour Primary,140,136,1,0,0,0,1
2020,Public,SEVIER,T Lawson Early Childhood Education Center,11,10,0,0,1,0,0
2020,Public,SEVIER,Wearwood Elementary,30,29,0,1,0,0,0
2020,Public,UNION,Big Ridge Elementary,21,19,2,0,0,0,0
2020,Public,UNION,Luttrell Elementary,49,39,5,0,0,0,5
2020,Public,UNION,Maynardville Elementary,61,55,3,0,0,0,3
2020,Public,UNION,Paulette Elementary School,55,46,8,0,0,0,1
2020,Public,UNION,Sharps Chapel Elementary,19,17,0,0,1,1,0
2020,Public,UNION,Tennessee Virtual Academy,196,166,0,26,3,0,1
2020,Public,VAN BUREN,Spencer Elementary,59,50,7,1,0,1,0
2020,Public,MADISON,Alexander Elementary School,66,65,0,1,0,0,0
2020,Public,MADISON,Andrew Jackson Elementary School,85,81,0,2,2,0,0
2020,Public,MADISON,Arlington Elementary School,80,79,0,0,1,0,0
2020,Public,MADISON,Community Montessori School,73,70,0,2,1,0,0
2020,Public,MADISON,Denmark Elementary,51,48,0,1,0,2,0
2020,Public,MADISON,East Elementary School,85,84,0,0,0,0,1
2020,Public,MADISON,Isaac Lane Technology Magnet Elementary,123,114,0,4,0,0,5
2020,Public,MADISON,Lincoln Elementary School,56,56,0,0,0,0,0
2020,Public,MADISON,Pope School,89,86,0,1,1,0,1
2020,Public,MADISON,Rose Hill School,51,50,0,1,0,0,0
2020,Public,MADISON,South Elementary,53,51,0,1,1,0,0
2020,Public,MADISON,Thelma Barker Elementary,116,110,0,3,1,0,2
2020,Public,MADISON,West Tennessee School For Deaf,6,6,0,0,0,0,0
2020,Public,KNOX,A L Lotts Elementary,152,147,0,3,1,0,0
2020,Public,KNOX,Adrian Burnett Elementary,76,73,0,1,2,0,0
2020,Public,KNOX,Amherst Elementary School,87,83,0,4,0,0,0
2020,Public,KNOX,Ball Camp Elementary,90,89,0,0,0,0,1
2020,Public,KNOX,Bearden Elementary,47,43,0,0,0,0,4
2020,Public,KNOX,Beaumont Elementary/Magnet,87,80,0,4,3,0,0
2020,Public,KNOX,Belle Morris Elementary,66,64,0,1,1,0,0
2020,Public,KNOX,Blue Grass Elementary,92,84,0,5,3,0,0
2020,Public,KNOX,Bonny Kate Elementary,51,48,0,2,0,0,1
2020,Public,KNOX,Brickey Mccloud Elementary,112,108,0,3,0,1,0
2020,Public,KNOX,Carter Elementary,69,66,0,2,1,0,0
2020,Public,KNOX,Cedar Bluff Elementary,167,154,0,9,3,1,0
2020,Public,KNOX,Christenberry Elementary,75,69,0,2,4,0,0
2020,Public,KNOX,Copper Ridge Elementary,58,56,0,1,1,0,0
2020,Public,KNOX,Corryton Elementary,41,39,0,0,1,0,1
2020,Public,KNOX,Dogwood Elementary,87,85,0,0,2,0,0
2020,Public,KNOX,East Knox Elementary,84,82,0,2,0,0,0
2020,Public,KNOX,Emerald Academy,46,42,0,2,1,1,0
2020,Public,KNOX,Farragut Primary,290,279,0,5,3,3,0
2020,Public,KNOX,Fountain City Elementary,62,60,0,1,1,0,0
2020,Public,KNOX,Gap Creek Elementary,13,13,0,0,0,0,0
2020,Public,KNOX,Gibbs Elementary,131,128,0,1,2,0,0
2020,Public,KNOX,Green Magnet Math And Science Academy,69,68,0,1,0,0,0
2020,Public,KNOX,Halls Elementary,90,88,0,2,0,0,0
2020,Public,KNOX,Hardin Valley Elementary,195,191,0,4,0,0,0
2020,Public,KNOX,Inskip Elementary,65,61,1,1,2,0,0
2020,Public,KNOX,Karns Elementary,197,190,0,5,1,0,1
2020,Public,KNOX,Maynard Elementary,30,29,0,1,0,0,0
2020,Public,KNOX,Mooreland Heights Elementary,32,29,0,3,0,0,0
2020,Public,KNOX,Mt Olive Elementary,34,34,0,0,0,0,0
2020,Public,KNOX,New Hopewell Elementary,39,39,0,0,0,0,0
2020,Public,KNOX,Northshore Elementary School,154,151,0,2,1,0,0
2020,Public,KNOX,Norwood Elementary,73,67,0,4,2,0,0
2020,Public,KNOX,Pleasant Ridge Elementary,46,40,0,3,1,0,2
2020,Public,KNOX,Pond Gap Elementary,59,51,0,0,1,0,1
2020,Public,KNOX,Powell Elementary,117,110,0,5,2,0,0
2020,Public,KNOX,Ritta Elementary,83,81,0,1,1,0,0
2020,Public,KNOX,Rocky Hill Elementary,114,111,0,3,0,0,0
2020,Public,KNOX,Sam E. Hill Primary School,75,73,0,0,2,0,0
2020,Public,KNOX,Sarah Moore Greene Magnet Technology Academy,84,81,0,2,1,0,0
2020,Public,KNOX,Sequoyah Elementary,68,65,0,2,1,0,0
2020,Public,KNOX,Shannondale Elementary,57,54,0,2,1,0,0
2020,Public,KNOX,South Knox Elementary,31,30,0,1,0,0,0
2020,Public,KNOX,Spring Hill Elementary,93,87,0,2,1,0,3
2020,Public,KNOX,Sterchi Elementary,59,56,0,2,1,0,0
2020,Public,KNOX,Sunnyview Primary,76,70,0,4,1,1,0
2020,Public,KNOX,West Haven Elementary,48,44,0,2,1,1,0
2020,Public,KNOX,West Hills Elementary,115,113,0,1,1,0,0
2020,Public,KNOX,West View Elementary,29,28,0,0,1,0,0
2020,Public,SHELBY,Arlington Elementary,138,135,0,2,1,0,0
2020,Public,SHELBY,Donelson Elementary,152,140,0,7,4,0,1
2020,Public,SHELBY,Altruria Elementary,134,132,0,2,0,0,0
2020,Public,SHELBY,Bartlett Elementary School,108,104,0,4,0,0,0
2020,Public,SHELBY,Bon Lin Elementary School,101,99,0,2,0,0,0
2020,Public,SHELBY,Ellendale Elementary,77,76,0,1,0,0,0
2020,Public,SHELBY,Oak Elementary,113,110,0,3,0,0,0
2020,Public,SHELBY,Rivercrest Elementary,99,98,0,1,0,0,0
2020,Public,SHELBY,Bailey Station Elementary School,144,141,0,0,1,0,2
2020,Public,SHELBY,Collierville Elementary School,108,104,0,3,0,0,1
2020,Public,SHELBY,Crosswind Elementary School,126,120,1,0,0,0,5
2020,Public,SHELBY,Schilling Farms Elementary School,99,97,0,1,0,0,1
2020,Public,SHELBY,Sycamore Elementary School,74,72,0,0,0,0,2
2020,Public,SHELBY,Tara Oaks Elementary School,100,100,0,0,0,0,0
2020,Public,SHELBY,Dogwood Elementary School,89,86,0,1,1,0,1
2020,Public,SHELBY,Farmington Elementary School,88,87,0,0,0,0,1
2020,Public,SHELBY,Forest Hill Elementary School,97,96,0,0,1,0,0
2020,Public,SHELBY,Riverdale Elementary School,122,119,1,0,1,0,1
2020,Public,SHELBY,Lakeland Elementary School,192,179,1,6,0,0,6
2020,Public,SHELBY,E.A. Harrold Elementary School,60,58,0,0,0,0,2
2020,Public,SHELBY,Millington Elementary School,125,123,0,0,0,0,2
2020,Public,SHELBY,A. B. Hill Elementary,70,66,0,1,3,0,0
2020,Public,SHELBY,Alcy Elementary,98,95,0,1,1,1,0
2020,Public,SHELBY,Alton Elementary,60,57,1,0,0,0,2
2020,Public,SHELBY,Arrow Academy Of Excellence,19,18,0,0,1,0,0
2020,Public,SHELBY,Aurora Collegiate Academy,64,63,0,0,0,1,0
2020,Public,SHELBY,Balmoral/Ridgeway Elementary,38,38,0,0,0,0,0
2020,Public,SHELBY,Barret's Chapel Elementary/Middle,31,27,0,0,0,0,4
2020,Public,SHELBY,Beacon College Preparatory,50,46,0,2,0,0,2
2020,Public,SHELBY,Belle Forest Community School,167,162,0,3,2,0,0
2020,Public,SHELBY,Berclair Elementary,87,81,0,1,5,0,0
2020,Public,SHELBY,Bethel Grove Elementary,42,42,0,0,0,0,0
2020,Public,SHELBY,Brownsville Road Elementary,66,66,0,0,0,0,0
2020,Public,SHELBY,Bruce Elementary,75,71,0,0,4,0,0
2020,Public,SHELBY,Campus Elementary,73,72,0,1,0,0,0
2020,Public,SHELBY,Cherokee Elementary,51,49,0,0,2,0,0
2020,Public,SHELBY,Chimneyrock Elementary School,105,100,1,0,0,0,4
2020,Public,SHELBY,Circles Of Success Learning Academy,23,22,0,1,0,0,0
2020,Public,SHELBY,"Compass Community School, Berclair Campus",21,19,0,0,1,0,1
2020,Public,SHELBY,"Compass Community School, Binghampton Campus",18,17,0,0,1,0,0
2020,Public,SHELBY,"Compass Community School, Frayser Campus",17,17,0,0,0,0,0
2020,Public,SHELBY,"Compass Community School, Hickory Hill Campus",25,25,0,0,0,0,0
2020,Public,SHELBY,"Compass Community School, Orange Mound Campus",23,23,0,0,0,0,0
2020,Public,SHELBY,Cordova Elementary,109,105,0,2,2,0,0
2020,Public,SHELBY,Cromwell Elementary,76,68,0,2,2,0,4
2020,Public,SHELBY,Crump Elementary,84,79,0,2,3,0,0
2020,Public,SHELBY,Cummings Elementary/Middle,35,32,0,2,0,0,1
2020,Public,SHELBY,Delano Elementary,71,71,0,0,0,0,0
2020,Public,SHELBY,Dexter Elementary,139,136,0,1,2,0,0
2020,Public,SHELBY,Double Tree Elementary,67,67,0,0,0,0,0
2020,Public,SHELBY,Douglass Elementary/Middle,43,41,0,1,0,1,0
2020,Public,SHELBY,Downtown Elementary,94,92,0,2,0,0,0
2020,Public,SHELBY,Dunbar Elementary,32,31,0,1,0,0,0
2020,Public,SHELBY,E.E. Jeter Elementary/Middle,34,33,0,1,0,0,0
2020,Public,SHELBY,Egypt Elementary,84,82,0,0,2,0,0
2020,Public,SHELBY,Evans Elementary,47,47,0,0,0,0,0
2020,Public,SHELBY,Ford Road Elementary,86,84,0,1,1,0,0
2020,Public,SHELBY,Fox Meadows Elementary,99,96,0,0,3,0,0
2020,Public,SHELBY,Freedom Preparatory Academy Westwood Elementary At Parkrose Campus,87,84,0,1,2,0,0
2020,Public,SHELBY,Freedom Preparatory Academy Whitehaven Elementary At Millbranch Campus,75,73,0,1,1,0,0
2020,Public,SHELBY,Gardenview Elementary,41,40,0,1,0,0,0
2020,Public,SHELBY,Geeter School,40,38,0,0,2,0,0
2020,Public,SHELBY,Germanshire Elementary,106,103,0,1,1,0,1
2020,Public,SHELBY,Germantown Elementary,84,81,0,1,1,1,0
2020,Public,SHELBY,Getwell Elementary,72,68,0,0,4,0,0
2020,Public,SHELBY,Grahamwood Elementary,120,116,0,2,2,0,0
2020,Public,SHELBY,Granville T. Woods Academy Of Innovation Charter School,21,20,0,0,1,0,0
2020,Public,SHELBY,Hamilton School,48,46,0,2,0,0,0
2020,Public,SHELBY,Hawkins Mill Elementary,36,33,0,1,2,0,0
2020,Public,SHELBY,Hickory Ridge Elementary,88,88,0,0,0,0,0
2020,Public,SHELBY,Highland Oaks Elementary,103,100,0,2,1,0,0
2020,Public,SHELBY,Ida B. Wells Academy Es/Ms,8,8,0,0,0,0,0
2020,Public,SHELBY,Idlewild Elementary,67,66,1,0,0,0,0
2020,Public,SHELBY,J. P. Freeman Elementary/Middle,60,59,0,0,1,0,0
2020,Public,SHELBY,Jackson Elementary,31,29,0,0,2,0,0
2020,Public,SHELBY,Journey East Academy,50,50,0,0,0,0,0
2020,Public,SHELBY,Kate Bond Elementary School,103,102,0,0,1,0,0
2020,Public,SHELBY,Keystone Elementary,75,71,0,2,1,1,0
2020,Public,SHELBY,Kingsbury Elementary,64,64,0,0,0,0,0
2020,Public,SHELBY,Kipp Memphis Collegiate Elementary,68,67,0,0,1,0,0
2020,Public,SHELBY,Larose Elementary,31,30,0,1,0,0,0
2020,Public,SHELBY,Leadership Preparatory Charter School,44,41,0,1,2,0,0
2020,Public,SHELBY,Levi Elementary,57,57,0,0,0,0,0
2020,Public,SHELBY,Lowrance Elementary/Middle,87,82,0,5,0,0,0
2020,Public,SHELBY,Lucie E. Campbell Elementary,88,86,0,2,0,0,0
2020,Public,SHELBY,Lucy Elementary,47,47,0,0,0,0,0
2020,Public,SHELBY,Macon-Hall Elementary,132,126,0,4,2,0,0
2020,Public,SHELBY,Memphis Business Academy Elementary School,42,39,0,1,2,0,0
2020,Public,SHELBY,Memphis Business Academy Hickory Hill Elementary School,21,20,0,0,0,0,1
2020,Public,SHELBY,Memphis College Preparatory,49,47,0,0,2,0,0
2020,Public,SHELBY,Memphis Delta Preparatory,47,47,0,0,0,0,0
2020,Public,SHELBY,Memphis Merit Academy,62,60,0,2,0,0,0
2020,Public,SHELBY,Memphis School Of Excellence Elementary,59,57,0,0,2,0,0
2020,Public,SHELBY,Memphis School Of Excellence Elementary Cordova,55,55,0,0,0,0,0
2020,Public,SHELBY,Memphis Stem Academy,50,47,1,1,0,0,1
2020,Public,SHELBY,Newberry Elementary,30,28,0,1,1,0,0
2020,Public,SHELBY,Northaven Elementary,47,45,0,0,1,0,1
2020,Public,SHELBY,Oak Forest Elementary,65,61,0,1,2,1,0
2020,Public,SHELBY,Oakhaven Elementary,63,63,0,0,0,0,0
2020,Public,SHELBY,Oakshire Elementary,59,58,0,0,1,0,0
2020,Public,SHELBY,Parkway Village Elementary,133,130,0,0,3,0,0
2020,Public,SHELBY,Peabody Elementary,48,47,0,0,1,0,0
2020,Public,SHELBY,Perea Elementary School,83,76,1,1,1,0,4
2020,Public,SHELBY,Power Center Academy Elementary - Southeast,42,40,0,2,0,0,0
2020,Public,SHELBY,Power Center Academy Elementary School,118,117,0,1,0,0,0
2020,Public,SHELBY,Promise Academy,39,39,0,0,0,0,0
2020,Public,SHELBY,Raleigh-Bartlett Meadows Elementary,64,64,0,0,0,0,0
2020,Public,SHELBY,Richland Elementary,140,135,0,4,1,0,0
2020,Public,SHELBY,Riverview Elementary/Middle,20,20,0,0,0,0,0
2020,Public,SHELBY,Riverwood Elementary School,132,127,0,1,4,0,0
2020,Public,SHELBY,Robert R. Church Elementary,79,75,1,1,2,0,0
2020,Public,SHELBY,Ross Elementary,85,80,0,0,0,0,5
2020,Public,SHELBY,Scenic Hills Elementary,74,70,0,1,1,2,0
2020,Public,SHELBY,Sea Isle Elementary,73,73,0,0,0,0,0
2020,Public,SHELBY,Shady Grove Elementary,67,66,0,0,1,0,0
2020,Public,SHELBY,Sharpe Elementary,49,48,0,1,0,0,0
2020,Public,SHELBY,Sheffield Elementary,90,90,0,0,0,0,0
2020,Public,SHELBY,Shelby Oaks Elementary,112,107,2,1,2,0,0
2020,Public,SHELBY,Sherwood Elementary,71,70,0,0,1,0,0
2020,Public,SHELBY,Shrine School,14,14,0,0,0,0,0
2020,Public,SHELBY,Snowden Elementary/Middle,89,87,0,2,0,0,0
2020,Public,SHELBY,South Park Elementary,49,47,0,0,1,0,1
2020,Public,SHELBY,Southern Avenue Charter School Of Academic Excellence  Creative Arts,62,62,0,0,0,0,0
2020,Public,SHELBY,Southwind Elementary,102,100,0,0,2,0,0
2020,Public,SHELBY,Springdale Elementary,34,27,0,0,0,0,7
2020,Public,SHELBY,Star Academy,38,38,0,0,0,0,0
2020,Public,SHELBY,Treadwell Elementary,94,92,0,0,2,0,0
2020,Public,SHELBY,Vision Preparatory Charter School,79,75,0,3,1,0,0
2020,Public,SHELBY,Vollentine Elementary,31,29,0,0,2,0,0
2020,Public,SHELBY,Wells Station Elementary,98,96,0,0,2,0,0
2020,Public,SHELBY,Westhaven Elementary,119,114,0,3,2,0,0
2020,Public,SHELBY,Westside Elementary,43,40,1,1,1,0,0
2020,Public,SHELBY,White Station Elementary,114,111,1,1,1,0,0
2020,Public,SHELBY,Whitehaven Elementary,49,47,0,2,0,0,0
2020,Public,SHELBY,William Herbert Brewster Elementary School,65,63,0,1,1,0,0
2020,Public,SHELBY,Willow Oaks Elementary,75,70,0,0,1,1,3
2020,Public,SHELBY,Winchester Elementary,79,77,0,1,1,0,0
2020,Public,SHELBY,Winridge Elementary,65,64,0,1,0,0,0
2020,Public,CHEATHAM,Ashland City Elementary,101,99,0,1,1,0,0
2020,Public,CHEATHAM,East Cheatham Elementary,75,72,0,1,1,1,0
2020,Public,CHEATHAM,Kingston Springs Elementary,69,66,0,3,0,0,0
2020,Public,CHEATHAM,Pegram Elementary Fine Arts Magnet School,31,30,0,1,0,0,0
2020,Public,CHEATHAM,Pleasant View Elementary,110,106,0,2,1,0,1
2020,Public,CHEATHAM,West Cheatham Elementary,57,57,0,0,0,0,0
2020,Public,DICKSON,Centennial Elementary,59,56,0,2,1,0,0
2020,Public,DICKSON,Charlotte Elementary,92,87,0,4,1,0,0
2020,Public,DICKSON,Dickson Elementary,37,37,0,0,0,0,0
2020,Public,DICKSON,New Directions Academy,75,74,0,0,0,0,1
2020,Public,DICKSON,Oakmont Elementary,54,52,0,2,0,0,0
2020,Public,DICKSON,Stuart Burns Elementary,83,82,0,1,0,0,0
2020,Public,DICKSON,Sullivan Central Elementary School,48,47,0,1,0,0,0
2020,Public,DICKSON,The Discovery School,24,24,0,0,0,0,0
2020,Public,DICKSON,Vanleer Elementary,29,28,0,0,0,0,1
2020,Public,DICKSON,White Bluff Elementary,61,60,0,1,0,0,0
2020,Public,HOUSTON,Erin Elementary,58,54,0,2,2,0,0
2020,Public,HOUSTON,Tennessee Ridge Elementary,29,28,0,0,1,0,0
2020,Public,HUMPHREYS,Lakeview Elementary,26,25,0,1,0,0,0
2020,Public,HUMPHREYS,Mc Ewen Elementary,72,69,0,2,1,0,0
2020,Public,HUMPHREYS,Waverly Elementary,122,116,0,5,1,0,0
2020,Public,MONTGOMERY,Barkers Mill Elementary,149,141,0,3,3,0,0
2020,Public,MONTGOMERY,Barksdale Elementary,98,96,0,2,0,0,0
2020,Public,MONTGOMERY,Byrns Darden Elementary,83,82,0,0,1,0,0
2020,Public,MONTGOMERY,Carmel Elementary,95,90,1,3,1,0,0
2020,Public,MONTGOMERY,Cumberland Heights Elementary,91,84,0,5,2,0,0
2020,Public,MONTGOMERY,East Montgomery Elementary,76,73,0,3,0,0,0
2020,Public,MONTGOMERY,Glenellen Elementary,162,158,1,3,0,0,0
2020,Public,MONTGOMERY,Hazelwood Elementary,142,140,0,1,1,0,0
2020,Public,MONTGOMERY,Kenwood Elementary,120,116,0,2,1,0,1
2020,Public,MONTGOMERY,Liberty Elementary,135,130,0,4,1,0,0
2020,Public,MONTGOMERY,Minglewood Elementary,102,90,2,4,0,0,5
2020,Public,MONTGOMERY,Montgomery Central Elementary,74,67,0,6,0,0,0
2020,Public,MONTGOMERY,Moore Magnet Elementary,77,70,0,5,0,0,2
2020,Public,MONTGOMERY,Norman Smith Elementary,69,65,0,1,2,0,1
2020,Public,MONTGOMERY,Northeast Elementary,117,110,0,3,4,0,0
2020,Public,MONTGOMERY,Oakland Elementary,159,153,0,4,2,0,0
2020,Public,MONTGOMERY,Pisgah Elementary,150,140,0,8,2,0,0
2020,Public,MONTGOMERY,Ringgold Elementary,135,129,0,0,2,0,4
2020,Public,MONTGOMERY,Rossview Elementary,173,161,1,5,3,2,0
2020,Public,MONTGOMERY,Sango Elementary,128,122,0,6,0,0,0
2020,Public,MONTGOMERY,St. Bethlehem Elementary,154,143,0,5,6,0,0
2020,Public,MONTGOMERY,West Creek Elementary,133,125,0,5,3,0,0
2020,Public,MONTGOMERY,Woodlawn Elementary,116,110,0,5,1,0,0
2020,Public,ROBERTSON,Coopertown Elementary,83,79,0,0,2,0,2
2020,Public,ROBERTSON,Crestview Elementary School,117,106,0,4,1,0,6
2020,Public,ROBERTSON,East Robertson Elementary,61,61,0,0,0,0,0
2020,Public,ROBERTSON,Greenbrier Elementary,86,85,0,1,0,0,0
2020,Public,ROBERTSON,Jo Byrns Elementary School,58,56,0,1,0,0,1
2020,Public,ROBERTSON,Krisle Elementary,53,52,0,0,1,0,0
2020,Public,ROBERTSON,Robert F. Woodall Elementary,116,111,0,3,1,0,1
2020,Public,ROBERTSON,Tennessee Connections Academy K-8,109,100,0,3,2,1,3
2020,Public,ROBERTSON,Watauga Elementary,60,58,0,1,0,0,1
2020,Public,ROBERTSON,Westside Elementary,106,102,0,2,1,0,1
2020,Public,RUTHERFORD,Black Fox Elementary,114,108,0,4,2,0,0
2020,Public,RUTHERFORD,Bradley Academy - An Arts Integrated School,51,47,0,0,4,0,0
2020,Public,RUTHERFORD,Cason Lane Academy,103,102,0,1,0,0,0
2020,Public,RUTHERFORD,Discovery School,60,60,0,0,0,0,0
2020,Public,RUTHERFORD,Erma Siegel Elementary,95,92,0,2,1,0,0
2020,Public,RUTHERFORD,Hobgood Elementary,104,99,0,2,3,0,0
2020,Public,RUTHERFORD,John Pittard Elementary,118,110,0,3,4,1,0
2020,Public,RUTHERFORD,Mitchell-Neilson Elementary,86,84,0,0,2,0,0
2020,Public,RUTHERFORD,Northfield Elementary,94,88,0,4,2,0,0
2020,Public,RUTHERFORD,Overall Creek Elementary,146,142,0,2,0,2,0
2020,Public,RUTHERFORD,Reeves-Rogers Elementary,74,72,0,1,0,1,0
2020,Public,RUTHERFORD,Salem Elementary School,159,158,0,1,0,0,0
2020,Public,RUTHERFORD,Scales Elementary School,134,122,3,3,3,0,1
2020,Public,RUTHERFORD,Barfield Elementary,106,99,0,6,1,0,0
2020,Public,RUTHERFORD,Blackman Elementary School,169,165,1,1,1,0,1
2020,Public,RUTHERFORD,Brown's Chapel Elementary School,104,102,0,2,0,0,0
2020,Public,RUTHERFORD,Buchanan Elementary,90,87,0,2,1,0,0
2020,Public,RUTHERFORD,Cedar Grove Elementary,118,115,0,0,3,0,0
2020,Public,RUTHERFORD,Christiana Elementary,115,109,0,4,2,0,0
2020,Public,RUTHERFORD,David Youree Elementary,137,132,0,1,3,0,1
2020,Public,RUTHERFORD,Eagleville School,67,65,0,1,0,0,1
2020,Public,RUTHERFORD,Homer Pittard Campus School,40,37,0,3,0,0,0
2020,Public,RUTHERFORD,John Colemon Elementary,84,79,0,2,3,0,0
2020,Public,RUTHERFORD,Kittrell Elementary,52,48,0,1,2,0,0
2020,Public,RUTHERFORD,Lascassas Elementary,102,96,0,4,1,1,0
2020,Public,RUTHERFORD,Lavergne Lake Elementary School,148,146,0,0,2,0,0
2020,Public,RUTHERFORD,Mcfadden School Of Excellence,59,55,0,4,0,0,0
2020,Public,RUTHERFORD,Rock Springs Elementary,180,175,0,4,1,0,0
2020,Public,RUTHERFORD,Rockvale Elementary,173,164,0,5,4,0,0
2020,Public,RUTHERFORD,Rocky Fork Elementary School,156,151,0,4,1,0,0
2020,Public,RUTHERFORD,Roy L Waldron Elementary,151,148,0,0,3,0,0
2020,Public,RUTHERFORD,Smyrna Elementary,113,107,0,2,2,0,2
2020,Public,RUTHERFORD,Smyrna Primary,84,82,0,0,1,0,0
2020,Public,RUTHERFORD,Stewarts Creek Elementary School,162,157,0,4,1,0,0
2020,Public,RUTHERFORD,Stewartsboro Elementary,104,104,0,0,0,0,0
2020,Public,RUTHERFORD,Thurman Francis Arts Academy/Magnet School For The Arts,56,54,0,2,0,0,0
2020,Public,RUTHERFORD,Walter Hill Elementary,78,77,0,1,0,0,0
2020,Public,RUTHERFORD,Wilson Elementary School,99,95,0,1,3,0,0
2020,Public,STEWART,Dover Elementary,63,59,0,1,0,0,3
2020,Public,STEWART,North Stewart Elementary,65,60,1,0,1,0,3
2020,Public,SUMNER,Beech Elementary,84,82,0,1,1,0,0
2020,Public,SUMNER,Benny C. Bills Elementary School,122,113,2,3,0,0,4
2020,Public,SUMNER,Bethpage Elementary,48,46,0,0,0,0,2
2020,Public,SUMNER,Clyde Riggs Elementary,26,26,0,0,0,0,0
2020,Public,SUMNER,Dr. William Burrus Elementary At Drakes Creek,96,93,0,3,0,0,0
2020,Public,SUMNER,Gene W. Brown Elementary,79,78,0,0,0,0,1
2020,Public,SUMNER,George A Whitten Elementary,73,71,0,2,0,0,0
2020,Public,SUMNER,Guild Elementary,92,88,0,2,0,0,2
2020,Public,SUMNER,Harold B. Williams Elementary School,117,113,0,1,2,0,1
2020,Public,SUMNER,Howard Elementary,86,83,0,1,0,0,2
2020,Public,SUMNER,Indian Lake Elementary,93,86,3,3,0,0,1
2020,Public,SUMNER,J W Wiseman Elementary,55,52,0,2,1,0,0
2020,Public,SUMNER,Jack Anderson Elementary,123,117,1,2,0,0,3
2020,Public,SUMNER,Lakeside Park Elementary,45,43,0,1,0,0,1
2020,Public,SUMNER,Madison Creek Elementary,88,79,0,2,1,0,6
2020,Public,SUMNER,Merrol Hyde Magnet School,40,39,0,1,0,0,0
2020,Public,SUMNER,Millersville Elementary,36,35,1,0,0,0,0
2020,Public,SUMNER,Nannie Berry Elementary,79,73,0,5,0,0,0
2020,Public,SUMNER,North Sumner Elementary,38,38,0,0,0,0,0
2020,Public,SUMNER,Oakmont Elementary,18,17,0,0,1,0,0
2020,Public,SUMNER,Portland Gateview Elementary School,75,75,0,0,0,0,0
2020,Public,SUMNER,Station Camp Elementary,163,160,0,3,0,0,0
2020,Public,SUMNER,Union Elementary School,73,71,0,2,0,0,0
2020,Public,SUMNER,Vena Stuart Elementary,105,101,0,2,0,1,1
2020,Public,SUMNER,Walton Ferry Elementary,65,63,1,0,1,0,0
2020,Public,SUMNER,Watt Hardison Elementary,68,67,0,1,0,0,0
2020,Public,SUMNER,Westmoreland Elementary,71,70,0,1,0,0,0
2020,Public,TROUSDALE,Trousdale Co Elementary,97,95,0,0,0,1,1
2020,Public,WILLIAMSON,Franklin Elementary,48,43,0,4,1,0,0
2020,Public,WILLIAMSON,Johnson Elementary,62,60,0,2,0,0,0
2020,Public,WILLIAMSON,Liberty Elementary,105,103,0,1,1,0,0
2020,Public,WILLIAMSON,Moore Elementary,86,83,0,2,1,0,0
2020,Public,WILLIAMSON,Poplar Grove K-4,58,56,0,2,0,0,0
2020,Public,WILLIAMSON,Allendale Elementary School,81,79,0,2,0,0,0
2020,Public,WILLIAMSON,Bethesda Elementary,69,64,0,2,2,1,0
2020,Public,WILLIAMSON,Chapman's Retreat Elementary,88,81,0,4,0,0,3
2020,Public,WILLIAMSON,Clovercroft Elementary School,105,102,0,3,0,0,0
2020,Public,WILLIAMSON,College Grove Elementary,77,72,0,4,1,0,0
2020,Public,WILLIAMSON,Creekside Elementary School,113,109,0,2,1,0,1
2020,Public,WILLIAMSON,Crockett Elementary,95,93,0,2,0,0,0
2020,Public,WILLIAMSON,Edmondson Elementary,100,97,0,2,0,0,1
2020,Public,WILLIAMSON,Fairview Elementary,78,76,0,1,1,0,0
2020,Public,WILLIAMSON,Grassland Elementary,77,75,0,0,2,0,0
2020,Public,WILLIAMSON,Heritage Elementary,84,80,0,3,1,0,0
2020,Public,WILLIAMSON,Hillsboro Elementary/ Middle School,25,22,0,3,0,0,0
2020,Public,WILLIAMSON,Hunters Bend Elementary,61,57,0,3,1,0,0
2020,Public,WILLIAMSON,Jordan Elementary School,65,62,0,3,0,0,0
2020,Public,WILLIAMSON,Kenrose Elementary,100,96,0,4,0,0,0
2020,Public,WILLIAMSON,Lipscomb Elementary,84,80,0,3,1,0,0
2020,Public,WILLIAMSON,Longview Elementary School,141,129,0,7,4,1,0
2020,Public,WILLIAMSON,Mill Creek Elementary School,114,111,0,3,0,0,0
2020,Public,WILLIAMSON,Nolensville Elementary,121,118,0,2,0,0,1
2020,Public,WILLIAMSON,Oak View Elem School,45,42,0,3,0,0,0
2020,Public,WILLIAMSON,Pearre Creek Elementary School,75,71,0,1,3,0,0
2020,Public,WILLIAMSON,Scales Elementary,92,90,0,2,0,0,0
2020,Public,WILLIAMSON,Sunset Elementary School,88,86,0,2,0,0,0
2020,Public,WILLIAMSON,Thompson's Station Elementary School,123,116,0,6,1,0,0
2020,Public,WILLIAMSON,Trinity Elementary,68,68,0,0,0,0,0
2020,Public,WILLIAMSON,Walnut Grove Elementary,98,92,0,5,1,0,0
2020,Public,WILLIAMSON,Westwood Elementary School,84,83,0,1,0,0,0
2020,Public,WILLIAMSON,Winstead Elementary School,79,77,0,2,0,0,0
2020,Public,WILSON,Byars Dowdy Elementary,90,89,0,1,0,0,0
2020,Public,WILSON,Castle Heights Elementary,109,106,0,3,0,0,0
2020,Public,WILSON,Coles Ferry Elementary,109,103,0,1,4,0,1
2020,Public,WILSON,Sam Houston Elementary,106,104,0,1,0,0,1
2020,Public,WILSON,Barry Tatum Academy,131,127,0,2,1,0,1
2020,Public,WILSON,Carroll Oakland Elementary,68,68,0,0,0,0,0
2020,Public,WILSON,Elzie D Patton Elementary School,51,51,0,0,0,0,0
2020,Public,WILSON,Gladeville Elementary,113,108,0,5,0,0,0
2020,Public,WILSON,Lakeview Elementary School,71,68,0,3,0,0,0
2020,Public,WILSON,Mt. Juliet Elementary,73,72,0,1,0,0,0
2020,Public,WILSON,Rutland Elementary,151,145,0,3,3,0,0
2020,Public,WILSON,Southside Elementary,72,69,1,1,1,0,0
2020,Public,WILSON,Springdale Elementary School,105,103,0,1,0,1,0
2020,Public,WILSON,Stoner Creek Elementary,98,97,0,1,0,0,0
2020,Public,WILSON,Tuckers Crossroads Elementary,27,26,0,1,0,0,0
2020,Public,WILSON,W A Wright Elementary,58,56,0,2,0,0,0
2020,Public,WILSON,Watertown Elementary,83,81,0,1,0,0,1
2020,Public,WILSON,West Elementary,98,93,0,1,2,0,2
2020,Public,SHELBY,Cornerstone Prep - Lester Campus,58,55,0,2,1,0,0
2020,Public,SHELBY,Cornerstone Prep Denver Campus,75,70,1,3,0,0,0
2020,Public,SHELBY,Corning Achievement Elementary,22,15,0,0,0,0,7
2020,Public,SHELBY,Frayser Achievement Elementary,34,26,0,1,0,0,7
2020,Public,SHELBY,Georgian Hills Achievement Elementary School,37,37,0,0,0,0,0
2020,Public,SHELBY,Journey Coleman School,69,68,0,0,0,0,1
2020,Public,SHELBY,Journey Hanley Elementary,84,74,5,1,1,0,3
2020,Public,SHELBY,Kipp Memphis Academy Elementary,52,48,4,0,0,0,0
2020,Public,SHELBY,Libertas School,98,64,1,4,0,0,29
2020,Public,SHELBY,Memphis Scholars Caldwell-Guthrie,35,24,0,0,0,0,11
2020,Public,SHELBY,Memphis Scholars Florida Kansas,17,14,0,0,0,0,3
2020,Public,SHELBY,Promise Academy - Spring Hill,57,47,3,0,1,0,6
2020,Public,SHELBY,Whitney Achievement Elementary School,31,26,0,2,3,0,0
2020,Public,DAVIDSON,A. Z. Kelley Elementary,147,143,0,0,2,0,2
2020,Public,DAVIDSON,Alex Green Elementary,60,51,1,1,0,0,7
2020,Public,DAVIDSON,Amqui Elementary,87,79,4,0,0,0,4
2020,Public,DAVIDSON,Andrew Jackson Elementary,64,62,0,2,0,0,0
2020,Public,DAVIDSON,Bellshire Elementary,51,50,0,0,1,0,0
2020,Public,DAVIDSON,Cane Ridge Elementary,96,89,3,1,1,0,2
2020,Public,DAVIDSON,Carter-Lawrence Elementary,28,28,0,0,0,0,0
2020,Public,DAVIDSON,Chadwell Elementary,66,62,0,0,3,0,1
2020,Public,DAVIDSON,Charlotte Park Elementary,90,85,1,0,2,0,2
2020,Public,DAVIDSON,Cockrill Elementary,43,41,0,0,0,0,2
2020,Public,DAVIDSON,Cole Elementary,125,118,0,1,1,0,5
2020,Public,DAVIDSON,Crieve Hall Elementary,100,93,0,2,5,0,0
2020,Public,DAVIDSON,Cumberland Elementary,68,61,0,0,3,0,4
2020,Public,DAVIDSON,Dan Mills Elementary,88,83,0,5,0,0,0
2020,Public,DAVIDSON,Dodson Elementary,71,68,2,1,0,0,0
2020,Public,DAVIDSON,Dupont Elementary,65,63,0,1,0,0,1
2020,Public,DAVIDSON,Eagle View Elementary School,100,95,0,1,2,0,2
2020,Public,DAVIDSON,Eakin Elementary,90,87,0,1,1,1,0
2020,Public,DAVIDSON,East End Preparatory School,92,89,1,2,0,0,0
2020,Public,DAVIDSON,Explore Community School,79,73,5,1,0,0,0
2020,Public,DAVIDSON,Fall-Hamilton Elementary,53,53,0,0,0,0,0
2020,Public,DAVIDSON,Gateway Elementary,44,39,0,0,1,0,4
2020,Public,DAVIDSON,Glencliff Elementary,79,71,0,0,7,0,1
2020,Public,DAVIDSON,Glendale Elementary,87,87,0,0,0,0,0
2020,Public,DAVIDSON,Glengarry Elementary,71,65,1,0,5,0,0
2020,Public,DAVIDSON,Glenview Elementary,87,83,1,0,3,0,0
2020,Public,DAVIDSON,Goodlettsville Elementary,54,52,0,1,0,0,1
2020,Public,DAVIDSON,Gower Elementary,86,83,0,1,1,0,1
2020,Public,DAVIDSON,Granbery Elementary,136,130,0,5,0,0,1
2020,Public,DAVIDSON,Harpeth Valley Elementary,110,108,1,1,0,0,0
2020,Public,DAVIDSON,Harris-Hillman Special Education,2,2,0,0,0,0,0
2020,Public,DAVIDSON,Hattie Cotton Elementary,42,40,0,1,1,0,0
2020,Public,DAVIDSON,Haywood Elementary,95,90,0,1,3,0,1
2020,Public,DAVIDSON,Henry C. Maxwell Elementary,96,94,0,2,0,0,0
2020,Public,DAVIDSON,Hermitage Elementary,38,37,0,0,0,0,1
2020,Public,DAVIDSON,Hickman Elementary,45,41,0,0,4,0,0
2020,Public,DAVIDSON,Hull-Jackson Elementary,53,51,1,0,0,0,0
2020,Public,DAVIDSON,Ida B. Wells Elementary,36,30,1,0,0,0,5
2020,Public,DAVIDSON,Inglewood Elementary,45,38,0,0,0,0,7
2020,Public,DAVIDSON,J. E. Moss Elementary,121,112,1,0,1,0,7
2020,Public,DAVIDSON,Joelton Elementary,37,37,0,0,0,0,0
2020,Public,DAVIDSON,John B. Whitsitt Elementary,66,64,2,0,0,0,0
2020,Public,DAVIDSON,Jones Elementary,42,36,0,0,0,0,1
2020,Public,DAVIDSON,Julia Green Elementary,78,78,0,0,0,0,0
2020,Public,DAVIDSON,Kipp Academy Nashville Elementary School,88,76,7,3,0,0,2
2020,Public,DAVIDSON,Kipp Nashville College Prep Elementary,85,83,0,1,0,0,1
2020,Public,DAVIDSON,Lakeview Elementary,77,73,0,2,1,0,1
2020,Public,DAVIDSON,Lockeland Elementary,61,60,0,0,1,0,0
2020,Public,DAVIDSON,May Werthan Shayne Elementary School,149,133,2,9,1,0,4
2020,Public,DAVIDSON,Mcgavock Elementary,44,39,0,0,4,0,1
2020,Public,DAVIDSON,Mt. View Elementary,131,126,0,1,0,0,4
2020,Public,DAVIDSON,Napier Elementary,52,50,0,0,1,0,1
2020,Public,DAVIDSON,Nashville Classical,70,56,8,0,1,0,5
2020,Public,DAVIDSON,Neely's Bend Elementary,43,42,0,0,1,0,0
2020,Public,DAVIDSON,Norman Binkley Elementary,123,106,0,2,7,0,8
2020,Public,DAVIDSON,Old Center Elementary,61,57,0,1,1,0,2
2020,Public,DAVIDSON,Paragon Mills Elementary,91,82,5,0,0,0,4
2020,Public,DAVIDSON,Park Avenue Elementary,41,41,0,0,0,0,0
2020,Public,DAVIDSON,Pennington Elementary,44,43,0,0,1,0,0
2020,Public,DAVIDSON,Percy Priest Elementary,97,94,0,3,0,0,0
2020,Public,DAVIDSON,Purpose Prep,66,65,0,0,0,0,1
2020,Public,DAVIDSON,Robert Churchwell Elementary,44,40,1,1,0,0,2
2020,Public,DAVIDSON,Rocketship Nashville Northeast Elementary,104,84,17,0,0,0,3
2020,Public,DAVIDSON,Rocketship United,115,113,2,0,0,0,0
2020,Public,DAVIDSON,Rosebank Elementary,68,59,0,4,0,0,5
2020,Public,DAVIDSON,Ruby Major Elementary,72,69,0,2,1,0,0
2020,Public,DAVIDSON,Shwab Elementary,42,41,0,0,1,0,0
2020,Public,DAVIDSON,Smith Springs Elementary School,107,97,2,1,2,0,5
2020,Public,DAVIDSON,Smithson Craighead Academy,45,38,2,2,2,0,1
2020,Public,DAVIDSON,Stanford Elementary,63,57,0,3,0,0,3
2020,Public,DAVIDSON,Stratton Elementary,73,68,2,0,2,0,1
2020,Public,DAVIDSON,Sylvan Park Elementary,74,67,0,4,0,3,0
2020,Public,DAVIDSON,Thomas A. Edison Elementary,114,108,1,0,2,0,3
2020,Public,DAVIDSON,Tom Joy Elementary,54,49,1,1,0,0,3
2020,Public,DAVIDSON,Tulip Grove Elementary,85,83,2,0,0,0,0
2020,Public,DAVIDSON,Tusculum Elementary,133,126,0,0,6,0,1
2020,Public,DAVIDSON,Una Elementary,116,107,0,0,0,0,9
2020,Public,DAVIDSON,Warner Elementary,51,50,0,1,0,0,0
2020,Public,DAVIDSON,Waverly-Belmont Elementary School,101,98,0,3,0,0,0
2020,Public,DAVIDSON,Westmeade Elementary,80,73,4,2,1,0,0
2020,Public,DAVIDSON,Tenn School For Blind,1,1,0,0,0,0,0
2020,Public,DAVIDSON,Kipp Antioch College Prep Elementary,128,124,0,2,0,0,2
2020,Public,CARTER,Central Elementary,29,26,1,2,0,0,0
2020,Public,CARTER,Cloudland Elementary School,30,30,0,0,0,0,0
2020,Public,CARTER,Hampton Elementary,52,51,0,0,0,0,1
2020,Public,CARTER,Happy Valley Elementary,93,86,0,6,0,1,0
2020,Public,CARTER,Hunter Elementary,65,63,0,0,0,0,2
2020,Public,CARTER,Keenburg Elementary,24,48,24,0,0,0,0
2020,Public,CARTER,Little Milligan,16,15,0,1,0,0,0
2020,Public,CARTER,Unaka Elementary,21,20,0,0,0,0,1
2020,Public,CARTER,Valley Forge Elementary,24,24,0,0,0,0,0
2020,Public,CARTER,East Side Elementary,75,70,0,2,0,0,3
2020,Public,CARTER,Harold Mccormick Elementary,52,49,0,0,2,0,1
2020,Public,CARTER,West Side Elementary,60,58,0,2,0,0,0
2020,Public,GREENE,C Hal Henard Elementary,50,48,0,2,0,0,0
2020,Public,GREENE,Eastview Elementary,62,62,0,0,0,0,0
2020,Public,GREENE,Highland Elementary,22,22,0,0,0,0,0
2020,Public,GREENE,Tusculum View Elementary,64,63,0,0,0,0,1
2020,Public,GREENE,Baileyton Elementary,57,56,0,1,0,0,0
2020,Public,GREENE,Camp Creek Elementary,44,43,0,1,0,0,0
2020,Public,GREENE,Chuckey Elementary,55,54,0,0,0,0,1
2020,Public,GREENE,Doak Elementary,76,74,0,1,1,0,0
2020,Public,GREENE,Mcdonald Elementary,35,35,0,0,0,0,0
2020,Public,GREENE,Mosheim Elementary,92,90,0,1,0,1,0
2020,Public,GREENE,Nolachuckey Elementary,46,45,0,0,1,0,0
2020,Public,HANCOCK,Hancock County Elementary,60,55,4,1,0,0,0
2020,Public,HAWKINS,Bulls Gap School,11,10,0,0,1,0,0
2020,Public,HAWKINS,Carter's Valley Elementary,59,57,0,0,2,0,0
2020,Public,HAWKINS,Church Hill Elementary,52,52,0,0,0,0,0
2020,Public,HAWKINS,Clinch School,11,10,0,1,0,0,0
2020,Public,HAWKINS,Joseph Rogers Primary School,83,81,0,2,0,0,0
2020,Public,HAWKINS,Keplar Elementary,9,9,0,0,0,0,0
2020,Public,HAWKINS,Mcpheeter's Bend Elementary,17,17,0,0,0,0,0
2020,Public,HAWKINS,Mooresburg Elementary,31,30,0,0,1,0,0
2020,Public,HAWKINS,Mt Carmel Elementary,53,50,0,2,1,0,0
2020,Public,HAWKINS,St Clair Elementary,25,25,0,0,0,0,0
2020,Public,HAWKINS,Surgoinsville Elementary,62,57,0,4,1,0,0
2020,Public,HAWKINS,Rogersville Elementary,69,69,0,0,0,0,0
2020,Public,JOHNSON,Doe Elementary,23,23,0,0,0,0,0
2020,Public,JOHNSON,Laurel Elementary,11,10,0,0,0,0,1
2020,Public,JOHNSON,Mountain City Elementary,51,48,0,1,0,0,2
2020,Public,JOHNSON,Roan Creek Elementary,44,40,0,0,0,0,4
2020,Public,UNICOI,Love Chapel Elementary,52,50,0,0,0,0,2
2020,Public,UNICOI,Rock Creek Elementary,28,28,0,0,0,0,0
2020,Public,UNICOI,Temple Hill Elementary,10,9,0,1,0,0,0
2020,Public,UNICOI,Unicoi Elementary,42,42,0,0,0,0,0
2020,Public,WASHINGTON,Cherokee Elementary,77,76,0,1,0,0,0
2020,Public,WASHINGTON,Fairmont Elementary,91,87,0,4,0,0,0
2020,Public,WASHINGTON,Lake Ridge Elementary,103,99,0,1,2,1,0
2020,Public,WASHINGTON,Mountain View Elementary,69,68,0,0,1,0,0
2020,Public,WASHINGTON,North Side Elementary,45,43,0,1,0,0,1
2020,Public,WASHINGTON,South Side Elementary,48,48,0,0,0,0,0
2020,Public,WASHINGTON,Towne Acres Elementary,59,58,0,0,1,0,0
2020,Public,WASHINGTON,Woodland Elementary,69,66,0,2,0,0,1
2020,Public,WASHINGTON,Boones Creek Elementary School,80,78,0,1,1,0,0
2020,Public,WASHINGTON,Fall Branch Elementary,38,36,0,0,2,0,0
2020,Public,WASHINGTON,Grandview Elementary School,73,72,0,0,0,1,0
2020,Public,WASHINGTON,Gray Elementary School,63,61,0,0,0,0,2
2020,Public,WASHINGTON,Jonesborough Elementary,84,80,0,1,0,2,1
2020,Public,WASHINGTON,Lamar Elementary,46,46,0,0,0,0,0
2020,Public,WASHINGTON,Ridgeview Elementary School,82,78,0,3,0,0,0
2020,Public,WASHINGTON,South Central Elementary,21,21,0,0,0,0,0
2020,Public,WASHINGTON,Sulphur Springs Elementary,30,29,0,1,0,0,0
2020,Public,WASHINGTON,University School,20,19,0,1,0,0,0
2020,Public,WASHINGTON,West View School,24,24,0,0,0,0,0
2020,Public,BEDFORD,Cascade Elementary,93,89,0,4,0,0,0
2020,Public,BEDFORD,Community Elementary School,93,90,0,0,0,0,3
2020,Public,BEDFORD,Eakin Elementary,109,103,0,1,5,0,0
2020,Public,BEDFORD,East Side Elementary,71,65,0,0,6,0,0
2020,Public,BEDFORD,Learning Way Elementary,77,70,1,3,3,0,0
2020,Public,BEDFORD,Liberty Elementary,52,51,0,0,1,0,1
2020,Public,BEDFORD,South Side Elementary,53,49,0,1,2,0,0
2020,Public,BEDFORD,Thomas Magnet Elementary School,61,61,0,0,0,0,0
2020,Public,COFFEE,Deerfield Elementary School,31,31,0,0,0,0,0
2020,Public,COFFEE,East Coffee Elementary,35,35,0,0,0,0,0
2020,Public,COFFEE,Hickerson Elementary,30,30,0,0,0,0,0
2020,Public,COFFEE,Hillsboro Elementary,50,49,0,1,0,0,0
2020,Public,COFFEE,New Union Elementary,46,45,0,0,1,0,0
2020,Public,COFFEE,North Coffee Elementary,42,41,0,1,0,0,0
2020,Public,COFFEE,College Street Elementary,73,71,0,1,1,0,0
2020,Public,COFFEE,Westwood Elementary,65,61,0,0,3,1,0
2020,Public,COFFEE,Bel Aire Elementary,54,49,0,3,0,0,2
2020,Public,COFFEE,East Lincoln Elementary,73,71,0,0,0,0,2
2020,Public,COFFEE,Jack T Farrar Elementary,62,58,0,2,1,1,0
2020,Public,COFFEE,Robert E Lee Elementary,75,73,0,0,1,0,1
2020,Public,GILES,Elkton Elementary,26,24,0,0,1,0,1
2020,Public,GILES,Minor Hill School,42,39,1,1,0,0,1
2020,Public,GILES,Pulaski Elementary,143,132,0,3,2,0,4
2020,Public,GILES,Richland Elementary,79,72,2,1,0,0,4
2020,Public,HICKMAN,Centerville Elementary,101,100,0,0,1,0,0
2020,Public,HICKMAN,East Hickman Elementary,129,120,0,1,5,0,2
2020,Public,LAWRENCE,David Crockett Elementary,72,68,0,4,0,0,0
2020,Public,LAWRENCE,Ethridge Elementary,45,45,0,0,0,0,0
2020,Public,LAWRENCE,Ingram Sowell Elementary,68,64,0,2,2,0,0
2020,Public,LAWRENCE,Lawrenceburg Public,77,74,0,3,0,0,0
2020,Public,LAWRENCE,Leoma Elementary,37,34,0,2,0,1,0
2020,Public,LAWRENCE,New Prospect Elementary,36,33,0,2,1,0,0
2020,Public,LAWRENCE,Pioneer Virtual Academy,1,1,0,0,0,0,0
2020,Public,LAWRENCE,South Lawrence Elementary,54,53,0,0,1,0,0
2020,Public,LAWRENCE,Summertown Elementary,81,70,0,6,3,0,2
2020,Public,LEWIS,Lewis County Elementary,137,132,0,3,1,1,0
2020,Public,LINCOLN,Ralph Askins School,92,90,0,0,1,0,1
2020,Public,LINCOLN,Blanche School,23,21,0,2,0,0,0
2020,Public,LINCOLN,Flintville School,50,50,0,0,0,0,0
2020,Public,LINCOLN,Highland Rim School,74,70,1,3,0,0,0
2020,Public,LINCOLN,South Lincoln School,51,49,0,1,1,0,0
2020,Public,LINCOLN,Unity School,37,37,0,0,0,0,0
2020,Public,MARSHALL,Cornersville Elementary,65,65,0,0,0,0,0
2020,Public,MARSHALL,Oak Grove Elementary,213,210,1,0,1,0,1
2020,Public,MAURY,Battle Creek Elementary School,105,100,0,3,1,0,1
2020,Public,MAURY,Culleoka Unit School,55,55,0,0,0,0,0
2020,Public,MAURY,Hampshire Unit School,29,28,0,1,0,0,0
2020,Public,MAURY,Highland Park Elementary,61,57,0,1,3,0,0
2020,Public,MAURY,J E Woodard Elementary,86,82,0,2,2,0,0
2020,Public,MAURY,J E Woody Elementary,92,89,0,2,0,0,0
2020,Public,MAURY,J. Brown Elementary,64,55,0,6,1,0,2
2020,Public,MAURY,J. R. Baker Elementary,58,57,0,1,0,0,0
2020,Public,MAURY,Marvin Wright Elementary School,95,87,0,8,0,0,0
2020,Public,MAURY,Mcdowell Elementary,71,69,0,1,1,0,0
2020,Public,MAURY,R Howell Elementary,89,76,6,1,1,0,4
2020,Public,MAURY,Riverside Elementary,86,81,0,0,2,0,3
2020,Public,MAURY,Santa Fe Unit School,35,33,0,2,0,0,0
2020,Public,MAURY,Spring Hill Elementary,69,63,0,3,1,0,2
2020,Public,MOORE,Lynchburg Elementary,59,55,0,2,0,0,2
2020,Public,PERRY,Linden Elementary,41,39,0,2,0,0,0
2020,Public,PERRY,Lobelville Elementary,20,19,0,1,0,0,0
2020,Public,PERRY,Perry County Virtual School,9,5,0,0,0,0,4
2020,Public,WAYNE,Collinwood Elementary,61,59,0,1,1,0,0
2020,Public,WAYNE,Frank Hughes School,16,15,1,0,0,0,0
2020,Public,WAYNE,Waynesboro Elementary,82,80,0,1,1,0,0
2020,Public,BRADLEY,Black Fox Elementary School,87,76,0,10,1,0,0
2020,Public,BRADLEY,Bradley County Virtual School,7,6,0,1,0,0,0
2020,Public,BRADLEY,Charleston Elementary School,45,40,0,2,2,0,1
2020,Public,BRADLEY,Hopewell Elementary School,65,63,0,2,0,0,0
2020,Public,BRADLEY,Michigan Avenue Elementary School,71,65,0,3,3,0,0
2020,Public,BRADLEY,North Lee Elementary School,74,70,0,2,1,0,1
2020,Public,BRADLEY,Oak Grove Elementary School,52,50,0,1,1,0,0
2020,Public,BRADLEY,Park View Elementary School,50,46,0,2,2,0,0
2020,Public,BRADLEY,Prospect Elementary School,60,56,0,2,1,0,1
2020,Public,BRADLEY,Taylor Elementary School,29,29,0,0,0,0,0
2020,Public,BRADLEY,Valley View Elementary School,46,45,1,0,0,0,0
2020,Public,BRADLEY,Waterville Community Elementary School,102,95,0,5,1,1,0
2020,Public,BRADLEY,Arnold Memorial Elementary,45,41,0,1,0,0,2
2020,Public,BRADLEY,Blythe-Bower Elementary,108,100,2,3,1,0,2
2020,Public,BRADLEY,Candy's Creek Cherokee Elementary School,71,61,5,1,2,0,1
2020,Public,BRADLEY,D.P. Yates Primary,62,58,0,3,1,0,0
2020,Public,BRADLEY,G.R. Stuart Elementary,53,44,1,3,2,0,3
2020,Public,BRADLEY,Mayfield Elementary,51,42,0,2,0,0,7
2020,Public,FRANKLIN,Broadview Elementary,37,37,0,0,0,0,0
2020,Public,FRANKLIN,Clark Memorial School,87,86,0,0,1,0,0
2020,Public,FRANKLIN,Cowan Elementary,38,36,0,1,1,0,0
2020,Public,FRANKLIN,Decherd Elementary,61,59,0,1,0,0,1
2020,Public,FRANKLIN,Huntland School,38,36,0,2,0,0,0
2020,Public,FRANKLIN,North Lake Elementary,34,33,0,1,0,0,0
2020,Public,FRANKLIN,Rock Creek Elementary,61,60,1,0,0,0,0
2020,Public,FRANKLIN,Sewanee Elementary,22,22,0,0,0,0,0
2020,Public,GRUNDY,Coalmont Elementary,24,24,0,0,0,0,0
2020,Public,GRUNDY,North Elementary,39,36,0,2,1,0,0
2020,Public,GRUNDY,Palmer Elementary,12,11,0,1,0,0,0
2020,Public,GRUNDY,Pelham Elementary,13,13,0,0,0,0,0
2020,Public,GRUNDY,Swiss Memorial Elementary,13,11,0,2,0,0,0
2020,Public,GRUNDY,Tracy Elementary,30,29,0,0,0,0,1
2020,Public,MARION,Jasper Elementary School,105,104,0,1,0,0,0
2020,Public,MARION,Monteagle Elementary,25,25,0,0,0,0,0
2020,Public,MARION,South Pittsburg Elementary,83,81,0,2,0,0,0
2020,Public,MARION,Whitwell Elementary,90,87,0,1,2,0,0
2020,Public,MARION,Richard Hardy Memorial School,13,13,0,0,0,0,0
2020,Public,MCMINN,City Park Elementary,90,89,0,1,0,0,0
2020,Public,MCMINN,Ingleside Elementary,86,85,0,1,0,0,0
2020,Public,MCMINN,Etowah Elementary,29,25,0,2,1,0,1
2020,Public,MCMINN,Calhoun Elementary,28,27,0,0,0,1,0
2020,Public,MCMINN,E K Baker Elementary,30,29,0,1,0,0,0
2020,Public,MCMINN,Englewood Elementary,52,49,0,2,0,0,1
2020,Public,MCMINN,Mountain View Elementary,62,61,0,1,0,0,0
2020,Public,MCMINN,Niota Elementary,66,63,0,1,1,0,1
2020,Public,MCMINN,Riceville Elementary,54,50,0,1,2,0,1
2020,Public,MCMINN,Rogers Creek Elementary,29,28,0,0,1,0,0
2020,Public,MEIGS,Meigs North Elementary,64,61,0,2,1,0,0
2020,Public,MEIGS,Meigs South Elementary,59,57,0,0,1,0,1
2020,Public,POLK,Benton Elementary,44,40,0,0,1,0,3
2020,Public,POLK,Copper Basin Elementary School,38,33,1,1,0,0,3
2020,Public,POLK,Polk Innovative Learning Academy,7,7,0,0,0,0,0
2020,Public,POLK,South Polk Elementary,41,40,0,0,0,0,1
2020,Public,RHEA,Dayton City Elementary,129,117,0,1,1,1,9
2020,Public,RHEA,Frazier Elementary,50,49,0,1,0,0,0
2020,Public,RHEA,Graysville Elementary School,41,40,0,0,0,0,1
2020,Public,RHEA,Rhea Central Elementary,91,88,0,1,1,0,0
2020,Public,RHEA,Spring City Elementary,75,72,0,3,0,0,0
2020,Public,SEQUATCHIE,Griffith Elementary,124,122,0,0,1,1,0
2020,Public,SULLIVAN,Anderson Elementary,34,34,0,0,0,0,0
2020,Public,SULLIVAN,Avoca Elementary,65,64,0,1,0,0,0
2020,Public,SULLIVAN,Fairmount Elementary,49,47,0,0,1,0,1
2020,Public,SULLIVAN,Haynesfield Elementary,58,56,0,1,1,0,0
2020,Public,SULLIVAN,Holston View Elementary,50,49,0,1,0,0,0
2020,Public,SULLIVAN,Abraham Lincoln Elementary School,53,53,0,0,0,0,0
2020,Public,SULLIVAN,Andrew Jackson Elementary School,71,64,1,1,1,0,1
2020,Public,SULLIVAN,Andrew Johnson Elementary School,91,86,0,5,0,0,0
2020,Public,SULLIVAN,George Washington Elementary School,77,72,0,3,2,0,0
2020,Public,SULLIVAN,John Adams Elementary School,72,71,0,0,1,0,0
2020,Public,SULLIVAN,John F. Kennedy Elementary School,38,32,0,2,0,0,4
2020,Public,SULLIVAN,Theodore Roosevelt Elementary School,40,40,0,0,0,0,0
2020,Public,SULLIVAN,Thomas Jefferson Elementary School,57,57,0,0,0,0,0
2020,Public,SULLIVAN,Blountville Elementary,51,44,1,0,1,0,5
2020,Public,SULLIVAN,Bluff City Elementary,81,80,0,1,0,0,0
2020,Public,SULLIVAN,Central Heights Elementary,26,25,0,1,0,0,0
2020,Public,SULLIVAN,Emmett Elementary,41,38,0,2,0,0,1
2020,Public,SULLIVAN,Holston Elementary,56,54,0,1,0,1,0
2020,Public,SULLIVAN,Indian Springs Elementary,51,49,0,2,0,0,0
2020,Public,SULLIVAN,Ketron Elementary School,85,84,0,1,0,0,0
2020,Public,SULLIVAN,Mary Hughes School,37,35,0,1,0,0,1
2020,Public,SULLIVAN,Miller Perry Elementary,37,37,0,0,0,0,0
2020,Public,SULLIVAN,Rock Springs Elementary,58,55,0,1,2,0,0
2020,Public,SULLIVAN,Sullivan Gardens K-8,29,29,0,0,0,0,0
2020,Public,CANNON,Auburn Elementary,11,11,0,0,0,0,0
2020,Public,CANNON,East Side Elementary,17,17,0,0,0,0,0
2020,Public,CANNON,Short Mountain Elementary,10,9,0,1,0,0,0
2020,Public,CANNON,West Side Elementary,34,34,0,0,0,0,0
2020,Public,CANNON,Woodbury Grammar,32,30,0,1,1,0,0
2020,Public,CANNON,Woodland Elementary,30,30,0,0,0,0,0
2020,Public,CLAY,Celina K-8,57,52,0,2,0,0,1
2020,Public,CLAY,Hermitage Springs Elementary School,23,22,0,0,0,1,0
2020,Public,CUMBERLAND,Crab Orchard Elementary,51,49,0,1,0,0,1
2020,Public,CUMBERLAND,Frank P. Brown Elementary,56,54,0,0,1,0,0
2020,Public,CUMBERLAND,Glenn Martin Elementary,75,73,0,2,0,0,0
2020,Public,CUMBERLAND,Homestead Elementary School,61,61,0,0,0,0,0
2020,Public,CUMBERLAND,North Cumberland Elementary,51,50,0,1,0,0,0
2020,Public,CUMBERLAND,Pine View Elementary,16,16,0,0,0,0,0
2020,Public,CUMBERLAND,Pleasant Hill Elementary,64,62,0,0,2,0,0
2020,Public,CUMBERLAND,South Cumberland Elementary,42,38,0,2,1,1,0
2020,Public,CUMBERLAND,Stone Elementary,72,71,0,1,0,0,0
2020,Public,DEKALB,Dekalb West Elementary,45,43,0,1,1,0,0
2020,Public,DEKALB,Smithville Elementary,183,175,0,2,5,0,0
2020,Public,FENTRESS,Allardt Elementary,29,26,3,0,0,0,0
2020,Public,FENTRESS,Pine Haven Elementary,50,45,5,0,0,0,0
2020,Public,FENTRESS,South Fentress Elementary School,50,46,3,0,0,0,1
2020,Public,FENTRESS,York Elementary,43,39,4,0,0,0,0
2020,Public,JACKSON,Dodson Branch Elementary,34,28,1,1,0,2,0
2020,Public,JACKSON,Gainesboro Elementary,73,67,4,0,0,0,2
2020,Public,MACON,Fairlane Elementary,233,230,0,1,1,0,0
2020,Public,MACON,Red Boiling Springs Elementary,63,61,0,0,0,0,2
2020,Public,MACON,Westside Elementary,90,85,2,0,1,0,2
2020,Public,OVERTON,A H Roberts Elementary,51,50,0,0,1,0,0
2020,Public,OVERTON,Allons Elementary,22,22,0,0,0,0,0
2020,Public,OVERTON,Hilham Elementary,31,31,0,0,0,0,0
2020,Public,OVERTON,Rickman Elementary,84,78,2,2,1,0,1
2020,Public,OVERTON,Wilson Elementary,17,16,0,1,0,0,0
2020,Public,PICKETT,Pickett County Elementary,50,46,0,2,0,0,2
2020,Public,PUTNAM,Algood Elementary,79,75,1,1,0,0,2
2020,Public,PUTNAM,Baxter Primary,117,108,0,5,3,0,0
2020,Public,PUTNAM,Burks Elementary,62,59,0,0,3,0,0
2020,Public,PUTNAM,Cane Creek Elementary,68,63,0,1,0,0,4
2020,Public,PUTNAM,Capshaw Elementary,89,88,0,1,0,0,0
2020,Public,PUTNAM,Jere Whitson Elementary,52,47,0,1,3,1,0
2020,Public,PUTNAM,Northeast Elementary,75,74,0,0,1,0,0
2020,Public,PUTNAM,Park View Elementary,71,63,1,0,2,0,5
2020,Public,PUTNAM,Prescott South Elementary,98,89,3,4,0,0,2
2020,Public,PUTNAM,Sycamore Elementary,46,43,0,1,1,1,0
2020,Public,SMITH,Carthage Elementary,82,82,0,0,0,0,0
2020,Public,SMITH,Defeated Elementary,25,25,0,0,0,0,0
2020,Public,SMITH,Forks River Elementary,21,20,0,0,0,0,1
2020,Public,SMITH,New Middleton Elementary,59,59,0,0,0,0,0
2020,Public,SMITH,Union Heights Elementary,26,26,0,0,0,0,0
2020,Public,WARREN,Bobby Ray Memorial,67,65,0,0,1,0,1
2020,Public,WARREN,Centertown Elementary,45,45,0,0,0,0,0
2020,Public,WARREN,Dibrell Elementary,33,30,0,0,0,0,3
2020,Public,WARREN,Eastside Elementary,33,33,0,0,0,0,0
2020,Public,WARREN,Hickory Creek School,106,104,0,1,1,0,0
2020,Public,WARREN,Irving College Elementary,23,22,0,0,0,0,0
2020,Public,WARREN,Morrison Elementary,34,33,0,0,1,0,0
2020,Public,WARREN,West Elementary,75,72,0,0,3,0,0
2020,Public,WHITE,Bon De Croft Elementary,17,15,0,1,0,0,1
2020,Public,WHITE,Cassville Elementary,37,37,0,0,0,0,0
2020,Public,WHITE,Doyle Elementary,53,50,0,0,2,0,1
2020,Public,WHITE,Findlay Elementary,64,52,0,4,0,0,8
2020,Public,WHITE,Northfield Elementary School,52,52,0,0,0,0,0
2020,Public,WHITE,Woodland Park Elementary,79,64,6,2,0,0,7
2020,Public,BENTON,Big Sandy School,23,23,0,0,0,0,0
2020,Public,BENTON,Camden Elementary,116,114,0,0,1,1,0
2020,Public,BENTON,Holladay Elementary,14,13,0,0,1,0,0
2020,Public,BLEDSOE,Cecil B Rigsby Elementary,18,18,0,0,0,0,0
2020,Public,BLEDSOE,Mary V Wheeler Elementary,35,33,1,1,0,0,0
2020,Public,BLEDSOE,Pikeville Elementary,53,52,0,0,0,0,1
2020,Public,CARROLL,Central Elementary,48,48,0,0,0,0,0
2020,Public,CARROLL,Huntingdon Primary,96,94,0,1,1,0,0
2020,Public,CARROLL,Mckenzie Elementary,88,84,1,0,0,0,3
2020,Public,CARROLL,Clarksburg School,20,20,0,0,0,0,0
2020,Public,CARROLL,West Carroll Primary,64,60,1,1,0,0,2
2020,Public,CHESTER,East Chester Elementary School,118,107,0,3,0,0,8
2020,Public,CHESTER,Jacks Creek Elementary,29,28,0,1,0,0,0
2020,Public,CHESTER,W Chester Elementary School,60,58,0,1,0,0,1
2020,Public,CROCKETT,Alamo Elementary,67,67,0,0,0,0,0
2020,Public,CROCKETT,Bells Elementary,62,62,0,0,0,0,0
2020,Public,CROCKETT,Friendship Elementary,15,15,0,0,0,0,0
2020,Public,CROCKETT,Gadsden Elementary,37,36,0,0,0,0,1
2020,Public,CROCKETT,Maury City Elementary,33,32,0,0,0,0,1
2020,Public,DECATUR,Decaturville Elementary,49,48,0,1,0,0,0
2020,Public,DECATUR,Parsons Elementary,65,62,0,3,0,0,0
2020,Public,DYER,Dyersburg Primary,211,209,0,1,1,0,0
2020,Public,DYER,Fifth Consolidated School,81,78,0,2,1,0,0
2020,Public,DYER,Finley Elementary,33,33,0,0,0,0,0
2020,Public,DYER,Holice Powell Elementary,40,39,0,1,0,0,0
2020,Public,DYER,Newbern Elementary School,83,81,0,1,1,0,0
2020,Public,DYER,Trimble Elementary,12,12,0,0,0,0,0
2020,Public,FAYETTE,Buckley-Carpenter Elementary School,82,80,0,0,0,0,2
2020,Public,FAYETTE,La Grange Moscow Elementary,33,30,0,2,1,0,0
2020,Public,FAYETTE,Oakland Elementary,67,65,0,0,0,0,2
2020,Public,FAYETTE,Southwest Elementary,35,34,0,0,1,0,0
2020,Public,GIBSON,Bradford Elementary,48,43,0,2,3,0,0
2020,Public,GIBSON,Dyer Elementary,40,40,0,0,0,0,0
2020,Public,GIBSON,Kenton Elementary School,14,14,0,0,0,0,0
2020,Public,GIBSON,Rutherford Elementary,20,20,0,0,0,0,0
2020,Public,GIBSON,South Gibson County Elementary School,165,159,0,3,1,0,2
2020,Public,GIBSON,Spring Hill Elementary,10,10,0,0,0,0,0
2020,Public,GIBSON,Yorkville Elementary,8,8,0,0,0,0,0
2020,Public,GIBSON,Stigall Primary School,111,103,0,4,0,0,3
2020,Public,GIBSON,Milan Elementary,160,150,0,4,6,0,0
2020,Public,GIBSON,Trenton Elementary,93,91,0,1,0,0,0
2020,Public,HARDEMAN,Bolivar Elementary,113,112,0,0,1,0,0
2020,Public,HARDEMAN,Grand Junction Elementary,23,23,0,0,0,0,0
2020,Public,HARDEMAN,Hornsby Elementary,16,16,0,0,0,0,0
2020,Public,HARDEMAN,Middleton Elementary,49,48,0,0,1,0,0
2020,Public,HARDEMAN,Toone Elementary,20,20,0,0,0,0,0
2020,Public,HARDEMAN,Whiteville Elementary,36,34,0,0,2,0,0
2020,Public,HARDIN,East Hardin Elementary,56,56,0,0,0,0,0
2020,Public,HARDIN,Northside Elementary,88,88,0,0,0,0,0
2020,Public,HARDIN,Parris South Elementary,63,62,0,0,0,0,1
2020,Public,HARDIN,Pickwick Southside School,27,27,0,0,0,0,0
2020,Public,HARDIN,West Hardin Elementary,29,28,0,1,0,0,0
2020,Public,HAYWOOD,Anderson Early Childhood,194,163,2,1,0,0,28
2020,Public,HENDERSON,Bargerton Elementary,21,21,0,0,0,0,0
2020,Public,HENDERSON,Beaver Elementary,21,20,0,1,0,0,0
2020,Public,HENDERSON,Pin Oak Elementary,33,33,0,0,0,0,0
2020,Public,HENDERSON,Scotts Hill Elementary,38,36,0,0,2,0,0
2020,Public,HENDERSON,South Haven Elementary,25,24,0,0,0,0,1
2020,Public,HENDERSON,South Side Elementary,35,34,0,1,0,0,0
2020,Public,HENDERSON,Westover Elementary,69,69,0,0,0,0,0
2020,Public,HENDERSON,Paul G. Caywood Elementary,84,80,1,2,0,0,1
2020,Public,HENRY,Dorothy And Noble Harrelson School,35,35,0,0,0,0,0
2020,Public,HENRY,Henry County Virtual Academy,3,2,0,0,1,0,0
2020,Public,HENRY,Henry Elementary,24,24,0,0,0,0,0
2020,Public,HENRY,Lakewood Elementary,55,52,0,3,0,0,0
2020,Public,HENRY,W G Rhea Elementary,179,175,0,1,2,0,0
2020,Public,LAKE,Margaret Newton Elementary,66,64,0,2,0,0,0
2020,Public,LAUDERDALE,Halls Elementary School,71,71,0,0,0,0,0
2020,Public,LAUDERDALE,Ripley Primary,166,166,0,0,0,0,0
2020,Public,MCNAIRY,Adamsville Elementary,65,62,0,1,0,0,2
2020,Public,MCNAIRY,Bethel Springs Elementary,61,60,0,0,0,1,0
2020,Public,MCNAIRY,Michie Elementary,30,30,0,0,0,0,0
2020,Public,MCNAIRY,Ramer Elementary,46,44,0,1,0,0,1
2020,Public,MCNAIRY,Selmer Elementary,88,85,0,1,1,0,1
2020,Public,OBION,Black Oak Elementary,30,29,0,1,0,0,0
2020,Public,OBION,Hillcrest Elementary,61,57,0,0,0,1,3
2020,Public,OBION,Lake Road Elementary,58,58,0,0,0,0,0
2020,Public,OBION,Ridgemont Elementary,37,37,0,0,0,0,0
2020,Public,OBION,South Fulton Elementary,48,48,0,0,0,0,0
2020,Public,OBION,Union City Elementary School,151,140,3,4,2,0,2
2020,Public,TIPTON,Atoka Elementary School,143,143,0,0,0,0,0
2020,Public,TIPTON,Austin Peay Elementary School,73,71,0,0,2,0,0
2020,Public,TIPTON,Brighton Elementary,98,95,0,2,1,0,0
2020,Public,TIPTON,Covington Integrated Arts Academy,69,69,0,0,0,0,0
2020,Public,TIPTON,Crestview Elementary,120,119,1,0,0,0,0
2020,Public,TIPTON,Drummonds Elementary,108,104,0,3,1,0,0
2020,Public,TIPTON,Munford Elementary,126,120,0,4,2,0,0
2020,Public,WEAKLEY,Dresden Elementary,85,80,3,1,0,0,1
2020,Public,WEAKLEY,Gleason School,36,36,0,0,0,0,0
2020,Public,WEAKLEY,Greenfield School,26,26,0,0,0,0,0
2020,Public,WEAKLEY,Martin Primary,118,114,0,2,1,0,1
2020,Public,WEAKLEY,Sharon School,13,12,0,0,1,0,0
2020,Private,ANDERSON,St. Mary's School,20,17,1,0,0,0,2
2020,Private,BEDFORD,Victory Baptist Academy,15,15,0,0,0,0,0
2020,Private,BLOUNT,Maryville Christian School,7,5,0,2,0,0,0
2020,Private,BRADLEY,Bowman Hills School,13,12,0,1,0,0,0
2020,Private,BRADLEY,Tennessee Christian Preparatory School,7,5,0,2,0,0,0
2020,Private,BRADLEY,United Christian Academy,16,13,0,3,0,0,0
2020,Private,CAMPBELL,Jellico Christian Academy,4,4,0,0,0,0,0
2020,Private,CHEATHAM,Pleasant View Christian School,16,14,0,2,0,0,0
2020,Private,CLAIBORNE,J. Frank White Academy,18,17,0,0,0,0,1
2020,Private,DAVIDSON,Abintra Montessori School,5,2,0,0,0,0,3
2020,Private,DAVIDSON,Akiva School,19,19,0,0,0,0,0
2020,Private,DAVIDSON,Christ Presbyterian Academy,50,43,0,5,0,0,2
2020,Private,DAVIDSON,Christ the King School,25,25,0,0,0,0,0
2020,Private,DAVIDSON,Donelson Christian Academy,36,35,0,1,0,0,0
2020,Private,DAVIDSON,Franklin Road Academy,51,51,0,0,0,0,0
2020,Private,DAVIDSON,Goodpasture Christian School,31,27,0,4,0,0,0
2020,Private,DAVIDSON,Holy Rosary Academy,34,33,0,0,1,0,0
2020,Private,DAVIDSON,Madison Campus Elementary School,23,22,0,1,0,0,0
2020,Private,DAVIDSON,Montessori Academy,29,25,0,4,0,0,0
2020,Private,DAVIDSON,Montessori Centre,13,13,0,0,0,0,0
2020,Private,DAVIDSON,Montessori East,12,10,0,0,0,0,2
2020,Private,DAVIDSON,Nashville Christian School,26,25,0,1,0,0,0
2020,Private,DAVIDSON,"Oak Hill School, The",57,55,0,2,0,0,0
2020,Private,DAVIDSON,Primrose School of Nashville Midtown,24,24,0,0,0,0,0
2020,Private,DAVIDSON,Schrader Lane Childcare Center,13,13,0,0,0,0,0
2020,Private,DAVIDSON,St. Ann School,16,16,0,0,0,0,0
2020,Private,DAVIDSON,St. Bernard Academy,38,38,0,0,0,0,0
2020,Private,DAVIDSON,St. Edward School,20,20,0,0,0,0,0
2020,Private,DAVIDSON,St. Joseph School,29,29,0,0,0,0,0
2020,Private,DAVIDSON,St. Paul Christian Academy,40,39,0,1,0,0,0
2020,Private,DAVIDSON,The Children's House of Nashville Montessori School,15,15,0,0,0,0,0
2020,Private,DAVIDSON,The Covenant School,26,26,0,0,0,0,0
2020,Private,DAVIDSON,The Edison School,4,3,0,1,0,0,0
2020,Private,DAVIDSON,University School of Nashville,65,65,0,0,0,0,0
2020,Private,FAYETTE,Fayette Academy,40,36,1,3,0,0,0
2020,Private,FAYETTE,Rossville Christian Academy,21,19,1,0,1,0,0
2020,Private,FRANKLIN,Tullahoma Seventh-day Adventist School,1,1,0,0,0,0,0
2020,Private,FRANKLIN,Winchester Christian Academy,21,19,0,0,0,0,2
2020,Private,GREENE,Greeneville Adventist Academy,6,6,0,0,0,0,0
2020,Private,HAMBLEN,All Saints' Episcopal School,8,6,0,0,0,0,2
2020,Private,HAMBLEN,Lakeway Christian Schools/Cornerstone Christian Academy,52,42,0,3,0,0,7
2020,Private,HAMILTON,Avondale Seventh-day Adventist School,4,2,0,2,0,0,0
2020,Private,HAMILTON,Beacon Academy,1,1,0,0,0,0,0
2020,Private,HAMILTON,Berean Academy,22,22,0,0,0,0,0
2020,Private,HAMILTON,Boyd-Buchanan High School,46,43,2,1,0,0,0
2020,Private,HAMILTON,Brainerd Baptist School,32,31,0,1,0,0,0
2020,Private,HAMILTON,Chattanooga Christian School,50,48,0,0,0,0,2
2020,Private,HAMILTON,Collegedale Academy (formally A. W. Spalding Elementary Scho,30,26,0,4,0,0,0
2020,Private,HAMILTON,Hickory Valley Christian School,11,9,0,2,0,0,0
2020,Private,HAMILTON,Marty's Center,3,3,0,0,0,0,0
2020,Private,HAMILTON,Ooltewah Adventist School,10,10,0,0,10,0,0
2020,Private,HAMILTON,Our Lady of Perpetual Help School,12,12,0,0,0,0,0
2020,Private,HAMILTON,Silverdale Baptist Academy,54,54,0,0,0,0,0
2020,Private,HAMILTON,Siskin Early Learning Center,6,5,0,1,0,0,0
2020,Private,HAMILTON,Skyuka Hall,3,3,0,0,0,0,0
2020,Private,HAMILTON,St. Jude School,34,33,0,1,0,0,0
2020,Private,HAMILTON,St. Peter's Episcopal School,29,27,0,2,0,0,0
2020,Private,HAMILTON,Standifer Gap Seventh-day Adventist School,7,6,0,1,0,0,0
2020,Private,HAMILTON,The Bright School,47,39,0,1,0,0,7
2020,Private,HARDIN,Savannah Christian Academy,13,13,0,0,0,0,0
2020,Private,KNOX,Cedar Springs Weekday School,8,8,0,0,0,0,0
2020,Private,KNOX,Christian Academy of Knoxville,52,47,0,5,0,0,0
2020,Private,KNOX,Concord Christian School,48,44,0,4,0,0,0
2020,Private,KNOX,First Baptist Academy,26,24,1,1,0,0,0
2020,Private,KNOX,First Lutheran School,17,13,1,3,0,0,0
2020,Private,KNOX,Garden Montessori,8,7,0,1,0,0,0
2020,Private,KNOX,Giving Tree Montessori,9,8,0,1,0,0,0
2020,Private,KNOX,Grace Christian Academy,45,44,0,1,0,0,0
2020,Private,KNOX,Knoxville Adventist School,2,1,0,0,0,0,1
2020,Private,KNOX,Knoxville Christian School,12,12,0,0,0,0,0
2020,Private,KNOX,Montessori Internationale School of East Tennessee,1,1,0,0,0,0,0
2020,Private,KNOX,Morning Star Child Development Center,12,12,0,0,0,0,0
2020,Private,KNOX,Pride & Joy Children's Academy,12,12,0,0,0,0,0
2020,Private,KNOX,Primrose School of Farragut,24,21,1,0,0,0,2
2020,Private,KNOX,Primrose School of West Knoxville,9,9,0,0,0,0,0
2020,Private,KNOX,River's Edge Christian Academy,55,23,12,9,0,0,11
2020,Private,KNOX,Sacred Heart Cathedral School,45,44,0,1,0,0,0
2020,Private,KNOX,St. John Neumann Catholic School,37,35,0,1,0,0,1
2020,Private,KNOX,St. Joseph School,25,24,0,1,0,0,0
2020,Private,KNOX,Stanford Eisenberg Jewish Day School,7,7,0,0,0,0,0
2020,Private,KNOX,Tate's School of Discovery,28,28,0,0,0,0,0
2020,Private,KNOX,Temple Baptist Academy,14,12,0,2,0,0,0
2020,Private,KNOX,The Episcopal School of Knoxville,33,32,1,0,0,0,1
2020,Private,KNOX,University of Tennessee Early Learning Center,14,13,0,1,0,0,0
2020,Private,KNOX,Webb School of Knoxville,31,29,0,2,0,0,0
2020,Private,KNOX,West End Kindergarten,15,12,3,3,0,0,0
2020,Private,KNOX,West Hills Baptist Church Preschool & Kindergarten,12,12,0,0,0,0,0
2020,Private,LAWRENCE,Sacred Heart Catholic School,6,6,0,0,0,0,0
2020,Private,LOUDON,Lenoir City Christian Academy,8,8,0,0,0,0,0
2020,Private,MADISON,Family Christian School,5,5,0,0,0,0,0
2020,Private,MADISON,Jackson Christian,42,41,0,0,1,0,0
2020,Private,MADISON,St. Mary's School,14,13,0,1,0,0,0
2020,Private,MAURY,Agathos Classical School,29,21,6,1,0,0,1
2020,Private,MAURY,Columbia Academy,45,43,0,2,0,0,0
2020,Private,MAURY,Columbia Academy at Spring Hill,17,16,0,1,0,0,0
2020,Private,MAURY,Zion Christian Academy,18,15,0,1,0,0,2
2020,Private,MONTGOMERY,Amare Montessori,17,13,0,4,0,0,0
2020,Private,MONTGOMERY,Clarksville Academy,29,27,2,0,0,0,0
2020,Private,MONTGOMERY,Power and Grace Preparatory Academy,8,8,0,0,0,0,0
2020,Private,MONTGOMERY,The Little Country Schoolhouse,11,11,0,0,0,0,0
2020,Private,MONTGOMERY,The Settlement Kindergarten,17,17,0,0,0,0,0
2020,Private,PUTNAM,Heavenly Host Lutheran School,15,12,0,3,0,0,0
2020,Private,PUTNAM,Highland Rim Academy,25,17,0,6,2,0,0
2020,Private,ROBERTSON,Christian Community School,20,17,0,3,0,0,0
2020,Private,ROBERTSON,Day Spring Academy,12,11,0,1,0,0,0
2020,Private,ROBERTSON,South Haven Christian School,25,23,0,1,0,0,1
2020,Private,RUTHERFORD,Community Christian Day School,13,13,0,0,0,0,0
2020,Private,RUTHERFORD,Franklin Road Christian School,50,46,0,4,0,0,0
2020,Private,RUTHERFORD,Middle Tennessee Christian School,49,45,0,2,0,0,2
2020,Private,RUTHERFORD,Montessori Weaver School,5,5,0,0,0,0,0
2020,Private,RUTHERFORD,Primrose School of Murfreesboro,15,14,0,1,0,0,0
2020,Private,RUTHERFORD,Providence Christian Academy,40,33,0,4,0,0,3
2020,Private,SEVIER,Seymour Community Christian School,6,5,0,1,0,0,0
2020,Private,SEVIER,St. Andrew's School,3,3,0,0,0,0,0
2020,Private,SEVIER,The King's Academy,26,25,1,0,0,0,0
2020,Private,SHELBY,1st Class Montessori,6,6,0,0,0,0,0
2020,Private,SHELBY,Barbara K. Lipman Early Learning & Research Center (Temple I,12,12,0,0,0,0,0
2020,Private,SHELBY,Brinkley Heights Urban Academy,9,9,0,0,0,0,0
2020,Private,SHELBY,Central Baptist School,9,9,0,0,0,0,0
2020,Private,SHELBY,Christ Methodist Day School,63,61,0,1,1,0,0
2020,Private,SHELBY,Cornerstone Learning Center,12,12,0,0,0,0,0
2020,Private,SHELBY,Emmanuel United Methodist Kindergarten,13,13,0,0,0,0,0
2020,Private,SHELBY,First Assembly Christian School,16,16,0,0,0,0,0
2020,Private,SHELBY,Grace-St. Luke's Episcopal School,36,36,0,0,0,0,0
2020,Private,SHELBY,"Harding Academy, Cordova Early Childhood",34,31,0,2,1,0,0
2020,Private,SHELBY,Highland Day School,14,14,0,0,0,0,0
2020,Private,SHELBY,Hutchison School,37,37,0,0,0,0,0
2020,Private,SHELBY,Immaculate Conception Cathedral School,18,18,0,0,0,0,0
2020,Private,SHELBY,Lambs and Ivy,12,12,0,0,0,0,0
2020,Private,SHELBY,Lamplighter Montessori School,10,7,0,1,0,0,2
2020,Private,SHELBY,Margolin Hebrew Academy,9,9,0,0,0,0,0
2020,Private,SHELBY,New Hope Christian Academy,49,45,0,0,0,0,4
2020,Private,SHELBY,Olivia's Montessori Preschool,5,5,0,0,0,0,0
2020,Private,SHELBY,Our Lady of Perpetual Help Catholic School,21,21,0,0,0,0,0
2020,Private,SHELBY,Presbyterian Day School,40,40,0,0,0,0,0
2020,Private,SHELBY,Sensational Enlightenment Academy,12,12,0,0,0,0,0
2020,Private,SHELBY,St. Agnes Academy-St. Dominic School,33,30,0,0,3,0,0
2020,Private,SHELBY,St. Ann Catholic School,28,27,1,0,0,0,0
2020,Private,SHELBY,St. Francis of Assisi Elementary School,28,28,0,0,0,0,0
2020,Private,SHELBY,St. George's Independent School - Germantown,42,38,0,1,0,0,3
2020,Private,SHELBY,St. George's Independent School - Memphis,17,17,0,0,0,0,0
2020,Private,SHELBY,St. Louis School,48,47,0,0,1,0,0
2020,Private,SHELBY,St. Luke's Day School,9,9,0,0,0,0,0
2020,Private,SHELBY,St. Mary's Episcopal School,38,38,0,0,0,0,0
2020,Private,SHELBY,Westminster Academy,20,18,0,1,1,0,0
2020,Private,SHELBY,Woodland Presbyterian School,27,27,0,0,0,0,0
2020,Private,SULLIVAN,St. Dominick Catholic School,16,16,0,0,0,0,0
2020,Private,SULLIVAN,Tri-Cities Christian School,14,14,0,0,0,0,0
2020,Private,SUMNER,Hendersonville Christian Academy,18,16,0,2,0,0,0
2020,Private,SUMNER,Hendersonville Day School,6,6,0,0,0,0,0
2020,Private,SUMNER,Highland Elementary School,4,4,0,0,0,0,0
2020,Private,SUMNER,St. John Vianney Catholic School,15,13,0,0,0,0,2
2020,Private,SUMNER,Sumner Academy,22,21,0,0,1,0,0
2020,Private,TIPTON,Tipton Christian Academy,24,24,0,0,0,0,0
2020,Private,WARREN,Westwood Kindergarten,9,9,0,0,0,0,0
2020,Private,WASHINGTON,Ashley Academy,10,10,0,0,0,0,0
2020,Private,WASHINGTON,Central Baptist Kindergarten,7,7,0,0,0,0,0
2020,Private,WASHINGTON,Munsey Kindergarten,10,10,0,0,0,0,0
2020,Private,WASHINGTON,Providence Academy,36,30,0,4,0,0,2
2020,Private,WASHINGTON,St. Mary's School,12,8,0,0,0,0,4
2020,Private,WILLIAMSON,Battle Ground Academy,30,30,0,0,0,0,0
2020,Private,WILLIAMSON,Cool Springs Montessori,7,7,0,0,0,0,0
2020,Private,WILLIAMSON,Currey Ingram Academy,12,11,0,1,0,0,0
2020,Private,WILLIAMSON,Grace Christian Academy,38,18,1,6,1,1,11
2020,Private,WILLIAMSON,High Hopes Development Center,11,11,0,0,0,0,0
2020,Private,WILLIAMSON,Montessori School of Franklin,15,14,0,0,0,0,1
2020,Private,WILLIAMSON,New Hope Academy,27,19,0,1,0,1,6
2020,Private,WILLIAMSON,Otter Creek Kindergarten & Preschool,36,35,0,1,0,0,0
2020,Private,WILLIAMSON,Primrose School of Cool Springs,13,11,2,0,0,0,0
2020,Private,WILLIAMSON,Primrose School of Spring Hill,7,7,0,0,0,0,0
2020,Private,WILLIAMSON,St. Matthew School,50,49,0,0,0,1,0
2020,Private,WILSON,Cedars Preparatory Academy,12,11,0,1,0,0,0
2020,Private,WILSON,Friendship Christian School,30,29,0,1,0,0,0
2020,Private,WILSON,Mt. Juliet Christian Academy,48,39,0,6,3,0,0
2020,Private,WILSON,Mt. Juliet Montessori Academy,6,4,0,2,0,0,0
2020,Private,WILSON,Primrose School of Mt. Juliet,25,25,0,0,0,0,0
2021,Public,HAMILTON,Allen Elementary,59,58,0,1,0,0,0
2021,Public,HAMILTON,Alpine Crest Elementary,77,67,1,1,0,1,7
2021,Public,HAMILTON,Apison Elementary School,98,92,0,4,1,0,1
2021,Public,HAMILTON,Barger Academy,56,47,2,0,0,0,7
2021,Public,HAMILTON,Battle Academy For Teaching Learning,90,79,2,1,2,0,6
2021,Public,HAMILTON,Bess T Shepherd Elementary,87,83,1,1,2,0,0
2021,Public,HAMILTON,Big Ridge Elementary,86,78,1,2,0,0,5
2021,Public,HAMILTON,Calvin Donaldson Environmental Science Academy,66,52,3,1,3,0,7
2021,Public,HAMILTON,Chattanooga Charter School Of Excellence,76,63,2,0,0,1,8
2021,Public,HAMILTON,Chattanooga School For The Arts And Science Lower,60,60,0,0,0,0,0
2021,Public,HAMILTON,Chattanooga School For The Liberal Arts,55,52,0,1,0,1,1
2021,Public,HAMILTON,Clifton Hills Elementary,102,88,0,0,4,0,10
2021,Public,HAMILTON,Daisy Elementary,55,51,0,2,0,0,2
2021,Public,HAMILTON,Dupont Elementary,48,45,1,0,0,0,2
2021,Public,HAMILTON,East Brainerd Elementary,198,182,0,8,4,0,4
2021,Public,HAMILTON,East Lake Elementary,106,82,0,0,0,0,24
2021,Public,HAMILTON,East Ridge Elementary,158,136,4,1,4,0,13
2021,Public,HAMILTON,East Side Elementary,91,78,0,2,8,0,3
2021,Public,HAMILTON,Hardy Elementary School,69,61,1,1,1,0,5
2021,Public,HAMILTON,Harrison Elementary,159,138,4,1,6,0,7
2021,Public,HAMILTON,Hixson Elementary,65,61,3,0,0,0,1
2021,Public,HAMILTON,Lookout Mountain Elementary,36,33,0,0,0,0,3
2021,Public,HAMILTON,Lookout Valley Elementary,62,58,2,1,0,0,1
2021,Public,HAMILTON,Mcconnell Elementary,74,66,6,1,1,0,0
2021,Public,HAMILTON,Middle Valley Elementary,133,123,2,4,0,0,1
2021,Public,HAMILTON,Nolan Elementary,116,107,1,2,0,0,6
2021,Public,HAMILTON,Normal Park Museum Magnet School,91,79,1,0,0,0,11
2021,Public,HAMILTON,North Hamilton Elementary,63,51,5,2,0,0,5
2021,Public,HAMILTON,Ooltewah Elementary,130,124,0,4,1,0,1
2021,Public,HAMILTON,Orchard Knob Elementary,80,66,0,0,2,0,12
2021,Public,HAMILTON,Red Bank Elementary,97,82,1,3,4,0,5
2021,Public,HAMILTON,Rivermont Elementary,53,49,1,1,0,0,2
2021,Public,HAMILTON,Snow Hill Elementary,102,70,17,2,0,0,13
2021,Public,HAMILTON,Soddy Elementary,61,59,1,0,0,0,1
2021,Public,HAMILTON,Thrasher Elementary,109,108,0,1,0,0,0
2021,Public,HAMILTON,Tommie F. Brown Academy,74,67,1,2,0,0,4
2021,Public,HAMILTON,Wallace A. Smith Elementary,83,79,0,2,0,0,2
2021,Public,HAMILTON,Westview Elementary,77,70,0,1,1,0,5
2021,Public,HAMILTON,Wolftever Creek Elementary,85,77,0,1,0,1,6
2021,Public,HAMILTON,Woodmore Elementary,43,37,0,0,0,0,6
2021,Public,ANDERSON,Andersonville Elementary,54,51,0,1,2,0,0
2021,Public,ANDERSON,Briceville Elementary,12,12,0,0,0,0,0
2021,Public,ANDERSON,Claxton Elementary,79,79,0,0,0,0,0
2021,Public,ANDERSON,Dutch Valley Elementary,16,14,0,0,2,0,0
2021,Public,ANDERSON,Fairview Elementary,50,48,0,2,0,0,0
2021,Public,ANDERSON,Grand Oaks Elementary,58,58,0,0,0,0,0
2021,Public,ANDERSON,Lake City Elementary,57,57,0,0,0,0,0
2021,Public,ANDERSON,Norris Elementary,45,44,0,1,0,0,0
2021,Public,ANDERSON,Norwood Elementary,39,35,0,0,4,0,0
2021,Public,ANDERSON,Clinton Elementary,77,72,0,2,3,0,0
2021,Public,ANDERSON,North Clinton Elementary,29,29,0,0,0,0,0
2021,Public,ANDERSON,South Clinton Elementary,38,34,0,4,0,0,0
2021,Public,ANDERSON,Glenwood Elementary,80,76,0,1,3,0,0
2021,Public,ANDERSON,Linden Elementary,82,80,0,2,0,0,0
2021,Public,ANDERSON,Willow Brook Elementary,91,84,0,1,5,0,1
2021,Public,ANDERSON,Woodland Elementary,87,87,0,0,0,0,0
2021,Public,BLOUNT,Alcoa Elementary,156,147,1,1,2,0,2
2021,Public,BLOUNT,Carpenters Elementary School,90,77,4,4,0,0,3
2021,Public,BLOUNT,Eagleton Elementary,60,57,0,0,0,0,3
2021,Public,BLOUNT,Fairview Elementary,56,48,5,3,0,0,0
2021,Public,BLOUNT,Friendsville Elementary,44,43,0,1,0,0,0
2021,Public,BLOUNT,Lanier Elementary,43,39,0,2,1,0,0
2021,Public,BLOUNT,Mary Blount Elementary,100,91,4,1,2,1,1
2021,Public,BLOUNT,Middlesettlements,58,56,0,1,0,0,1
2021,Public,BLOUNT,Montvale Elementary,52,51,0,1,0,0,0
2021,Public,BLOUNT,Porter Elementary,34,31,2,1,0,0,0
2021,Public,BLOUNT,Prospect Elementary School,58,55,0,1,0,1,1
2021,Public,BLOUNT,Samuel Everett School Of Innovation,24,17,0,0,0,0,7
2021,Public,BLOUNT,Townsend Elementary,24,21,0,2,1,0,0
2021,Public,BLOUNT,Walland Elementary School,58,53,0,1,1,0,3
2021,Public,BLOUNT,Foothills Elementary,145,143,0,2,0,0,0
2021,Public,BLOUNT,John Sevier Elementary,134,125,0,2,2,0,5
2021,Public,BLOUNT,Sam Houston Elementary,112,102,0,8,1,0,1
2021,Public,CAMPBELL,Caryville Elementary,102,97,0,1,3,0,0
2021,Public,CAMPBELL,Elk Valley Elementary,14,14,0,0,0,0,0
2021,Public,CAMPBELL,Jacksboro Elementary,106,102,0,2,1,0,0
2021,Public,CAMPBELL,Jellico Elementary,33,29,0,1,0,1,2
2021,Public,CAMPBELL,Lafollette Elementary School,78,67,2,0,1,0,5
2021,Public,CAMPBELL,Valley View Elementary,54,52,0,0,1,1,0
2021,Public,CAMPBELL,White Oak Elementary,15,14,0,0,0,1,0
2021,Public,CAMPBELL,Wynn Habersham Elementary,18,16,0,0,2,0,0
2021,Public,CLAIBORNE,Clairfield Elementary,10,10,0,0,0,0,0
2021,Public,CLAIBORNE,Ellen Myers Primary,59,56,0,0,0,0,3
2021,Public,CLAIBORNE,Forge Ridge School,19,16,0,0,1,0,2
2021,Public,CLAIBORNE,Midway Elementary,41,38,1,0,1,0,1
2021,Public,CLAIBORNE,Powell Valley Elementary,33,30,0,0,0,0,3
2021,Public,CLAIBORNE,Springdale Elementary,34,33,0,0,1,0,0
2021,Public,CLAIBORNE,Tazewell-New Tazewell Elementary,117,113,0,0,0,0,4
2021,Public,COCKE,Bridgeport Elementary,24,24,0,0,0,0,0
2021,Public,COCKE,Centerview Elementary,13,11,0,1,1,0,0
2021,Public,COCKE,Cosby Elementary,45,45,0,0,0,0,0
2021,Public,COCKE,Del Rio Elementary,11,11,0,0,0,0,0
2021,Public,COCKE,Edgemont Elementary,54,53,0,0,1,0,0
2021,Public,COCKE,Grassy Fork Elementary,19,19,0,0,0,0,0
2021,Public,COCKE,Northwest Elementary,56,53,0,1,1,1,0
2021,Public,COCKE,Parrottsville Elementary,58,55,0,1,2,0,0
2021,Public,COCKE,Smoky Mountain Elementary,21,20,0,1,0,0,0
2021,Public,COCKE,Newport Grammar School,80,78,0,0,1,1,0
2021,Public,GRAINGER,Bean Station Elementary,56,53,0,1,0,0,2
2021,Public,GRAINGER,Joppa Elementary,64,63,0,1,0,0,0
2021,Public,GRAINGER,Rutledge Primary,56,55,0,0,0,0,1
2021,Public,GRAINGER,Washburn School,42,42,0,0,0,0,0
2021,Public,HAMBLEN,Alpha Elementary,81,79,0,0,0,0,2
2021,Public,HAMBLEN,Fairview Marguerite,78,76,1,0,1,0,0
2021,Public,HAMBLEN,Hillcrest Elementary,90,86,0,0,4,0,0
2021,Public,HAMBLEN,John Hay Elementary,40,37,0,0,1,0,2
2021,Public,HAMBLEN,Lincoln Heights Elementary,97,90,0,3,4,0,0
2021,Public,HAMBLEN,Manley Elementary,88,78,0,5,4,0,1
2021,Public,HAMBLEN,Russellville Elementary,98,93,0,4,0,0,1
2021,Public,HAMBLEN,Union Heights Elementary,51,47,0,1,1,0,2
2021,Public,HAMBLEN,West Elementary,58,53,0,0,4,0,1
2021,Public,HAMBLEN,Whitesburg Elementary,39,38,0,1,0,0,0
2021,Public,HAMBLEN,Witt Elementary,36,36,0,0,0,0,0
2021,Public,JEFFERSON,Dandridge Elementary,96,93,0,1,2,0,0
2021,Public,JEFFERSON,Jefferson Elementary,57,57,0,0,0,0,0
2021,Public,JEFFERSON,Mount Horeb Elementary School,99,99,0,0,0,0,0
2021,Public,JEFFERSON,New Market Elementary,49,49,0,0,0,0,0
2021,Public,JEFFERSON,Piedmont Elementary,47,47,0,0,0,0,0
2021,Public,JEFFERSON,Rush Strong Elementary,55,55,0,0,0,0,0
2021,Public,JEFFERSON,Talbott Elementary,48,48,0,0,0,0,0
2021,Public,JEFFERSON,White Pine Elementary,81,80,0,1,0,0,0
2021,Public,LOUDON,Lenoir City Elementary,132,107,0,3,0,1,20
2021,Public,LOUDON,Eaton Elementary,125,113,0,9,1,0,2
2021,Public,LOUDON,Greenback School,44,39,0,5,0,0,0
2021,Public,LOUDON,Highland Park Elementary,79,72,0,3,4,0,0
2021,Public,LOUDON,Loudon Elementary,82,82,0,0,0,0,0
2021,Public,LOUDON,Philadelphia Elementary,55,55,0,0,0,0,0
2021,Public,LOUDON,Steekee Elementary,30,30,0,0,0,0,0
2021,Public,MONROE,Coker Creek Elementary,6,3,1,0,0,0,2
2021,Public,MONROE,Madisonville Primary,160,149,1,3,2,0,5
2021,Public,MONROE,Rural Vale Elementary,21,20,0,1,0,0,0
2021,Public,MONROE,Tellico Plains Elementary,67,64,0,2,0,0,1
2021,Public,MONROE,Vonore Elementary,72,69,0,2,1,0,0
2021,Public,MONROE,Sweetwater Primary School,175,154,4,5,0,0,9
2021,Public,MORGAN,Central Elementary,80,71,0,0,1,0,7
2021,Public,MORGAN,Coalfield School,43,38,0,0,0,0,5
2021,Public,MORGAN,Oakdale School,47,45,0,0,0,0,2
2021,Public,MORGAN,Petros Joyner Elementary,19,18,0,0,0,0,1
2021,Public,MORGAN,Sunbright School,43,41,0,1,0,0,1
2021,Public,ROANE,Bowers Elementary,96,90,2,1,2,0,1
2021,Public,ROANE,Dyllis Springs Elementary,61,58,0,2,1,0,0
2021,Public,ROANE,Kingston Elementary,113,109,0,2,0,0,2
2021,Public,ROANE,Midtown Elementary,40,39,0,1,0,0,0
2021,Public,ROANE,Midway Elementary,55,54,0,1,0,0,0
2021,Public,ROANE,Ridge View Elementary,110,108,0,0,2,0,0
2021,Public,SCOTT,Oneida Elementary,119,116,0,1,2,0,0
2021,Public,SCOTT,Burchfield Elementary,53,51,0,1,0,1,0
2021,Public,SCOTT,Fairview Elementary,30,30,0,0,0,0,0
2021,Public,SCOTT,Huntsville Elementary,65,62,0,1,1,1,0
2021,Public,SCOTT,Robbins Elementary,32,32,0,0,0,0,0
2021,Public,SCOTT,Winfield Elementary,18,18,0,0,0,0,0
2021,Public,SEVIER,Boyds Creek Elementary School,64,59,0,1,4,0,0
2021,Public,SEVIER,Catlettsburg Elementary School,88,81,0,4,2,0,1
2021,Public,SEVIER,Catons Chapel Elementary,50,49,0,1,0,0,0
2021,Public,SEVIER,Jones Cove Elementary,15,15,0,0,0,0,0
2021,Public,SEVIER,New Center Elementary,86,80,0,4,2,0,0
2021,Public,SEVIER,Northview Elementary,163,148,0,8,7,0,0
2021,Public,SEVIER,Pi Beta Phi Elementary,53,44,0,4,3,0,2
2021,Public,SEVIER,Pigeon Forge Primary,149,122,0,5,20,0,2
2021,Public,SEVIER,Pittman Center Elementary,54,50,0,3,1,0,0
2021,Public,SEVIER,Sevierville Primary,269,249,0,3,13,0,4
2021,Public,SEVIER,Seymour Primary,160,154,0,4,0,0,2
2021,Public,SEVIER,Wearwood Elementary,24,23,0,0,1,0,0
2021,Public,UNION,Big Ridge Elementary,35,31,2,0,0,0,2
2021,Public,UNION,Luttrell Elementary,72,68,3,0,0,0,1
2021,Public,UNION,Maynardville Elementary,50,48,0,0,0,0,2
2021,Public,UNION,Paulette Elementary School,63,60,3,0,0,0,0
2021,Public,UNION,Sharps Chapel Elementary,21,20,1,0,0,0,0
2021,Public,VAN BUREN,Spencer Elementary,50,41,0,4,0,0,5
2021,Public,MADISON,Alexander Elementary School,78,72,0,1,4,0,1
2021,Public,MADISON,Andrew Jackson Elementary School,86,82,1,0,3,0,0
2021,Public,MADISON,Arlington Elementary School,103,99,0,1,2,0,1
2021,Public,MADISON,Community Montessori School,69,66,0,3,0,0,0
2021,Public,MADISON,Denmark Elementary,61,57,1,1,0,0,2
2021,Public,MADISON,East Elementary School,94,88,0,3,0,0,3
2021,Public,MADISON,Isaac Lane Technology Magnet Elementary,130,115,1,4,4,1,5
2021,Public,MADISON,Lincoln Elementary School,79,72,0,2,0,0,4
2021,Public,MADISON,Pope School,82,76,0,2,3,0,1
2021,Public,MADISON,Rose Hill School,62,59,0,1,2,0,0
2021,Public,MADISON,South Elementary,81,77,0,1,3,0,0
2021,Public,MADISON,Thelma Barker Elementary,118,115,0,0,3,0,0
2021,Public,KNOX,A L Lotts Elementary,146,133,2,5,6,0,0
2021,Public,KNOX,Adrian Burnett Elementary,78,72,0,3,3,0,0
2021,Public,KNOX,Amherst Elementary School,101,91,0,5,5,0,0
2021,Public,KNOX,Ball Camp Elementary,101,97,0,4,0,0,0
2021,Public,KNOX,Bearden Elementary,61,60,0,0,0,0,1
2021,Public,KNOX,Beaumont Elementary/Magnet,80,72,0,6,2,0,0
2021,Public,KNOX,Belle Morris Elementary,78,69,0,0,9,0,0
2021,Public,KNOX,Blue Grass Elementary,97,93,0,3,0,0,0
2021,Public,KNOX,Bonny Kate Elementary,53,50,0,2,1,0,0
2021,Public,KNOX,Brickey Mccloud Elementary,124,122,0,2,0,0,0
2021,Public,KNOX,Carter Elementary,75,72,0,0,3,0,0
2021,Public,KNOX,Cedar Bluff Elementary,185,171,0,9,4,0,1
2021,Public,KNOX,Christenberry Elementary,70,64,0,0,6,0,0
2021,Public,KNOX,Copper Ridge Elementary,71,70,0,1,0,0,0
2021,Public,KNOX,Corryton Elementary,29,29,0,0,0,0,0
2021,Public,KNOX,Dogwood Elementary,91,90,0,0,1,0,0
2021,Public,KNOX,East Knox Elementary,73,71,0,0,2,0,0
2021,Public,KNOX,Emerald Academy,51,49,1,0,0,0,1
2021,Public,KNOX,Farragut Primary,329,318,0,7,4,0,0
2021,Public,KNOX,Fountain City Elementary,72,70,0,1,1,0,0
2021,Public,KNOX,Gap Creek Elementary,9,9,0,0,0,0,0
2021,Public,KNOX,Gibbs Elementary,145,142,0,1,2,0,0
2021,Public,KNOX,Green Magnet Math And Science Academy,71,65,0,1,1,0,4
2021,Public,KNOX,Halls Elementary,115,110,0,5,0,0,0
2021,Public,KNOX,Hardin Valley Elementary,221,210,0,4,6,0,1
2021,Public,KNOX,Inskip Elementary,97,94,0,1,1,0,1
2021,Public,KNOX,Karns Elementary,207,191,0,12,3,0,1
2021,Public,KNOX,Maynard Elementary,22,20,0,1,1,0,0
2021,Public,KNOX,Mooreland Heights Elementary,59,54,0,1,4,0,0
2021,Public,KNOX,Mt Olive Elementary,31,28,0,2,1,0,0
2021,Public,KNOX,New Hopewell Elementary,38,36,0,2,0,0,0
2021,Public,KNOX,Northshore Elementary School,171,166,0,3,2,0,0
2021,Public,KNOX,Norwood Elementary,86,76,0,4,6,0,0
2021,Public,KNOX,Pleasant Ridge Elementary,44,41,0,1,1,1,0
2021,Public,KNOX,Pond Gap Elementary,59,53,0,2,4,0,0
2021,Public,KNOX,Powell Elementary,129,121,0,5,3,0,0
2021,Public,KNOX,Ritta Elementary,93,92,0,0,0,0,1
2021,Public,KNOX,Rocky Hill Elementary,118,113,0,0,0,0,5
2021,Public,KNOX,Sam E. Hill Primary School,80,73,0,0,7,0,0
2021,Public,KNOX,Sarah Moore Greene Magnet Technology Academy,73,65,0,2,6,0,0
2021,Public,KNOX,Sequoyah Elementary,84,84,0,0,0,0,0
2021,Public,KNOX,Shannondale Elementary,64,61,0,2,1,0,0
2021,Public,KNOX,South Knox Elementary,38,36,0,2,0,0,0
2021,Public,KNOX,Spring Hill Elementary,84,80,0,1,3,0,0
2021,Public,KNOX,Sterchi Elementary,67,66,0,1,0,0,0
2021,Public,KNOX,Sunnyview Primary,68,63,0,2,1,0,2
2021,Public,KNOX,West Haven Elementary,52,48,0,4,0,0,0
2021,Public,KNOX,West Hills Elementary,128,119,0,2,7,0,0
2021,Public,KNOX,West View Elementary,28,26,0,0,2,0,0
2021,Public,SHELBY,Arlington Elementary,141,138,0,1,0,0,2
2021,Public,SHELBY,Donelson Elementary,121,116,0,4,0,0,1
2021,Public,SHELBY,Altruria Elementary,100,97,0,2,1,0,0
2021,Public,SHELBY,Bartlett Elementary School,95,92,0,1,2,0,0
2021,Public,SHELBY,Bon Lin Elementary School,122,115,0,1,3,0,3
2021,Public,SHELBY,Ellendale Elementary,89,87,0,1,1,0,0
2021,Public,SHELBY,Oak Elementary,121,120,0,1,0,0,0
2021,Public,SHELBY,Rivercrest Elementary,100,100,0,0,0,0,0
2021,Public,SHELBY,Bailey Station Elementary School,140,135,0,1,2,1,1
2021,Public,SHELBY,Collierville Elementary School,106,105,0,1,0,0,0
2021,Public,SHELBY,Crosswind Elementary School,109,100,2,0,0,0,7
2021,Public,SHELBY,Schilling Farms Elementary School,97,94,0,0,3,0,0
2021,Public,SHELBY,Sycamore Elementary School,63,63,0,0,0,0,0
2021,Public,SHELBY,Tara Oaks Elementary School,89,85,0,0,3,0,1
2021,Public,SHELBY,Dogwood Elementary School,105,105,0,0,0,0,0
2021,Public,SHELBY,Farmington Elementary School,110,104,0,5,1,0,0
2021,Public,SHELBY,Forest Hill Elementary School,119,116,0,3,0,0,0
2021,Public,SHELBY,Riverdale Elementary School,116,114,0,1,0,0,1
2021,Public,SHELBY,Lakeland Elementary School,176,146,15,3,1,0,11
2021,Public,SHELBY,Millington Primary School,182,159,9,1,5,1,7
2021,Public,SHELBY,A. B. Hill Elementary,66,60,0,0,6,0,0
2021,Public,SHELBY,Alcy Elementary,119,107,1,0,9,0,0
2021,Public,SHELBY,Alton Elementary,39,38,0,0,1,0,0
2021,Public,SHELBY,Arrow Academy Of Excellence,15,15,0,0,0,0,0
2021,Public,SHELBY,Aurora Collegiate Academy,61,61,0,0,0,0,0
2021,Public,SHELBY,Balmoral/Ridgeway Elementary,52,49,0,0,3,0,0
2021,Public,SHELBY,Barret's Chapel Elementary/Middle,37,37,0,0,0,0,0
2021,Public,SHELBY,Beacon College Preparatory,59,55,0,4,0,0,0
2021,Public,SHELBY,Belle Forest Community School,154,144,0,2,8,0,0
2021,Public,SHELBY,Berclair Elementary,99,91,0,1,7,0,0
2021,Public,SHELBY,Bethel Grove Elementary,33,33,0,0,0,0,0
2021,Public,SHELBY,Brownsville Road Elementary,72,72,0,0,0,0,0
2021,Public,SHELBY,Bruce Elementary,77,72,0,0,4,1,0
2021,Public,SHELBY,Campus School,62,62,0,0,0,0,0
2021,Public,SHELBY,Cherokee Elementary,63,56,0,2,5,0,0
2021,Public,SHELBY,Chimneyrock Elementary School,136,136,0,0,0,0,0
2021,Public,SHELBY,Circles Of Success Learning Academy,38,37,0,0,1,0,0
2021,Public,SHELBY,"Compass Community School, Berclair Campus",25,24,0,0,1,0,0
2021,Public,SHELBY,"Compass Community School, Binghampton Campus",20,19,0,0,1,0,0
2021,Public,SHELBY,"Compass Community School, Frayser Campus",23,22,0,0,1,0,0
2021,Public,SHELBY,"Compass Community School, Hickory Hill Campus",25,25,0,0,0,0,0
2021,Public,SHELBY,"Compass Community School, Orange Mound Campus",21,21,0,0,0,0,0
2021,Public,SHELBY,Cordova Elementary,127,124,0,2,1,0,0
2021,Public,SHELBY,Cromwell Elementary,70,50,0,2,5,0,11
2021,Public,SHELBY,Crump Elementary,101,93,0,4,4,0,0
2021,Public,SHELBY,Cummings Elementary/Middle,36,33,0,0,3,0,0
2021,Public,SHELBY,Delano Elementary,60,59,0,1,0,0,0
2021,Public,SHELBY,Dexter Elementary,129,122,0,5,2,0,0
2021,Public,SHELBY,Double Tree Elementary,61,57,0,1,3,0,0
2021,Public,SHELBY,Douglass Elementary/Middle,31,31,0,0,0,0,0
2021,Public,SHELBY,Downtown Elementary,118,112,0,4,2,0,0
2021,Public,SHELBY,Dunbar Elementary,33,33,0,0,0,0,0
2021,Public,SHELBY,E.E. Jeter Elementary/Middle,44,44,0,0,0,0,0
2021,Public,SHELBY,Egypt Elementary,94,92,0,0,2,0,0
2021,Public,SHELBY,Evans Elementary,71,65,0,1,5,0,0
2021,Public,SHELBY,Ford Road Elementary,83,83,0,0,0,0,0
2021,Public,SHELBY,Fox Meadows Elementary,100,89,1,2,8,0,0
2021,Public,SHELBY,Freedom Preparatory Academy Westwood Elementary At Parkrose Campus,82,79,0,0,3,0,0
2021,Public,SHELBY,Freedom Preparatory Academy Whitehaven Elementary At Millbranch Campus,88,86,0,0,2,0,0
2021,Public,SHELBY,Gardenview Elementary,55,52,0,2,1,0,0
2021,Public,SHELBY,Geeter School,32,32,0,0,0,0,0
2021,Public,SHELBY,Germanshire Elementary,93,92,0,0,1,0,0
2021,Public,SHELBY,Germantown Elementary,79,77,0,1,1,0,0
2021,Public,SHELBY,Getwell Elementary,78,78,0,0,0,0,0
2021,Public,SHELBY,Grahamwood Elementary,139,132,0,0,7,0,0
2021,Public,SHELBY,Granville T. Woods Academy Of Innovation Charter School,43,41,0,1,1,0,0
2021,Public,SHELBY,Hamilton School,57,53,0,0,4,0,0
2021,Public,SHELBY,Hawkins Mill Elementary,52,44,0,2,6,0,0
2021,Public,SHELBY,Hickory Ridge Elementary,137,120,0,2,15,0,0
2021,Public,SHELBY,Highland Oaks Elementary,134,130,0,0,4,0,0
2021,Public,SHELBY,Holmes Road Elementary,104,98,0,1,4,0,0
2021,Public,SHELBY,Ida B. Wells Academy Es/Ms,7,7,0,0,0,0,0
2021,Public,SHELBY,Idlewild Elementary,89,85,0,2,1,1,0
2021,Public,SHELBY,J. P. Freeman Elementary/Middle,68,66,0,0,2,0,0
2021,Public,SHELBY,Jackson Elementary,42,39,0,0,3,0,0
2021,Public,SHELBY,Journey East Academy,50,50,0,0,0,0,0
2021,Public,SHELBY,Kate Bond Elementary School,122,120,0,1,1,0,0
2021,Public,SHELBY,Keystone Elementary,67,63,0,1,3,0,0
2021,Public,SHELBY,Kingsbury Elementary,70,64,0,1,5,0,0
2021,Public,SHELBY,Kipp Memphis Collegiate Elementary,73,67,0,1,5,0,0
2021,Public,SHELBY,Larose Elementary,41,31,0,3,6,0,1
2021,Public,SHELBY,Leadership Preparatory Charter School,48,47,0,0,1,0,0
2021,Public,SHELBY,Levi Elementary,82,80,0,0,2,0,0
2021,Public,SHELBY,Lowrance Elementary/Middle,78,76,0,0,2,0,0
2021,Public,SHELBY,Lucie E. Campbell Elementary,99,95,0,3,1,0,0
2021,Public,SHELBY,Lucy Elementary,51,46,0,0,5,0,0
2021,Public,SHELBY,Macon-Hall Elementary,144,141,1,1,1,0,0
2021,Public,SHELBY,Memphis Business Academy Elementary School,38,38,0,0,0,0,0
2021,Public,SHELBY,Memphis Business Academy Hickory Hill Elementary School,13,11,0,0,0,0,2
2021,Public,SHELBY,Memphis College Preparatory,46,30,1,2,0,0,11
2021,Public,SHELBY,Memphis Delta Preparatory,50,46,0,4,0,0,0
2021,Public,SHELBY,Memphis Merit Academy,58,56,0,0,2,0,0
2021,Public,SHELBY,Memphis School Of Excellence Elementary,66,64,0,1,1,0,0
2021,Public,SHELBY,Memphis School Of Excellence Elementary Cordova,44,43,0,0,1,0,0
2021,Public,SHELBY,Memphis Stem Academy,41,38,0,1,2,0,0
2021,Public,SHELBY,Newberry Elementary,53,50,0,1,2,0,0
2021,Public,SHELBY,Northaven Elementary,49,48,0,0,1,0,0
2021,Public,SHELBY,Oak Forest Elementary,82,80,0,2,0,0,0
2021,Public,SHELBY,Oakhaven Elementary,89,86,0,0,3,0,0
2021,Public,SHELBY,Oakshire Elementary,60,55,0,1,4,0,0
2021,Public,SHELBY,Parkway Village Elementary,108,93,0,1,13,1,0
2021,Public,SHELBY,Peabody Elementary,66,65,0,1,0,0,0
2021,Public,SHELBY,Perea Elementary School,56,54,0,1,1,0,0
2021,Public,SHELBY,Power Center Academy Elementary - Southeast,46,46,0,0,0,0,0
2021,Public,SHELBY,Power Center Academy Elementary School,113,109,0,2,2,0,0
2021,Public,SHELBY,Promise Academy,49,48,0,0,1,0,0
2021,Public,SHELBY,Raleigh-Bartlett Meadows Elementary,76,71,0,2,3,0,0
2021,Public,SHELBY,Richland Elementary,171,167,1,1,1,1,0
2021,Public,SHELBY,Riverview Elementary/Middle,21,21,0,0,0,0,0
2021,Public,SHELBY,Riverwood Elementary School,149,142,0,4,2,1,0
2021,Public,SHELBY,Robert R. Church Elementary,77,76,0,0,1,0,0
2021,Public,SHELBY,Ross Elementary,98,94,0,1,3,0,0
2021,Public,SHELBY,Rozelle Elementary,31,30,0,0,1,0,0
2021,Public,SHELBY,Scenic Hills Elementary,55,52,0,3,0,0,0
2021,Public,SHELBY,Sea Isle Elementary,69,67,0,0,2,0,0
2021,Public,SHELBY,Shady Grove Elementary,52,48,1,0,3,0,0
2021,Public,SHELBY,Sharpe Elementary,47,45,0,0,2,0,0
2021,Public,SHELBY,Sheffield Elementary,85,73,0,0,11,0,0
2021,Public,SHELBY,Shelby Oaks Elementary,122,115,0,1,6,0,0
2021,Public,SHELBY,Sherwood Elementary,99,97,0,0,1,0,0
2021,Public,SHELBY,Shrine School,8,8,0,0,0,0,0
2021,Public,SHELBY,Snowden Elementary/Middle,94,89,0,3,2,0,0
2021,Public,SHELBY,South Park Elementary,92,85,0,0,7,0,0
2021,Public,SHELBY,Southern Avenue Charter School Of Academic Excellence Creative Arts,56,51,0,0,1,4,0
2021,Public,SHELBY,Southwind Elementary,113,109,0,1,3,0,0
2021,Public,SHELBY,Springdale Elementary,31,28,0,0,3,0,0
2021,Public,SHELBY,Star Academy,67,64,0,2,1,0,0
2021,Public,SHELBY,Treadwell Elementary,142,117,0,0,25,0,0
2021,Public,SHELBY,Vision Preparatory Charter School,71,69,0,1,1,0,0
2021,Public,SHELBY,Vollentine Elementary,60,58,0,1,0,0,0
2021,Public,SHELBY,Wells Station Elementary,86,78,0,0,8,0,0
2021,Public,SHELBY,Westhaven Elementary,112,105,0,2,5,0,0
2021,Public,SHELBY,Westside Elementary,41,33,0,2,6,0,0
2021,Public,SHELBY,White Station Elementary,109,108,0,1,0,0,0
2021,Public,SHELBY,Whitehaven Elementary,59,53,0,3,3,0,0
2021,Public,SHELBY,William Herbert Brewster Elementary School,68,58,0,1,8,0,1
2021,Public,SHELBY,Winchester Elementary,97,89,1,0,7,0,0
2021,Public,SHELBY,Winridge Elementary,98,88,0,2,3,0,0
2021,Public,CHEATHAM,Ashland City Elementary,86,81,0,1,3,0,1
2021,Public,CHEATHAM,East Cheatham Elementary,62,61,0,1,0,0,0
2021,Public,CHEATHAM,Kingston Springs Elementary,59,58,0,1,0,0,0
2021,Public,CHEATHAM,Pegram Elementary Fine Arts Magnet School,43,37,0,5,0,1,0
2021,Public,CHEATHAM,Pleasant View Elementary,125,120,0,3,1,1,0
2021,Public,CHEATHAM,West Cheatham Elementary,71,66,1,2,0,0,2
2021,Public,DICKSON,Centennial Elementary,78,76,0,2,0,0,0
2021,Public,DICKSON,Charlotte Elementary,82,75,0,2,5,0,0
2021,Public,DICKSON,Dickson Elementary,35,35,0,0,0,0,0
2021,Public,DICKSON,Oakmont Elementary,56,53,0,3,0,0,0
2021,Public,DICKSON,Stuart Burns Elementary,132,127,3,2,0,0,0
2021,Public,DICKSON,Sullivan Central Elementary School,48,46,0,1,1,0,0
2021,Public,DICKSON,The Discovery School,32,27,1,1,0,0,0
2021,Public,DICKSON,Vanleer Elementary,47,47,0,0,0,0,0
2021,Public,DICKSON,White Bluff Elementary,63,63,0,0,0,0,0
2021,Public,HOUSTON,Erin Elementary,61,58,0,0,2,1,0
2021,Public,HOUSTON,Tennessee Ridge Elementary,28,27,0,0,0,0,0
2021,Public,HUMPHREYS,Lakeview Elementary,31,26,1,4,0,0,0
2021,Public,HUMPHREYS,Mc Ewen Elementary,61,59,0,2,0,0,0
2021,Public,HUMPHREYS,Waverly Elementary,96,93,0,1,2,0,0
2021,Public,MONTGOMERY,Barkers Mill Elementary,156,142,0,6,8,0,0
2021,Public,MONTGOMERY,Barksdale Elementary,144,136,0,3,5,0,0
2021,Public,MONTGOMERY,Byrns Darden Elementary,100,95,0,4,1,0,0
2021,Public,MONTGOMERY,Carmel Elementary,72,68,0,2,1,0,1
2021,Public,MONTGOMERY,Cumberland Heights Elementary,87,83,0,2,2,0,0
2021,Public,MONTGOMERY,East Montgomery Elementary,114,109,0,3,2,0,0
2021,Public,MONTGOMERY,Glenellen Elementary,195,182,0,9,4,0,0
2021,Public,MONTGOMERY,Hazelwood Elementary,147,137,0,5,4,0,1
2021,Public,MONTGOMERY,Kenwood Elementary,104,95,0,4,5,0,0
2021,Public,MONTGOMERY,Liberty Elementary,139,129,0,5,5,0,0
2021,Public,MONTGOMERY,Minglewood Elementary,139,130,0,1,4,0,2
2021,Public,MONTGOMERY,Montgomery Central Elementary,64,60,0,3,0,1,0
2021,Public,MONTGOMERY,Moore Magnet Elementary,79,68,0,6,3,0,2
2021,Public,MONTGOMERY,Norman Smith Elementary,97,93,0,4,0,0,0
2021,Public,MONTGOMERY,Northeast Elementary,109,100,0,4,4,1,0
2021,Public,MONTGOMERY,Oakland Elementary,203,193,1,9,0,0,0
2021,Public,MONTGOMERY,Pisgah Elementary,176,169,0,7,0,0,0
2021,Public,MONTGOMERY,Ringgold Elementary,139,133,0,5,1,0,0
2021,Public,MONTGOMERY,Rossview Elementary,176,168,0,2,2,0,0
2021,Public,MONTGOMERY,Sango Elementary,128,122,0,6,0,0,0
2021,Public,MONTGOMERY,St. Bethlehem Elementary,173,164,0,3,6,0,0
2021,Public,MONTGOMERY,West Creek Elementary,143,132,1,8,2,0,0
2021,Public,MONTGOMERY,Woodlawn Elementary,132,127,1,3,1,0,0
2021,Public,ROBERTSON,Coopertown Elementary,76,70,2,0,2,0,2
2021,Public,ROBERTSON,Crestview Elementary School,142,135,1,1,1,0,4
2021,Public,ROBERTSON,East Robertson Elementary,82,72,1,4,2,0,3
2021,Public,ROBERTSON,Greenbrier Elementary,100,97,0,3,0,0,0
2021,Public,ROBERTSON,Jo Byrns Elementary School,45,43,0,0,1,0,1
2021,Public,ROBERTSON,Krisle Elementary,55,54,0,0,1,0,0
2021,Public,ROBERTSON,Robert F. Woodall Elementary,146,141,0,3,2,0,0
2021,Public,ROBERTSON,Watauga Elementary,54,49,0,2,3,0,0
2021,Public,ROBERTSON,Westside Elementary,96,89,0,0,7,0,0
2021,Public,RUTHERFORD,Black Fox Elementary,143,138,0,3,2,0,0
2021,Public,RUTHERFORD,Bradley Academy - An Arts Integrated School,45,41,0,0,1,0,2
2021,Public,RUTHERFORD,Cason Lane Academy,115,110,0,1,2,0,2
2021,Public,RUTHERFORD,Discovery School,60,57,0,3,0,0,0
2021,Public,RUTHERFORD,Erma Siegel Elementary,127,123,0,3,0,1,0
2021,Public,RUTHERFORD,Hobgood Elementary,89,81,0,2,4,1,1
2021,Public,RUTHERFORD,John Pittard Elementary,107,100,0,3,4,0,0
2021,Public,RUTHERFORD,Mitchell-Neilson Elementary,89,81,0,6,0,1,1
2021,Public,RUTHERFORD,Northfield Elementary,95,88,0,2,4,0,1
2021,Public,RUTHERFORD,Overall Creek Elementary,152,143,0,7,0,2,0
2021,Public,RUTHERFORD,Reeves-Rogers Elementary,58,57,0,1,0,0,0
2021,Public,RUTHERFORD,Salem Elementary School,184,176,0,5,3,0,0
2021,Public,RUTHERFORD,Scales Elementary School,166,162,0,2,0,2,0
2021,Public,RUTHERFORD,Barfield Elementary,142,133,0,7,1,0,0
2021,Public,RUTHERFORD,Blackman Elementary School,204,191,0,8,3,1,1
2021,Public,RUTHERFORD,Brown's Chapel Elementary School,129,122,0,4,3,0,0
2021,Public,RUTHERFORD,Buchanan Elementary,76,68,0,7,1,0,0
2021,Public,RUTHERFORD,Cedar Grove Elementary,134,127,0,2,5,0,0
2021,Public,RUTHERFORD,Christiana Elementary,111,104,1,6,0,0,0
2021,Public,RUTHERFORD,David Youree Elementary,133,126,0,6,1,0,0
2021,Public,RUTHERFORD,Eagleville School,56,56,0,0,0,0,0
2021,Public,RUTHERFORD,Homer Pittard Campus School,41,39,0,2,0,0,0
2021,Public,RUTHERFORD,John Colemon Elementary,102,96,0,1,4,0,1
2021,Public,RUTHERFORD,Kittrell Elementary,53,46,0,2,5,0,0
2021,Public,RUTHERFORD,Lascassas Elementary,125,116,0,4,5,0,0
2021,Public,RUTHERFORD,Lavergne Lake Elementary School,142,137,0,1,4,0,0
2021,Public,RUTHERFORD,Mcfadden School Of Excellence,60,57,0,2,0,1,0
2021,Public,RUTHERFORD,Plainview Elementary School,89,79,0,7,3,0,0
2021,Public,RUTHERFORD,Rock Springs Elementary,175,168,0,2,5,0,0
2021,Public,RUTHERFORD,Rockvale Elementary,133,131,0,2,0,0,0
2021,Public,RUTHERFORD,Rocky Fork Elementary School,149,143,0,2,3,0,0
2021,Public,RUTHERFORD,Roy L Waldron Elementary,205,199,0,0,6,0,0
2021,Public,RUTHERFORD,Smyrna Elementary,122,109,1,2,10,0,0
2021,Public,RUTHERFORD,Smyrna Primary,100,92,1,1,5,0,1
2021,Public,RUTHERFORD,Stewarts Creek Elementary School,160,153,0,7,0,0,0
2021,Public,RUTHERFORD,Stewartsboro Elementary,120,113,0,4,3,0,0
2021,Public,RUTHERFORD,Thurman Francis Arts Academy/Magnet School For The Arts,46,45,0,1,0,0,0
2021,Public,RUTHERFORD,Walter Hill Elementary,92,84,0,5,2,0,1
2021,Public,RUTHERFORD,Wilson Elementary School,98,93,0,5,0,0,0
2021,Public,STEWART,Dover Elementary,62,59,0,2,0,0,1
2021,Public,STEWART,North Stewart Elementary,79,76,0,0,3,0,0
2021,Public,SUMNER,Beech Elementary,93,89,0,3,1,0,0
2021,Public,SUMNER,Benny C. Bills Elementary School,109,101,2,6,0,0,0
2021,Public,SUMNER,Bethpage Elementary,44,43,0,1,0,0,0
2021,Public,SUMNER,Clyde Riggs Elementary,46,45,0,1,0,0,0
2021,Public,SUMNER,Dr. William Burrus Elementary At Drakes Creek,118,113,0,3,2,0,0
2021,Public,SUMNER,Gene W. Brown Elementary,81,75,2,4,0,0,0
2021,Public,SUMNER,George A Whitten Elementary,80,74,0,5,1,0,0
2021,Public,SUMNER,Guild Elementary,85,80,0,0,4,0,0
2021,Public,SUMNER,Harold B. Williams Elementary School,135,130,0,3,2,0,0
2021,Public,SUMNER,Howard Elementary,90,86,0,1,0,0,3
2021,Public,SUMNER,Indian Lake Elementary,71,65,2,3,0,0,1
2021,Public,SUMNER,J W Wiseman Elementary,56,54,0,1,0,0,1
2021,Public,SUMNER,Jack Anderson Elementary,127,117,5,1,2,0,2
2021,Public,SUMNER,Lakeside Park Elementary,60,52,2,3,1,0,1
2021,Public,SUMNER,Madison Creek Elementary,100,98,0,2,0,0,0
2021,Public,SUMNER,Merrol Hyde Magnet School,40,39,0,1,0,0,0
2021,Public,SUMNER,Millersville Elementary,39,35,3,1,0,0,0
2021,Public,SUMNER,Nannie Berry Elementary,74,64,0,5,2,0,3
2021,Public,SUMNER,North Sumner Elementary,35,34,0,1,0,0,0
2021,Public,SUMNER,Oakmont Elementary,29,25,0,3,1,0,0
2021,Public,SUMNER,Portland Gateview Elementary School,110,109,0,1,0,0,0
2021,Public,SUMNER,Station Camp Elementary,168,158,0,9,0,1,0
2021,Public,SUMNER,Union Elementary School,76,70,0,5,0,0,1
2021,Public,SUMNER,Vena Stuart Elementary,104,94,5,0,0,0,5
2021,Public,SUMNER,Walton Ferry Elementary,57,49,3,2,2,0,1
2021,Public,SUMNER,Watt Hardison Elementary,69,66,0,3,0,0,0
2021,Public,SUMNER,Westmoreland Elementary,79,77,1,0,1,0,0
2021,Public,TROUSDALE,Trousdale Co Elementary,127,120,1,3,2,1,0
2021,Public,WILLIAMSON,Franklin Elementary,59,59,0,0,0,0,0
2021,Public,WILLIAMSON,Johnson Elementary,56,55,0,1,0,0,0
2021,Public,WILLIAMSON,Liberty Elementary,86,80,0,6,0,0,0
2021,Public,WILLIAMSON,Moore Elementary,90,87,0,3,0,0,0
2021,Public,WILLIAMSON,Poplar Grove K-4,57,54,0,2,1,0,0
2021,Public,WILLIAMSON,Allendale Elementary School,79,74,0,3,2,0,0
2021,Public,WILLIAMSON,Bethesda Elementary,103,95,0,6,1,1,0
2021,Public,WILLIAMSON,Chapman's Retreat Elementary,91,79,0,11,0,0,1
2021,Public,WILLIAMSON,Clovercroft Elementary School,87,80,0,7,0,0,0
2021,Public,WILLIAMSON,College Grove Elementary,96,87,0,6,3,0,0
2021,Public,WILLIAMSON,Creekside Elementary School,144,134,0,8,2,0,0
2021,Public,WILLIAMSON,Crockett Elementary,78,73,0,2,3,0,0
2021,Public,WILLIAMSON,Edmondson Elementary,91,89,0,2,0,0,0
2021,Public,WILLIAMSON,Fairview Elementary,73,69,0,4,0,0,0
2021,Public,WILLIAMSON,Grassland Elementary,67,62,0,4,1,0,0
2021,Public,WILLIAMSON,Heritage Elementary,108,100,0,7,1,0,0
2021,Public,WILLIAMSON,Hillsboro Elementary/ Middle School,28,24,0,4,0,0,0
2021,Public,WILLIAMSON,Hunters Bend Elementary,56,54,0,2,0,0,0
2021,Public,WILLIAMSON,Jordan Elementary School,76,72,0,4,0,0,0
2021,Public,WILLIAMSON,Kenrose Elementary,109,103,0,3,3,0,0
2021,Public,WILLIAMSON,Lipscomb Elementary,86,85,0,1,0,0,0
2021,Public,WILLIAMSON,Longview Elementary School,145,126,0,15,4,0,0
2021,Public,WILLIAMSON,Mill Creek Elementary School,114,107,0,5,2,0,0
2021,Public,WILLIAMSON,Nolensville Elementary,128,123,0,5,0,0,0
2021,Public,WILLIAMSON,Oak View Elem School,67,63,0,3,1,0,0
2021,Public,WILLIAMSON,Pearre Creek Elementary School,121,109,1,9,1,0,1
2021,Public,WILLIAMSON,Scales Elementary,113,105,0,7,1,0,0
2021,Public,WILLIAMSON,Sunset Elementary School,81,80,0,0,1,0,0
2021,Public,WILLIAMSON,Thompson's Station Elementary School,150,134,0,13,3,0,0
2021,Public,WILLIAMSON,Trinity Elementary,118,110,0,4,1,0,3
2021,Public,WILLIAMSON,Walnut Grove Elementary,79,74,0,5,0,0,0
2021,Public,WILLIAMSON,Westwood Elementary School,86,80,0,2,4,0,0
2021,Public,WILLIAMSON,Winstead Elementary School,105,100,0,4,1,0,0
2021,Public,WILSON,Byars Dowdy Elementary,86,79,0,2,3,1,0
2021,Public,WILSON,Castle Heights Elementary,117,109,0,4,4,0,0
2021,Public,WILSON,Coles Ferry Elementary,105,101,0,2,2,0,0
2021,Public,WILSON,Jones Brummett Elementary School,105,99,0,1,5,0,0
2021,Public,WILSON,Sam Houston Elementary,107,101,0,6,0,0,0
2021,Public,WILSON,Carroll Oakland Elementary,84,82,0,1,1,0,0
2021,Public,WILSON,Elzie D Patton Elementary School,72,70,0,1,1,0,0
2021,Public,WILSON,Gladeville Elementary,120,115,0,4,1,0,0
2021,Public,WILSON,Lakeview Elementary School,79,77,0,1,1,0,0
2021,Public,WILSON,Mt. Juliet Elementary,114,110,1,1,2,0,0
2021,Public,WILSON,Rutland Elementary,170,159,0,6,5,0,0
2021,Public,WILSON,Southside Elementary,74,68,0,2,4,0,0
2021,Public,WILSON,Springdale Elementary School,110,104,0,4,2,0,0
2021,Public,WILSON,Stoner Creek Elementary,104,99,0,4,1,0,0
2021,Public,WILSON,Tuckers Crossroads Elementary,37,34,0,3,0,0,0
2021,Public,WILSON,W A Wright Elementary,80,78,0,2,0,0,0
2021,Public,WILSON,Watertown Elementary,85,83,0,1,1,0,0
2021,Public,WILSON,West Elementary,126,120,0,1,1,2,2
2021,Public,SHELBY,Cornerstone Prep - Lester Campus,67,59,0,0,4,0,4
2021,Public,SHELBY,Cornerstone Prep Denver Campus,111,107,3,1,0,0,0
2021,Public,SHELBY,Corning Achievement Elementary,30,27,0,0,0,0,3
2021,Public,SHELBY,Frayser Achievement Elementary,39,31,0,0,1,0,7
2021,Public,SHELBY,Georgian Hills Achievement Elementary School,31,30,0,0,1,0,0
2021,Public,SHELBY,Journey Coleman School,63,51,7,1,0,0,4
2021,Public,SHELBY,Journey Hanley School,97,87,4,0,1,0,5
2021,Public,SHELBY,Kipp Memphis Academy Elementary,61,48,0,0,13,0,0
2021,Public,SHELBY,Libertas School,82,56,3,2,0,1,17
2021,Public,SHELBY,Memphis Scholars Caldwell-Guthrie,54,42,2,1,3,0,4
2021,Public,SHELBY,Memphis Scholars Florida Kansas,25,20,0,0,1,0,4
2021,Public,SHELBY,Promise Academy - Spring Hill,54,50,0,0,0,0,4
2021,Public,SHELBY,Whitney Achievement Elementary School,43,41,0,0,2,0,0
2021,Public,DAVIDSON,A. Z. Kelley Elementary,142,138,0,1,3,0,0
2021,Public,DAVIDSON,Alex Green Elementary,70,62,1,3,2,0,2
2021,Public,DAVIDSON,Amqui Elementary,98,92,3,0,2,0,1
2021,Public,DAVIDSON,Andrew Jackson Elementary,90,84,0,4,2,0,0
2021,Public,DAVIDSON,Bellshire Elementary,61,59,0,0,2,0,0
2021,Public,DAVIDSON,Cane Ridge Elementary,110,109,1,0,0,0,0
2021,Public,DAVIDSON,Carter-Lawrence Elementary,27,26,0,1,0,0,0
2021,Public,DAVIDSON,Chadwell Elementary,62,54,0,0,7,0,1
2021,Public,DAVIDSON,Charlotte Park Elementary,96,86,0,0,10,0,0
2021,Public,DAVIDSON,Cockrill Elementary,39,39,0,0,0,0,0
2021,Public,DAVIDSON,Cole Elementary,126,113,1,0,5,0,7
2021,Public,DAVIDSON,Crieve Hall Elementary,111,103,0,1,7,0,0
2021,Public,DAVIDSON,Cumberland Elementary,97,90,0,2,1,0,4
2021,Public,DAVIDSON,Dan Mills Elementary,101,97,0,4,0,0,0
2021,Public,DAVIDSON,Dodson Elementary,68,64,0,4,0,0,0
2021,Public,DAVIDSON,Dupont Elementary,51,48,0,2,0,0,0
2021,Public,DAVIDSON,Eagle View Elementary School,109,104,0,2,3,0,0
2021,Public,DAVIDSON,Eakin Elementary,122,119,0,2,1,0,0
2021,Public,DAVIDSON,East End Preparatory School,81,77,0,2,2,0,0
2021,Public,DAVIDSON,Explore Community School,75,72,0,2,1,0,0
2021,Public,DAVIDSON,Fall-Hamilton Elementary,33,32,0,1,0,0,0
2021,Public,DAVIDSON,Gateway Elementary,47,43,0,0,3,0,1
2021,Public,DAVIDSON,Glencliff Elementary,89,82,0,1,6,0,0
2021,Public,DAVIDSON,Glendale Elementary,92,88,0,4,0,0,0
2021,Public,DAVIDSON,Glengarry Elementary,84,65,0,0,19,0,0
2021,Public,DAVIDSON,Glenview Elementary,105,96,0,0,8,0,1
2021,Public,DAVIDSON,Goodlettsville Elementary,67,62,0,1,4,0,0
2021,Public,DAVIDSON,Gower Elementary,104,99,0,4,0,0,1
2021,Public,DAVIDSON,Granbery Elementary,169,165,0,2,2,0,0
2021,Public,DAVIDSON,Harpeth Valley Elementary,128,126,0,2,0,0,0
2021,Public,DAVIDSON,Harris-Hillman Special Education,5,5,0,0,0,0,0
2021,Public,DAVIDSON,Hattie Cotton Elementary,40,36,0,1,2,0,1
2021,Public,DAVIDSON,Haywood Elementary,112,100,0,0,12,0,0
2021,Public,DAVIDSON,Henry C. Maxwell Elementary,103,100,0,0,2,0,1
2021,Public,DAVIDSON,Hermitage Elementary,57,56,0,0,1,0,0
2021,Public,DAVIDSON,Hickman Elementary,67,65,0,0,2,0,0
2021,Public,DAVIDSON,Hull-Jackson Elementary,50,47,1,2,0,0,0
2021,Public,DAVIDSON,Ida B. Wells Elementary,42,36,0,0,0,0,6
2021,Public,DAVIDSON,Inglewood Elementary,32,31,0,0,1,0,0
2021,Public,DAVIDSON,J. E. Moss Elementary,133,120,0,4,8,0,1
2021,Public,DAVIDSON,Joelton Elementary,48,45,0,0,3,0,0
2021,Public,DAVIDSON,John B. Whitsitt Elementary,70,65,0,1,4,0,0
2021,Public,DAVIDSON,Jones Elementary,35,30,2,2,1,0,0
2021,Public,DAVIDSON,Julia Green Elementary,95,92,0,3,0,0,0
2021,Public,DAVIDSON,Kipp Academy Nashville Elementary School,76,70,0,2,4,0,0
2021,Public,DAVIDSON,Kipp Nashville College Prep Elementary,86,85,1,0,0,0,0
2021,Public,DAVIDSON,Lakeview Elementary,117,98,2,1,4,0,12
2021,Public,DAVIDSON,Lockeland Elementary,57,54,0,2,1,0,0
2021,Public,DAVIDSON,May Werthan Shayne Elementary School,147,140,0,6,1,0,0
2021,Public,DAVIDSON,Mcgavock Elementary,49,46,0,1,2,0,0
2021,Public,DAVIDSON,Mt. View Elementary,129,114,0,2,8,0,5
2021,Public,DAVIDSON,Napier Elementary,54,49,1,1,0,0,3
2021,Public,DAVIDSON,Nashville Classical,73,63,1,7,0,0,2
2021,Public,DAVIDSON,Neely's Bend Elementary,61,51,0,3,6,1,0
2021,Public,DAVIDSON,Norman Binkley Elementary,122,109,0,2,11,0,0
2021,Public,DAVIDSON,Old Center Elementary,55,51,0,1,0,1,2
2021,Public,DAVIDSON,Paragon Mills Elementary,117,112,5,0,0,0,0
2021,Public,DAVIDSON,Park Avenue Elementary,65,62,0,0,3,0,0
2021,Public,DAVIDSON,Pennington Elementary,49,47,0,2,0,0,0
2021,Public,DAVIDSON,Percy Priest Elementary,103,101,0,2,0,0,0
2021,Public,DAVIDSON,Purpose Prep,57,57,0,0,0,0,0
2021,Public,DAVIDSON,Robert Churchwell Elementary,54,51,0,1,1,0,1
2021,Public,DAVIDSON,Rocketship Nashville Northeast Elementary,94,85,6,1,0,0,2
2021,Public,DAVIDSON,Rocketship United,126,119,1,4,2,0,0
2021,Public,DAVIDSON,Rosebank Elementary,59,52,0,6,0,0,1
2021,Public,DAVIDSON,Ruby Major Elementary,93,89,0,3,1,0,0
2021,Public,DAVIDSON,Shwab Elementary,48,44,3,0,1,0,0
2021,Public,DAVIDSON,Smith Springs Elementary School,127,120,0,1,6,0,0
2021,Public,DAVIDSON,Smithson Craighead Academy,51,47,0,2,1,0,1
2021,Public,DAVIDSON,Stanford Elementary,58,50,0,8,0,0,0
2021,Public,DAVIDSON,Stratton Elementary,80,69,0,3,2,0,3
2021,Public,DAVIDSON,Sylvan Park Elementary,91,89,0,1,1,0,0
2021,Public,DAVIDSON,Thomas A. Edison Elementary,111,101,0,1,7,0,2
2021,Public,DAVIDSON,Tom Joy Elementary,67,66,0,0,1,0,0
2021,Public,DAVIDSON,Tulip Grove Elementary,89,82,0,1,5,0,1
2021,Public,DAVIDSON,Tusculum Elementary,134,116,1,1,3,0,13
2021,Public,DAVIDSON,Una Elementary,115,101,1,1,10,0,2
2021,Public,DAVIDSON,Warner Elementary,72,66,0,5,1,0,0
2021,Public,DAVIDSON,Waverly-Belmont Elementary School,110,104,0,3,1,1,1
2021,Public,DAVIDSON,Westmeade Elementary,84,78,0,5,1,0,0
2021,Public,DAVIDSON,Kipp Antioch College Prep Elementary,148,147,0,0,1,0,0
2021,Public,DAVIDSON,Nashville Collegiate Prep,81,65,11,0,1,3,1
2021,Public,CARTER,Central Elementary,22,22,0,0,0,0,0
2021,Public,CARTER,Cloudland Elementary School,41,37,0,2,2,0,0
2021,Public,CARTER,Hampton Elementary,38,37,0,0,0,0,1
2021,Public,CARTER,Happy Valley Elementary,95,89,0,4,2,0,0
2021,Public,CARTER,Hunter Elementary,62,59,0,2,0,0,1
2021,Public,CARTER,Keenburg Elementary,21,21,0,0,0,0,0
2021,Public,CARTER,Little Milligan,20,19,0,0,1,0,0
2021,Public,CARTER,Unaka Elementary,17,16,0,0,1,0,0
2021,Public,CARTER,Valley Forge Elementary,25,25,0,0,0,0,0
2021,Public,CARTER,East Side Elementary,54,45,4,2,0,0,3
2021,Public,CARTER,Harold Mccormick Elementary,56,54,0,0,0,1,1
2021,Public,CARTER,West Side Elementary,56,54,0,0,0,1,1
2021,Public,GREENE,C Hal Henard Elementary,63,60,0,1,2,0,0
2021,Public,GREENE,Eastview Elementary,58,57,0,0,1,0,0
2021,Public,GREENE,Highland Elementary,31,31,0,0,0,0,0
2021,Public,GREENE,Tusculum View Elementary,67,61,0,2,1,0,1
2021,Public,GREENE,Baileyton Elementary,75,74,0,0,1,0,0
2021,Public,GREENE,Camp Creek Elementary,54,51,0,2,1,0,0
2021,Public,GREENE,Chuckey Elementary,70,67,0,2,0,0,1
2021,Public,GREENE,Doak Elementary,88,82,0,4,2,0,0
2021,Public,GREENE,Mcdonald Elementary,39,36,0,1,2,0,0
2021,Public,GREENE,Mosheim Elementary,101,97,0,3,1,0,0
2021,Public,GREENE,Nolachuckey Elementary,51,47,0,3,1,0,0
2021,Public,HANCOCK,Hancock County Elementary,88,88,0,0,0,0,0
2021,Public,HAWKINS,Bulls Gap School,26,24,0,1,1,0,0
2021,Public,HAWKINS,Carter's Valley Elementary,61,57,0,1,3,0,0
2021,Public,HAWKINS,Church Hill Elementary,75,74,0,0,0,0,0
2021,Public,HAWKINS,Clinch School,13,11,0,1,1,0,0
2021,Public,HAWKINS,Joseph Rogers Primary School,114,106,0,3,5,0,0
2021,Public,HAWKINS,Mooresburg Elementary,34,33,0,0,1,0,0
2021,Public,HAWKINS,Mt Carmel Elementary,48,47,0,1,0,0,0
2021,Public,HAWKINS,St Clair Elementary,36,35,0,0,1,0,0
2021,Public,HAWKINS,Surgoinsville Elementary,62,60,0,2,0,0,0
2021,Public,HAWKINS,Rogersville Elementary,68,63,1,0,4,0,0
2021,Public,JOHNSON,Doe Elementary,28,26,0,0,1,1,0
2021,Public,JOHNSON,Laurel Elementary,11,10,0,1,0,0,0
2021,Public,JOHNSON,Mountain City Elementary,55,54,0,1,0,0,0
2021,Public,JOHNSON,Roan Creek Elementary,44,44,0,0,0,0,0
2021,Public,UNICOI,Love Chapel Elementary,55,55,0,0,0,0,0
2021,Public,UNICOI,Rock Creek Elementary,31,31,0,0,0,0,0
2021,Public,UNICOI,Temple Hill Elementary,15,13,0,2,0,0,0
2021,Public,UNICOI,Unicoi Elementary,43,42,0,0,0,0,1
2021,Public,WASHINGTON,Cherokee Elementary,52,51,0,0,1,0,0
2021,Public,WASHINGTON,Fairmont Elementary,89,85,0,2,2,0,0
2021,Public,WASHINGTON,Lake Ridge Elementary,102,100,0,1,1,0,0
2021,Public,WASHINGTON,Mountain View Elementary,83,81,0,1,1,0,0
2021,Public,WASHINGTON,North Side Elementary,55,53,0,2,0,0,0
2021,Public,WASHINGTON,South Side Elementary,71,68,0,1,2,0,0
2021,Public,WASHINGTON,Towne Acres Elementary,68,64,0,2,1,1,0
2021,Public,WASHINGTON,Woodland Elementary,79,78,0,0,1,0,0
2021,Public,WASHINGTON,Boones Creek Elementary School,106,97,0,5,4,0,0
2021,Public,WASHINGTON,Fall Branch Elementary,24,22,0,1,0,0,1
2021,Public,WASHINGTON,Grandview Elementary School,55,54,0,1,0,0,0
2021,Public,WASHINGTON,Gray Elementary School,61,57,0,1,3,0,0
2021,Public,WASHINGTON,Jonesborough Elementary,96,91,1,2,0,0,2
2021,Public,WASHINGTON,Lamar Elementary,44,41,0,3,0,0,0
2021,Public,WASHINGTON,Ridgeview Elementary School,67,63,0,4,0,0,0
2021,Public,WASHINGTON,South Central Elementary,29,29,0,0,0,0,0
2021,Public,WASHINGTON,Sulphur Springs Elementary,45,44,0,1,0,0,0
2021,Public,WASHINGTON,University School,20,18,0,2,0,0,0
2021,Public,WASHINGTON,West View School,31,30,0,1,0,0,0
2021,Public,BEDFORD,Cascade Elementary,87,85,0,0,2,0,0
2021,Public,BEDFORD,Community Elementary School,108,103,0,2,2,0,1
2021,Public,BEDFORD,Eakin Elementary,118,109,0,0,9,0,0
2021,Public,BEDFORD,East Side Elementary,78,68,1,0,7,0,0
2021,Public,BEDFORD,Learning Way Elementary,109,97,2,2,7,1,0
2021,Public,BEDFORD,Liberty Elementary,73,69,0,1,0,0,3
2021,Public,BEDFORD,South Side Elementary,74,67,0,1,5,0,0
2021,Public,BEDFORD,Thomas Magnet Elementary School,60,58,0,2,0,0,0
2021,Public,COFFEE,Deerfield Elementary School,34,28,0,2,4,0,0
2021,Public,COFFEE,East Coffee Elementary,37,32,0,3,2,0,0
2021,Public,COFFEE,Hickerson Elementary,26,24,0,2,0,0,0
2021,Public,COFFEE,Hillsboro Elementary,61,57,0,4,0,0,0
2021,Public,COFFEE,New Union Elementary,42,40,0,2,0,0,0
2021,Public,COFFEE,North Coffee Elementary,56,54,0,1,1,0,0
2021,Public,COFFEE,College Street Elementary,105,104,1,0,0,0,0
2021,Public,COFFEE,Westwood Elementary,96,94,1,1,0,0,0
2021,Public,COFFEE,Bel Aire Elementary,60,59,0,1,0,0,0
2021,Public,COFFEE,East Lincoln Elementary,71,68,1,0,2,0,0
2021,Public,COFFEE,Jack T Farrar Elementary,52,49,0,2,1,0,0
2021,Public,COFFEE,Robert E Lee Elementary,86,85,0,1,0,0,0
2021,Public,GILES,Elkton Elementary,38,36,0,0,2,0,0
2021,Public,GILES,Minor Hill School,50,47,0,1,1,1,0
2021,Public,GILES,Pulaski Elementary,131,124,1,3,1,0,2
2021,Public,GILES,Richland Elementary,98,92,0,6,0,0,0
2021,Public,HICKMAN,Centerville Elementary,98,95,0,2,1,0,0
2021,Public,HICKMAN,East Hickman Elementary,115,112,0,1,1,0,1
2021,Public,LAWRENCE,David Crockett Elementary,75,71,0,2,2,0,0
2021,Public,LAWRENCE,Ethridge Elementary,54,49,0,5,0,0,0
2021,Public,LAWRENCE,Ingram Sowell Elementary,82,79,0,1,2,0,0
2021,Public,LAWRENCE,Lawrenceburg Public,95,86,0,5,2,2,0
2021,Public,LAWRENCE,Leoma Elementary,57,54,0,2,1,0,0
2021,Public,LAWRENCE,New Prospect Elementary,47,42,0,3,1,0,0
2021,Public,LAWRENCE,South Lawrence Elementary,63,58,0,4,1,0,0
2021,Public,LAWRENCE,Summertown Elementary,97,93,0,1,3,0,0
2021,Public,LEWIS,Lewis County Elementary,146,137,0,6,2,0,1
2021,Public,LINCOLN,Ralph Askins School,87,75,0,2,2,0,7
2021,Public,LINCOLN,Flintville School,60,60,0,0,0,0,0
2021,Public,LINCOLN,Highland Rim School,72,69,0,1,0,1,0
2021,Public,LINCOLN,South Lincoln School,71,69,0,1,1,0,0
2021,Public,LINCOLN,Unity School,49,47,2,0,0,0,0
2021,Public,MARSHALL,Chapel Hill Elementary,129,123,0,4,0,0,2
2021,Public,MARSHALL,Cornersville Elementary,63,59,0,0,1,0,3
2021,Public,MARSHALL,Oak Grove Elementary,203,201,1,0,1,0,0
2021,Public,MAURY,Battle Creek Elementary School,130,107,9,4,1,0,9
2021,Public,MAURY,Culleoka Unit School,63,57,0,1,4,0,0
2021,Public,MAURY,Hampshire Unit School,38,34,0,1,2,1,0
2021,Public,MAURY,Highland Park Elementary,42,37,0,4,0,0,1
2021,Public,MAURY,J E Woodard Elementary,110,106,1,3,0,0,0
2021,Public,MAURY,J E Woody Elementary,96,87,0,5,4,0,0
2021,Public,MAURY,J. Brown Elementary,75,73,0,1,1,0,0
2021,Public,MAURY,J. R. Baker Elementary,56,51,0,2,3,0,0
2021,Public,MAURY,Marvin Wright Elementary School,122,111,0,11,0,0,0
2021,Public,MAURY,R Howell Elementary,110,88,7,3,3,1,7
2021,Public,MAURY,Riverside Elementary,83,76,0,3,3,1,0
2021,Public,MAURY,Santa Fe Unit School,40,38,0,2,0,0,0
2021,Public,MAURY,Spring Hill Elementary,87,81,0,4,0,0,2
2021,Public,MOORE,Lynchburg Elementary,63,59,0,2,1,0,1
2021,Public,PERRY,Linden Elementary,44,43,0,1,0,0,0
2021,Public,PERRY,Lobelville Elementary,23,23,0,0,0,0,0
2021,Public,WAYNE,Collinwood Elementary,65,64,0,0,1,0,0
2021,Public,WAYNE,Frank Hughes School,20,18,0,1,0,0,1
2021,Public,WAYNE,Waynesboro Elementary,69,67,0,1,0,1,0
2021,Public,BRADLEY,Black Fox Elementary School,59,58,0,1,0,0,0
2021,Public,BRADLEY,Charleston Elementary School,55,48,1,5,0,0,1
2021,Public,BRADLEY,Hopewell Elementary School,67,57,0,7,0,0,3
2021,Public,BRADLEY,Michigan Avenue Elementary School,84,80,0,2,2,0,0
2021,Public,BRADLEY,North Lee Elementary School,74,71,0,3,0,0,0
2021,Public,BRADLEY,Oak Grove Elementary School,53,50,0,1,0,0,2
2021,Public,BRADLEY,Park View Elementary School,55,55,0,0,0,0,0
2021,Public,BRADLEY,Prospect Elementary School,55,54,0,1,0,0,0
2021,Public,BRADLEY,Taylor Elementary School,34,31,1,1,0,0,1
2021,Public,BRADLEY,Valley View Elementary School,43,38,0,3,2,0,0
2021,Public,BRADLEY,Waterville Community Elementary School,103,92,0,8,1,0,2
2021,Public,BRADLEY,Arnold Memorial Elementary,44,36,2,1,1,0,4
2021,Public,BRADLEY,Blythe-Bower Elementary,104,84,5,3,6,0,6
2021,Public,BRADLEY,Candy's Creek Cherokee Elementary School,67,59,1,2,4,0,1
2021,Public,BRADLEY,D.P. Yates Primary,87,83,1,0,2,0,1
2021,Public,BRADLEY,G.R. Stuart Elementary,33,29,0,3,0,0,1
2021,Public,BRADLEY,Mayfield Elementary,68,61,0,3,1,0,3
2021,Public,FRANKLIN,Broadview Elementary,40,37,0,3,0,0,0
2021,Public,FRANKLIN,Clark Memorial School,85,74,0,2,5,2,2
2021,Public,FRANKLIN,Cowan Elementary,32,32,0,0,0,0,0
2021,Public,FRANKLIN,Decherd Elementary,64,63,0,1,0,0,0
2021,Public,FRANKLIN,Huntland School,40,38,0,1,1,0,0
2021,Public,FRANKLIN,North Lake Elementary,29,29,0,0,0,0,0
2021,Public,FRANKLIN,Rock Creek Elementary,83,82,0,1,0,0,0
2021,Public,FRANKLIN,Sewanee Elementary,22,22,0,0,0,0,0
2021,Public,GRUNDY,Coalmont Elementary,16,15,0,1,0,0,0
2021,Public,GRUNDY,North Elementary,42,38,0,3,0,0,1
2021,Public,GRUNDY,Pelham Elementary,20,17,0,1,2,0,0
2021,Public,GRUNDY,Swiss Memorial Elementary,23,23,0,0,0,0,0
2021,Public,GRUNDY,Tracy Elementary,33,26,1,0,1,0,5
2021,Public,MARION,Jasper Elementary School,128,125,0,2,1,0,0
2021,Public,MARION,Monteagle Elementary,17,17,0,0,0,0,0
2021,Public,MARION,South Pittsburg Elementary,60,59,0,0,1,0,0
2021,Public,MARION,Whitwell Elementary,99,95,0,3,0,0,1
2021,Public,MARION,Richard Hardy Memorial School,15,15,0,0,0,0,0
2021,Public,MCMINN,City Park Elementary,95,92,0,2,1,0,0
2021,Public,MCMINN,Ingleside Elementary,103,99,0,1,1,0,2
2021,Public,MCMINN,Etowah Elementary,41,41,0,0,0,0,0
2021,Public,MCMINN,Rogers Creek Elementary,27,26,0,1,0,0,0
2021,Public,MEIGS,Meigs North Elementary,79,72,1,5,1,0,0
2021,Public,MEIGS,Meigs South Elementary,71,70,0,0,0,0,1
2021,Public,POLK,Benton Elementary,49,43,0,0,0,0,6
2021,Public,POLK,Copper Basin Elementary School,52,48,0,2,0,0,2
2021,Public,POLK,South Polk Elementary,41,38,0,1,0,0,2
2021,Public,RHEA,Dayton City Elementary,104,92,1,2,1,0,8
2021,Public,RHEA,Frazier Elementary,66,63,0,2,1,0,0
2021,Public,RHEA,Graysville Elementary School,32,31,1,0,0,0,0
2021,Public,RHEA,Rhea Central Elementary,77,72,0,3,0,0,2
2021,Public,RHEA,Spring City Elementary,100,98,0,2,0,0,0
2021,Public,SEQUATCHIE,Griffith Elementary,160,149,1,2,6,0,1
2021,Public,SULLIVAN,Anderson Elementary,47,46,0,0,1,0,0
2021,Public,SULLIVAN,Avoca Elementary,69,67,0,1,0,1,0
2021,Public,SULLIVAN,Fairmount Elementary,56,51,0,3,1,1,0
2021,Public,SULLIVAN,Haynesfield Elementary,62,61,0,1,0,0,0
2021,Public,SULLIVAN,Holston View Elementary,52,50,0,1,1,0,0
2021,Public,SULLIVAN,Abraham Lincoln Elementary School,65,62,0,1,1,0,1
2021,Public,SULLIVAN,Andrew Jackson Elementary School,87,80,1,1,2,1,2
2021,Public,SULLIVAN,Andrew Johnson Elementary School,77,74,0,3,0,0,0
2021,Public,SULLIVAN,George Washington Elementary School,73,70,0,2,0,0,1
2021,Public,SULLIVAN,John Adams Elementary School,71,68,0,0,3,0,0
2021,Public,SULLIVAN,John F. Kennedy Elementary School,43,43,0,0,0,0,0
2021,Public,SULLIVAN,Theodore Roosevelt Elementary School,39,38,0,0,1,0,0
2021,Public,SULLIVAN,Thomas Jefferson Elementary School,81,81,0,0,0,0,0
2021,Public,SULLIVAN,Bluff City Elementary,83,76,1,6,0,0,0
2021,Public,SULLIVAN,Central Heights Elementary,39,39,0,0,0,0,0
2021,Public,SULLIVAN,Emmett Elementary,57,52,0,2,3,0,0
2021,Public,SULLIVAN,Holston Elementary,92,86,0,3,3,0,0
2021,Public,SULLIVAN,Indian Springs Elementary,50,46,0,4,0,0,0
2021,Public,SULLIVAN,Ketron Elementary School,104,98,0,4,2,0,0
2021,Public,SULLIVAN,Mary Hughes School,64,60,0,1,3,0,0
2021,Public,SULLIVAN,Miller Perry Elementary,36,36,0,0,0,0,0
2021,Public,SULLIVAN,Rock Springs Elementary,63,62,0,0,1,0,0
2021,Public,SULLIVAN,Sullivan Gardens Elementary,32,30,0,1,1,0,0
2021,Public,CANNON,Auburn Elementary,13,13,0,0,0,0,0
2021,Public,CANNON,East Side Elementary,21,21,0,0,0,0,0
2021,Public,CANNON,Short Mountain Elementary,14,12,0,1,1,0,0
2021,Public,CANNON,West Side Elementary,31,29,0,2,0,0,0
2021,Public,CANNON,Woodbury Grammar,33,30,0,1,2,0,0
2021,Public,CANNON,Woodland Elementary,37,36,0,0,1,0,0
2021,Public,CLAY,Celina K-8,57,55,0,1,0,1,0
2021,Public,CLAY,Hermitage Springs Elementary School,38,37,0,0,0,1,0
2021,Public,CUMBERLAND,Crab Orchard Elementary,34,30,0,0,0,0,4
2021,Public,CUMBERLAND,Frank P. Brown Elementary,79,73,0,1,0,0,5
2021,Public,CUMBERLAND,Glenn Martin Elementary,83,76,0,4,3,0,0
2021,Public,CUMBERLAND,Homestead Elementary School,70,67,2,0,0,1,0
2021,Public,CUMBERLAND,North Cumberland Elementary,47,43,2,2,0,0,0
2021,Public,CUMBERLAND,Pine View Elementary,16,16,0,0,0,0,0
2021,Public,CUMBERLAND,Pleasant Hill Elementary,67,57,4,0,0,1,5
2021,Public,CUMBERLAND,South Cumberland Elementary,56,49,1,0,0,0,6
2021,Public,CUMBERLAND,Stone Elementary,62,56,2,1,1,0,2
2021,Public,DEKALB,Dekalb West Elementary,59,58,0,1,0,0,0
2021,Public,DEKALB,Smithville Elementary,166,155,3,7,1,0,0
2021,Public,FENTRESS,Allardt Elementary,44,33,0,2,0,1,8
2021,Public,FENTRESS,Pine Haven Elementary,76,55,7,0,0,0,14
2021,Public,FENTRESS,South Fentress Elementary School,63,53,3,0,0,0,7
2021,Public,FENTRESS,York Elementary,55,36,3,0,1,0,15
2021,Public,JACKSON,Dodson Branch Elementary,37,34,3,0,0,0,0
2021,Public,JACKSON,Gainesboro Elementary,90,84,1,1,0,0,1
2021,Public,MACON,Fairlane Elementary,244,228,0,4,11,1,0
2021,Public,MACON,Red Boiling Springs Elementary,43,43,0,0,0,0,0
2021,Public,MACON,Westside Elementary,66,63,0,1,1,0,1
2021,Public,OVERTON,A H Roberts Elementary,77,72,0,2,3,0,0
2021,Public,OVERTON,Allons Elementary,32,31,0,0,1,0,0
2021,Public,OVERTON,Hilham Elementary,32,32,0,0,0,0,0
2021,Public,OVERTON,Rickman Elementary,79,78,0,0,1,0,0
2021,Public,OVERTON,Wilson Elementary,21,20,0,1,0,0,0
2021,Public,PICKETT,Pickett County Elementary,54,50,0,1,0,0,3
2021,Public,PUTNAM,Algood Elementary,97,89,0,2,2,0,4
2021,Public,PUTNAM,Baxter Primary,121,117,0,3,1,0,0
2021,Public,PUTNAM,Burks Elementary,74,72,1,0,1,0,0
2021,Public,PUTNAM,Cane Creek Elementary,73,71,0,1,1,0,0
2021,Public,PUTNAM,Capshaw Elementary,107,102,0,2,3,0,0
2021,Public,PUTNAM,Jere Whitson Elementary,44,38,0,0,5,0,1
2021,Public,PUTNAM,Northeast Elementary,75,68,0,5,1,0,1
2021,Public,PUTNAM,Park View Elementary,86,70,0,8,1,0,6
2021,Public,PUTNAM,Prescott South Elementary,94,88,0,4,1,0,1
2021,Public,PUTNAM,Sycamore Elementary,65,59,0,1,5,0,0
2021,Public,PUTNAM,White Plains Academy,1,1,0,0,0,0,0
2021,Public,SMITH,Carthage Elementary,91,86,0,3,2,0,0
2021,Public,SMITH,Defeated Elementary,44,42,1,1,0,0,0
2021,Public,SMITH,Forks River Elementary,20,20,0,0,0,0,0
2021,Public,SMITH,New Middleton Elementary,74,72,0,0,0,0,2
2021,Public,SMITH,Union Heights Elementary,33,32,0,1,0,0,0
2021,Public,WARREN,Bobby Ray Memorial,80,78,1,0,1,0,0
2021,Public,WARREN,Centertown Elementary,57,55,0,0,2,0,0
2021,Public,WARREN,Dibrell Elementary,38,37,0,1,0,0,0
2021,Public,WARREN,Eastside Elementary,49,49,0,0,0,0,0
2021,Public,WARREN,Hickory Creek School,100,95,2,1,1,0,1
2021,Public,WARREN,Irving College Elementary,29,28,0,1,0,0,0
2021,Public,WARREN,Morrison Elementary,43,41,0,1,1,0,0
2021,Public,WARREN,West Elementary,68,64,0,2,2,0,0
2021,Public,WHITE,Bon De Croft Elementary,24,22,0,1,0,0,1
2021,Public,WHITE,Cassville Elementary,40,40,0,0,0,0,0
2021,Public,WHITE,Doyle Elementary,43,40,0,3,0,0,0
2021,Public,WHITE,Findlay Elementary,65,64,0,1,0,0,0
2021,Public,WHITE,Northfield Elementary School,41,40,0,0,0,0,1
2021,Public,WHITE,Woodland Park Elementary,95,85,0,0,6,0,4
2021,Public,BENTON,Big Sandy School,25,25,0,0,0,0,0
2021,Public,BENTON,Camden Elementary,138,138,0,0,0,0,0
2021,Public,BENTON,Holladay Elementary,9,9,0,0,0,0,0
2021,Public,BLEDSOE,Cecil B Rigsby Elementary,27,25,0,0,0,0,2
2021,Public,BLEDSOE,Mary V Wheeler Elementary,34,34,0,0,0,0,0
2021,Public,BLEDSOE,Pikeville Elementary,57,53,0,1,0,0,3
2021,Public,CARROLL,Central Elementary,37,36,0,1,0,0,0
2021,Public,CARROLL,Huntingdon Primary,115,110,0,4,0,1,0
2021,Public,CARROLL,Mckenzie Elementary,96,91,0,0,3,0,1
2021,Public,CARROLL,Clarksburg School,15,15,0,0,0,0,0
2021,Public,CARROLL,West Carroll Primary,53,52,0,0,1,0,0
2021,Public,CHESTER,East Chester Elementary School,135,115,0,2,0,0,18
2021,Public,CHESTER,Jacks Creek Elementary,42,37,2,2,0,0,1
2021,Public,CHESTER,W Chester Elementary School,69,68,0,0,0,0,1
2021,Public,CROCKETT,Alamo Elementary,81,79,0,1,1,0,0
2021,Public,CROCKETT,Bells Elementary,55,53,0,1,1,0,0
2021,Public,CROCKETT,Friendship Elementary,14,14,0,0,0,0,0
2021,Public,CROCKETT,Gadsden Elementary,15,14,0,0,0,0,1
2021,Public,CROCKETT,Maury City Elementary,34,33,1,0,0,0,0
2021,Public,DECATUR,Decaturville Elementary,39,38,0,1,0,0,0
2021,Public,DECATUR,Parsons Elementary,74,69,1,2,1,0,1
2021,Public,DYER,Dyersburg Primary,198,195,0,1,2,0,0
2021,Public,DYER,Fifth Consolidated School,86,86,0,0,0,0,0
2021,Public,DYER,Finley Elementary,37,36,0,0,1,0,0
2021,Public,DYER,Holice Powell Elementary,36,36,0,0,0,0,0
2021,Public,DYER,Newbern Elementary School,88,85,0,0,3,0,0
2021,Public,DYER,Trimble Elementary,27,23,0,2,1,1,0
2021,Public,FAYETTE,Buckley-Carpenter Elementary School,85,84,0,0,1,0,0
2021,Public,FAYETTE,La Grange Moscow Elementary,31,29,0,0,2,0,0
2021,Public,FAYETTE,Oakland Elementary,99,94,0,2,3,0,0
2021,Public,FAYETTE,Southwest Elementary,47,46,0,0,1,0,0
2021,Public,GIBSON,Bradford Elementary,48,48,0,0,0,0,0
2021,Public,GIBSON,Dyer Elementary,39,35,2,0,0,0,2
2021,Public,GIBSON,Kenton Elementary School,24,23,0,0,0,1,0
2021,Public,GIBSON,Rutherford Elementary,18,18,0,0,0,0,0
2021,Public,GIBSON,South Gibson County Elementary School,170,157,2,5,2,0,4
2021,Public,GIBSON,Spring Hill Elementary,13,12,0,0,0,0,1
2021,Public,GIBSON,Yorkville Elementary,11,10,0,1,0,0,0
2021,Public,GIBSON,Stigall Primary School,100,84,0,1,0,0,15
2021,Public,GIBSON,Milan Elementary,155,152,0,1,2,0,0
2021,Public,GIBSON,Trenton Elementary,87,86,0,1,0,0,0
2021,Public,HARDEMAN,Bolivar Elementary,121,118,0,2,1,0,0
2021,Public,HARDEMAN,Grand Junction Elementary,25,23,0,1,1,0,0
2021,Public,HARDEMAN,Hornsby Elementary,18,18,0,0,0,0,0
2021,Public,HARDEMAN,Middleton Elementary,54,52,0,0,2,0,0
2021,Public,HARDEMAN,Toone Elementary,21,20,0,1,0,0,0
2021,Public,HARDEMAN,Whiteville Elementary,22,22,0,0,0,0,0
2021,Public,HARDIN,East Hardin Elementary,74,70,0,1,1,0,2
2021,Public,HARDIN,Northside Elementary,94,85,0,8,1,0,0
2021,Public,HARDIN,Parris South Elementary,67,65,0,0,2,0,0
2021,Public,HARDIN,Pickwick Southside School,27,26,0,0,1,0,0
2021,Public,HARDIN,West Hardin Elementary,38,37,0,0,1,0,0
2021,Public,HAYWOOD,Anderson Early Childhood,180,168,0,2,2,0,8
2021,Public,HENDERSON,Bargerton Elementary,30,30,0,0,0,0,0
2021,Public,HENDERSON,Beaver Elementary,36,32,0,3,1,0,0
2021,Public,HENDERSON,Pin Oak Elementary,45,40,0,2,2,1,0
2021,Public,HENDERSON,Scotts Hill Elementary,41,39,0,2,0,0,0
2021,Public,HENDERSON,South Haven Elementary,24,23,0,1,0,0,0
2021,Public,HENDERSON,South Side Elementary,46,42,0,4,0,0,0
2021,Public,HENDERSON,Westover Elementary,72,70,0,2,0,0,0
2021,Public,HENDERSON,Paul G. Caywood Elementary,109,100,2,4,0,0,3
2021,Public,HENRY,Dorothy And Noble Harrelson School,46,42,1,2,0,0,1
2021,Public,HENRY,Henry Elementary,35,30,1,4,0,0,0
2021,Public,HENRY,Lakewood Elementary,79,75,1,3,0,0,0
2021,Public,HENRY,W G Rhea Elementary,155,149,0,5,1,0,0
2021,Public,LAKE,Margaret Newton Elementary,49,47,0,2,0,0,0
2021,Public,LAUDERDALE,Halls Elementary School,74,69,0,0,0,0,5
2021,Public,LAUDERDALE,Ripley Primary,180,176,0,0,4,0,0
2021,Public,MCNAIRY,Adamsville Elementary,88,80,0,2,6,0,0
2021,Public,MCNAIRY,Bethel Springs Elementary,56,55,0,1,0,0,0
2021,Public,MCNAIRY,Michie Elementary,35,34,0,1,0,0,0
2021,Public,MCNAIRY,Ramer Elementary,53,52,0,0,1,0,0
2021,Public,MCNAIRY,Selmer Elementary,90,86,0,4,0,0,0
2021,Public,OBION,Black Oak Elementary,20,20,0,0,0,0,0
2021,Public,OBION,Hillcrest Elementary,71,65,1,0,0,0,5
2021,Public,OBION,Lake Road Elementary,63,62,0,1,0,0,0
2021,Public,OBION,Ridgemont Elementary,44,44,0,0,0,0,0
2021,Public,OBION,South Fulton Elementary,46,45,0,0,1,0,0
2021,Public,OBION,Union City Elementary School,138,130,0,3,0,0,5
2021,Public,TIPTON,Atoka Elementary School,134,132,0,2,0,0,0
2021,Public,TIPTON,Austin Peay Elementary School,83,81,0,1,1,0,0
2021,Public,TIPTON,Brighton Elementary,101,97,0,1,3,0,0
2021,Public,TIPTON,Covington Integrated Arts Academy,62,59,0,1,2,0,0
2021,Public,TIPTON,Crestview Elementary,126,123,0,2,1,0,0
2021,Public,TIPTON,Drummonds Elementary,127,126,0,0,1,0,0
2021,Public,TIPTON,Munford Elementary,120,119,0,1,0,0,0
2021,Public,WEAKLEY,Dresden Elementary,101,95,4,2,0,0,0
2021,Public,WEAKLEY,Gleason School,23,23,0,0,0,0,0
2021,Public,WEAKLEY,Greenfield School,35,35,0,0,0,0,0
2021,Public,WEAKLEY,Martin Primary,142,138,0,2,1,0,1
2021,Public,WEAKLEY,Sharon School,21,21,0,0,0,0,0
2021,Private,BEDFORD,Victory Baptist Academy,19,17,0,2,0,0,0
2021,Private,BLOUNT,Clayton-Bradley Academy,33,30,0,1,1,0,1
2021,Private,BLOUNT,Maryville Christian School,11,6,0,1,0,0,4
2021,Private,CAMPBELL,Jellico Christian Academy,4,1,1,0,0,0,2
2021,Private,CHEATHAM,Pleasant View Christian School,29,28,0,0,1,0,0
2021,Private,CLAIBORNE,J. Frank White Academy,20,18,1,1,0,0,0
2021,Private,DAVIDSON,Abintra Montessori School,21,15,0,1,0,0,5
2021,Private,DAVIDSON,Akiva School,25,23,2,0,0,0,0
2021,Private,DAVIDSON,Christ Presbyterian Academy,60,52,2,6,0,0,0
2021,Private,DAVIDSON,Christ the King School,25,25,0,0,0,0,0
2021,Private,DAVIDSON,Davidson Academy,26,25,0,1,0,0,0
2021,Private,DAVIDSON,Donelson Christian Academy,45,44,0,1,0,0,0
2021,Private,DAVIDSON,Ensworth School,64,61,3,0,0,0,0
2021,Private,DAVIDSON,F. H. Jenkins Elementary School,13,11,2,0,0,0,0
2021,Private,DAVIDSON,Franklin Road Academy,59,57,0,2,0,0,0
2021,Private,DAVIDSON,Goodpasture Christian School,49,46,0,3,0,0,0
2021,Private,DAVIDSON,Holy Rosary Academy,33,33,0,0,0,0,0
2021,Private,DAVIDSON,Linden Waldorf School,14,10,1,1,0,1,1
2021,Private,DAVIDSON,Lipscomb Academy,56,48,0,6,0,1,1
2021,Private,DAVIDSON,Madison Campus Elementary School,16,14,0,1,1,0,0
2021,Private,DAVIDSON,Montessori Academy,34,29,0,5,0,0,0
2021,Private,DAVIDSON,Montessori Centre,10,8,0,1,1,0,0
2021,Private,DAVIDSON,Music City Montessori,4,4,0,0,0,0,0
2021,Private,DAVIDSON,Nashville Christian School,47,46,0,1,0,0,0
2021,Private,DAVIDSON,Nashville International Academy,17,8,2,3,0,1,3
2021,Private,DAVIDSON,"Oak Hill School, The",74,74,0,0,0,0,0
2021,Private,DAVIDSON,Overbrook School,32,8,11,0,0,0,13
2021,Private,DAVIDSON,Primrose School of Nashville Midtown,7,7,0,0,0,0,0
2021,Private,DAVIDSON,Schrader Lane Childcare Center,4,4,0,0,0,0,0
2021,Private,DAVIDSON,St. Ann School,17,17,0,0,0,0,0
2021,Private,DAVIDSON,St. Clement Coptic Orthodox Christian Academy,16,16,0,0,0,0,0
2021,Private,DAVIDSON,St. Edward School,19,19,0,0,0,0,0
2021,Private,DAVIDSON,St. Henry School,61,60,0,0,1,0,0
2021,Private,DAVIDSON,St. Joseph School,23,23,0,0,0,0,0
2021,Private,DAVIDSON,St. Paul Christian Academy,46,44,0,0,0,0,2
2021,Private,DAVIDSON,St. Pius X Classical Academy,4,4,0,0,0,0,0
2021,Private,DAVIDSON,The Children's House of Nashville Montessori School,11,11,0,0,0,0,0
2021,Private,DAVIDSON,The Covenant School,18,17,0,1,0,0,0
2021,Private,DAVIDSON,The Edison School-Madison,3,3,0,0,0,0,0
2021,Private,DAVIDSON,University School of Nashville,64,64,0,0,0,0,0
2021,Private,FAYETTE,Fayette Academy,41,37,0,4,0,0,0
2021,Private,FAYETTE,Rossville Christian Academy,26,26,0,0,0,0,0
2021,Private,FRANKLIN,Winchester Christian Academy,33,32,1,0,0,0,0
2021,Private,HAMBLEN,All Saints' Episcopal School,11,11,0,0,0,0,0
2021,Private,HAMBLEN,Lakeway Christian Schools/Cornerstone Christian Academy,54,48,0,5,1,0,0
2021,Private,HAMILTON,Annoor Academy of Chattanooga,9,9,0,0,0,0,0
2021,Private,HAMILTON,Avondale Seventh-day Adventist School,4,3,0,0,0,1,0
2021,Private,HAMILTON,Belvoir Christian Academy,16,15,0,1,0,0,0
2021,Private,HAMILTON,Berean Academy,33,33,0,0,0,0,0
2021,Private,HAMILTON,Boyd-Buchanan,59,58,0,0,0,0,1
2021,Private,HAMILTON,Brainerd Baptist School,41,40,0,1,0,0,0
2021,Private,HAMILTON,Chattanooga Christian School,73,64,0,7,0,2,0
2021,Private,HAMILTON,Collegedale Academy (formally A. W. Spalding Elementary Scho,33,31,0,1,1,0,0
2021,Private,HAMILTON,Grace Baptist Academy,34,29,0,5,0,0,0
2021,Private,HAMILTON,Hickory Valley Christian School,10,10,0,0,0,0,0
2021,Private,HAMILTON,Lester Coon Adventist School,6,5,0,1,0,0,0
2021,Private,HAMILTON,Marty's Center,3,2,0,1,0,0,0
2021,Private,HAMILTON,Ooltewah Adventist School,16,14,0,2,0,0,0
2021,Private,HAMILTON,Our Lady of Perpetual Help School,26,26,0,0,0,0,0
2021,Private,HAMILTON,Silverdale Baptist Academy,68,68,0,0,0,0,0
2021,Private,HAMILTON,Skyuka Hall,1,0,0,1,0,0,0
2021,Private,HAMILTON,St. Jude School,26,24,0,2,0,0,0
2021,Private,HAMILTON,St. Peter's Episcopal School,27,25,0,1,1,0,0
2021,Private,HAMILTON,Standifer Gap Seventh-day Adventist School,5,4,0,1,0,0,0
2021,Private,HAMILTON,The Bright School,47,41,0,2,0,0,4
2021,Private,HARDIN,Savannah Christian Academy,25,24,0,1,0,0,0
2021,Private,HARDIN,Sheltering Tree Ranch,3,2,0,0,0,0,1
2021,Private,HUMPHREYS,St. Patrick School,20,19,0,1,0,0,0
2021,Private,KNOX,Annoor Academy of Knoxville,13,12,0,0,0,0,1
2021,Private,KNOX,Berean Christian School,29,24,0,5,0,0,0
2021,Private,KNOX,Cedar Springs Weekday School,10,10,0,0,0,0,0
2021,Private,KNOX,Christian Academy of Knoxville,59,52,0,7,0,0,0
2021,Private,KNOX,Concord Christian School,48,45,0,1,0,0,2
2021,Private,KNOX,First Baptist Academy,41,39,0,2,0,0,0
2021,Private,KNOX,First Lutheran School,6,5,0,1,0,0,0
2021,Private,KNOX,Garden Montessori,10,8,0,2,0,0,0
2021,Private,KNOX,Giving Tree Montessori,5,5,0,0,0,0,0
2021,Private,KNOX,Grace Christian Academy,50,21,2,5,0,0,22
2021,Private,KNOX,Knoxville Adventist School,4,2,0,2,0,0,0
2021,Private,KNOX,Knoxville Christian School,16,14,0,2,0,0,0
2021,Private,KNOX,Montessori Internationale School of East Tennessee,7,5,0,0,0,0,2
2021,Private,KNOX,Morning Star Child Development Center,6,5,0,1,0,0,0
2021,Private,KNOX,Pride & Joy Children's Academy,7,7,0,0,0,0,0
2021,Private,KNOX,Primrose School of Farragut,8,7,0,0,0,0,1
2021,Private,KNOX,Primrose School of West Knoxville,8,7,1,0,0,0,0
2021,Private,KNOX,River's Edge Christian Academy,62,18,20,6,1,0,17
2021,Private,KNOX,St. John Neumann Catholic School,33,33,0,0,0,0,0
2021,Private,KNOX,St. Joseph School,23,23,0,0,0,0,0
2021,Private,KNOX,Stanford Eisenberg Jewish Day School,7,7,0,0,0,0,0
2021,Private,KNOX,Tate's School of Discovery,29,29,0,0,0,0,0
2021,Private,KNOX,The Episcopal School of Knoxville,32,31,0,1,0,0,0
2021,Private,KNOX,University of Tennessee Early Learning Center,10,10,0,0,0,0,0
2021,Private,KNOX,Webb School of Knoxville,41,41,0,0,0,0,0
2021,Private,KNOX,West End Kindergarten,22,21,0,1,0,0,0
2021,Private,KNOX,West Hills Baptist Church Preschool & Kindergarten,12,12,0,0,0,0,0
2021,Private,LAWRENCE,Sacred Heart Catholic School,6,6,0,0,0,0,0
2021,Private,LAWRENCE,Sacred Heart School,9,9,0,0,0,0,0
2021,Private,LINCOLN,Riverside Christian Academy,17,16,0,1,0,0,0
2021,Private,LOUDON,Lenoir City Christian Academy,14,14,0,0,0,0,0
2021,Private,MADISON,Family Christian School,2,2,0,0,0,0,0
2021,Private,MADISON,Jackson Christian,49,47,0,1,1,0,0
2021,Private,MADISON,University School of Jackson,51,47,0,4,0,0,0
2021,Private,MAURY,Agathos Classical School,29,17,8,3,0,0,1
2021,Private,MAURY,Columbia Academy,54,49,0,5,0,0,0
2021,Private,MAURY,Columbia Academy at Spring Hill,17,15,0,2,0,0,0
2021,Private,MAURY,Zion Christian Academy,20,15,0,4,0,0,1
2021,Private,MONTGOMERY,Amare Montessori,14,10,0,4,0,0,0
2021,Private,MONTGOMERY,Clarksville Academy,36,34,0,1,0,0,1
2021,Private,MONTGOMERY,Clarksville Christian School,43,40,0,2,0,0,1
2021,Private,MONTGOMERY,Immaculate Conception School,19,19,0,0,0,0,0
2021,Private,MONTGOMERY,Power and Grace Preparatory Academy,12,11,1,0,0,0,0
2021,Private,MONTGOMERY,The Little Country Schoolhouse,6,6,0,0,0,0,0
2021,Private,MONTGOMERY,The Settlement Kindergarten,9,9,0,0,0,0,0
2021,Private,PUTNAM,Heavenly Host Lutheran School,7,6,0,0,0,0,1
2021,Private,PUTNAM,Highland Rim Academy,19,17,0,2,0,0,0
2021,Private,ROBERTSON,Christian Community School,27,25,0,2,0,0,0
2021,Private,ROBERTSON,Day Spring Academy,16,14,0,2,0,0,0
2021,Private,ROBERTSON,South Haven Christian School,20,19,0,0,1,0,0
2021,Private,ROBERTSON,The Summit Preparatory Academy,13,11,0,0,0,1,1
2021,Private,RUTHERFORD,St. Rose of Lima Catholic School,30,30,0,0,0,0,0
2021,Private,SEVIER,Seymour Community Christian School,15,14,0,1,0,0,0
2021,Private,SEVIER,The King's Academy,20,19,0,0,0,0,1
2021,Private,SHELBY,1st Class Montessori,3,3,0,0,0,0,0
2021,Private,SHELBY,Binghampton Christian Academy,16,15,0,1,0,0,0
2021,Private,SHELBY,Breath of Life Preparatory Preschool,15,15,0,0,0,0,0
2021,Private,SHELBY,Brinkley Heights Urban Academy,9,9,0,0,0,0,0
2021,Private,SHELBY,Central Baptist School,18,16,1,1,0,0,0
2021,Private,SHELBY,Christ Methodist Day School,56,56,0,0,0,0,0
2021,Private,SHELBY,Cornerstone Learning Center,15,15,0,0,0,0,0
2021,Private,SHELBY,Emmanuel United Methodist Kindergarten,7,7,0,0,0,0,0
2021,Private,SHELBY,Faith Heritage Christian Academy,6,3,0,3,0,0,0
2021,Private,SHELBY,First Assembly Christian School,31,31,0,0,0,0,0
2021,Private,SHELBY,Grace-St. Luke's Episcopal School,34,34,0,0,0,0,0
2021,Private,SHELBY,"Harding Academy, Cordova Early Childhood",41,40,0,0,1,0,0
2021,Private,SHELBY,Highland Day School,4,4,0,0,0,0,0
2021,Private,SHELBY,Hutchison School,37,36,0,1,0,0,0
2021,Private,SHELBY,Lambs and Ivy,10,10,0,0,0,0,0
2021,Private,SHELBY,Lamplighter Montessori School,17,15,0,2,0,0,0
2021,Private,SHELBY,Memphis Junior Academy,4,4,0,0,0,0,0
2021,Private,SHELBY,New Hope Christian Academy,56,46,0,0,0,0,10
2021,Private,SHELBY,Olivia's Montessori Preschool,6,6,0,0,0,0,0
2021,Private,SHELBY,Pleasant View School,41,3,38,0,0,0,0
2021,Private,SHELBY,Presbyterian Day School,51,50,0,1,0,0,0
2021,Private,SHELBY,Sensational Enlightenment Academy,11,8,0,3,0,0,0
2021,Private,SHELBY,St. Agnes Academy-St. Dominic School,37,37,0,0,0,0,0
2021,Private,SHELBY,St. Francis of Assisi Elementary School,33,33,0,0,0,0,0
2021,Private,SHELBY,St. George's Independent School - Memphis,18,18,0,0,0,0,0
2021,Private,SHELBY,St. Louis School,49,49,0,0,0,0,0
2021,Private,SHELBY,St. Luke's Day School,8,8,0,0,0,0,0
2021,Private,SHELBY,St. Mary's Episcopal School,49,48,0,0,1,0,0
2021,Private,SHELBY,St. Paul Catholic School,40,30,3,0,0,0,7
2021,Private,SHELBY,The Lab School of Memphis:An Acton Academy,2,2,0,0,0,0,0
2021,Private,SHELBY,Westminster Academy,32,29,0,2,1,0,0
2021,Private,SHELBY,Woodland Presbyterian School,30,30,0,0,0,0,0
2021,Private,SHELBY,Word of Faith Christian Academy,12,10,0,0,0,2,0
2021,Private,SULLIVAN,Tri-Cities Christian School,20,17,0,1,0,0,2
2021,Private,SUMNER,Hendersonville Christian Academy,23,23,0,0,0,0,0
2021,Private,SUMNER,Hendersonville Day School,3,3,0,0,0,0,0
2021,Private,SUMNER,St. John Vianney Catholic School,11,7,1,1,0,0,2
2021,Private,SUMNER,Sumner Academy,30,29,0,1,0,0,0
2021,Private,TIPTON,Tipton Christian Academy,31,30,1,0,0,0,0
2021,Private,WARREN,"F. C. Boyd, Sr. Christian School",5,4,0,0,0,0,1
2021,Private,WARREN,Westwood Day School,13,13,0,0,0,0,0
2021,Private,WASHINGTON,Living Springs Christian Academy,3,3,0,0,0,0,0
2021,Private,WILLIAMSON,Battle Ground Academy,36,32,3,1,0,0,0
2021,Private,WILLIAMSON,Currey Ingram Academy,6,6,0,0,0,0,0
2021,Private,WILLIAMSON,Grace Christian Academy,50,21,2,5,0,0,22
2021,Private,WILLIAMSON,Montessori School of Franklin,9,7,0,2,0,0,0
2021,Private,WILLIAMSON,Otter Creek Kindergarten & Preschool,35,33,0,2,0,0,0
2021,Private,WILLIAMSON,Primrose School of Spring Hill,11,9,0,0,1,1,0
2021,Private,WILLIAMSON,St. Matthew School,42,35,0,0,2,1,4
2021,Private,WILSON,Friendship Christian School,33,29,0,3,1,0,0
2021,Private,WILSON,Mt. Juliet Christian Academy,48,42,0,6,0,0,0
2021,Private,WILSON,Mt. Juliet Montessori Academy,12,11,0,0,0,0,1
2021,Private,WILSON,Primrose School of Mt. Juliet,16,16,0,0,0,0,0
