time	state	geography	geography_name	grade	N_dtap	N_polio	N_mmr	N_hep_b	N_varicella	N_personal_exempt	N_medical_exempt	N_full_exempt	pct_dtap	pct_polio	pct_mmr	pct_hep_b	pct_varicella	pct_personal_exempt	pct_medical_exempt	pct_full_exempt	total_enrolled
2020-09-01	Pennsylvania	42001	Adams	Kindergarten	892	889	888	894	888	21	3	24	97.2	96.8	96.7	97.39999999999999	96.7	2.3	0.3000000000000001	2.5999999999999996	918
2020-09-01	Pennsylvania	42001	Adams	7th Grade	1125	1128	1127	1126	1126	25	8	33	98.3	98.6	98.5	98.4	98.4	2.2	0.7000000000000002	2.9000000000000004	1144
2020-09-01	Pennsylvania	42001	Adams	12th Grade	1194	1199	1199	1192	1187	25	19	44	98.4	98.8	98.8	98.3	97.89999999999999	2.1000000000000005	1.6000000000000003	3.700000000000001	1213
2020-09-01	Pennsylvania	42001	Adams	Totals	3211	3216	3214	3212	3201	71	30	101	98	98.2	98.1	98.1	97.7	2.0999999999999996	0.9000000000000005	3.0000000000000004	3275
2020-09-01	Pennsylvania	42003	Allegheny	Kindergarten	10124	10064	10078	10209	10062	304	29	333	95.7	95.10000000000001	95.2	96.5	95.10000000000001	2.9000000000000004	0.3000000000000001	3.2	10583
2020-09-01	Pennsylvania	42003	Allegheny	7th Grade	11351	11331	11336	11351	11290	306	86	392	98	97.8	97.89999999999999	98	97.5	2.7	0.7000000000000002	3.4000000000000004	11580
2020-09-01	Pennsylvania	42003	Allegheny	12th Grade	10387	10369	10373	10414	10249	310	272	582	98.2	98	98	98.4	96.89999999999999	2.9000000000000004	2.6	5.500000000000001	10582
2020-09-01	Pennsylvania	42003	Allegheny	Totals	31862	31764	31787	31974	31601	920	387	1307	97.3	97	97.1	97.6	96.5	2.8	1.2000000000000002	4	32745
2020-09-01	Pennsylvania	42005	Armstrong	Kindergarten	493	491	491	496	491	28	0	28	95	94.6	94.6	95.60000000000001	2.3000000000000003	0.20000000000000004	3.1000000000000005	3.3000000000000007	519
2020-09-01	Pennsylvania	42005	Armstrong	7th Grade	706	704	706	707	705	40	2	42	96.2	95.9	96.2	96.3	93.70000000000002	5.800000000000001	3.1000000000000005	8.900000000000002	734
2020-09-01	Pennsylvania	42005	Armstrong	12th Grade	538	536	530	536	527	27	5	32	98.9	98.5	97.39999999999999	98.5	96.89999999999999	5.000000000000001	0.9000000000000005	5.900000000000001	544
2020-09-01	Pennsylvania	42005	Armstrong	Totals	1737	1731	1727	1739	1723	95	7	102	96.7	96.3	96.1	96.8	95.9	5.300000000000001	0.4000000000000001	5.7	1797
2020-09-01	Pennsylvania	42007	Beaver	Kindergarten	1980	1959	1967	1998	1956	123	6	129	93.89999999999999	92.9	93.30000000000001	94.8	92.80000000000001	5.9	0.3000000000000001	6.2	2108
2020-09-01	Pennsylvania	42007	Beaver	7th Grade	2486	2486	2506	2507	2486	144	17	161	95.10000000000001	95.10000000000001	95.9	95.9	95.10000000000001	5.5	0.7000000000000002	6.2	2613
2020-09-01	Pennsylvania	42007	Beaver	12th Grade	2600	2551	2603	2619	2534	148	22	170	96.6	94.8	96.7	97.3	94.1	5.500000000000001	0.8000000000000002	6.300000000000001	2692
2020-09-01	Pennsylvania	42007	Beaver	Totals	7066	6996	7076	7124	6976	415	45	460	9530	9440	9550	9610	9410	560	60	620	7413
2020-09-01	Pennsylvania	42009	Bedford	Kindergarten	427	423	422	429	418	16	2	18	96.6	95.7	95.5	97.1	0.5000000000000001	2.1000000000000005	3.2000000000000006	5.300000000000001	442
2020-09-01	Pennsylvania	42009	Bedford	7th Grade	497	490	494	498	489	34	3	37	95.80000000000001	94.39999999999999	95.2	96	94.19999999999999	6.6000000000000005	0.6000000000000002	7.200000000000001	519
2020-09-01	Pennsylvania	42009	Bedford	12th Grade	511	511	511	511	507	10	5	15	97.7	97.7	97.7	97.7	96.89999999999999	2	1	3	523
2020-09-01	Pennsylvania	42009	Bedford	Totals	1435	1424	1427	1438	1414	60	10	70	96.7	96	96.2	96.89999999999999	95.30000000000001	4.100000000000001	0.7000000000000002	4.800000000000002	1484
2020-09-01	Pennsylvania	42011	Berks	Kindergarten	4370	4363	4354	4409	4340	87	13	100	97.3	97.1	96.89999999999999	98.1	96.6	2	0.3000000000000001	2.3	4493
2020-09-01	Pennsylvania	42011	Berks	7th Grade	5476	5500	5514	5507	5479	147	16	163	97.8	98.2	98.5	98.4	97.89999999999999	2.7	0.3000000000000001	3	5598
2020-09-01	Pennsylvania	42011	Berks	12th Grade	4941	4990	4996	5000	4920	123	35	158	97.6	98.5	98.7	98.7	97.2	2.4000000000000004	0.7000000000000002	3.1000000000000005	5064
2020-09-01	Pennsylvania	42011	Berks	Totals	14787	14853	14864	14916	14739	357	64	421	97.6	98	98.1	98.4	97.3	2.4000000000000004	0.4000000000000001	2.8000000000000007	15155
2020-09-01	Pennsylvania	42013	Blair	Kindergarten	1180	1179	1177	1192	1176	28	2	30	97.39999999999999	97.39999999999999	97.2	98.4	97.1	2.4000000000000004	0.20000000000000004	2.6000000000000005	1211
2020-09-01	Pennsylvania	42013	Blair	7th Grade	1463	1450	1463	1464	1459	46	13	59	97.1	96.2	97.1	97.1	96.8	3.0000000000000004	0.9000000000000005	3.900000000000001	1507
2020-09-01	Pennsylvania	42013	Blair	12th Grade	1418	1414	1415	1415	1401	35	17	52	99.4	99.2	99.2	99.2	98.2	2.5	1.2000000000000002	3.7	1426
2020-09-01	Pennsylvania	42013	Blair	Totals	4061	4043	4055	4071	4036	109	32	141	98	97.6	97.89999999999999	98.2	97.39999999999999	2.6000000000000005	0.8000000000000002	3.400000000000001	4144
2020-09-01	Pennsylvania	42015	Bradford	Kindergarten	568	569	572	581	567	14	2	16	93.70000000000002	93.89999999999999	94.39999999999999	95.9	93.60000000000001	2.4000000000000004	0.3000000000000001	2.7	606
2020-09-01	Pennsylvania	42015	Bradford	7th Grade	677	674	674	677	673	29	2	31	98.1	97.7	97.7	98.1	97.5	4.2	0.3000000000000001	4.500000000000001	690
2020-09-01	Pennsylvania	42015	Bradford	12th Grade	610	608	610	610	599	19	0	19	99.3	99	99.3	99.3	97.6	14.5	2.1000000000000005	16.6	614
2020-09-01	Pennsylvania	42015	Bradford	Totals	1855	1851	1856	1868	1839	62	4	66	97.1	96.89999999999999	97.2	97.8	96.3	3.2	0.20000000000000004	3.4000000000000004	1910
2020-09-01	Pennsylvania	42017	Bucks	Kindergarten	5565	5533	5559	5615	5536	129	26	155	96.7	96.1	96.6	97.6	96.2	2.1999999999999997	0.5000000000000001	2.7	5756
2020-09-01	Pennsylvania	42017	Bucks	7th Grade	6855	6843	6855	6839	6759	219	89	308	98.1	97.89999999999999	98.1	97.8	96.7	3.2	1.2999999999999998	4.5	6990
2020-09-01	Pennsylvania	42017	Bucks	12th Grade	7660	7679	7697	7672	7476	432	224	656	97.6	97.8	98	97.7	95.2	5.5	2.9000000000000004	8.4	7852
2020-09-01	Pennsylvania	42017	Bucks	Totals	20080	20055	20111	20126	19771	780	339	1119	97.5	97.39999999999999	97.6	97.7	96	3.8	1.6000000000000003	5.4	20598
2020-09-01	Pennsylvania	42019	Butler	Kindergarten	1643	1638	1638	1653	1632	61	4	65	9650	96.2	96.2	97.1	95.80000000000001	3.5000000000000004	0.20000000000000004	3.7000000000000006	1703
2020-09-01	Pennsylvania	42019	Butler	7th Grade	2041	2036	2031	2051	2025	101	11	112	9770	97.39999999999999	97.2	98.1	96.89999999999999	4.8	0.5000000000000001	5.300000000000001	2090
2020-09-01	Pennsylvania	42019	Butler	12th Grade	2004	2001	1990	2012	1961	97	8	105	97.1	96.89999999999999	96.39999999999999	97.5	95	4.7	0.4000000000000001	5.1000000000000005	2064
2020-09-01	Pennsylvania	42019	Butler	Totals	5688	5675	5659	5716	5618	259	23	282	97.1	96.89999999999999	96.6	97.6	95.9	4.4	0.4000000000000001	4.800000000000001	5857
2020-09-01	Pennsylvania	42021	Cambria	Kindergarten	1089	1088	1086	1096	1089	18	0	18	97.39999999999999	97.3	97.1	98	1	2.2	0.6000000000000002	2.8000000000000003	1118
2020-09-01	Pennsylvania	42021	Cambria	7th Grade	1352	1353	1351	1355	1350	43	7	50	97.8	97.8	97.7	98	97.6	3.1000000000000005	0.5000000000000001	3.6000000000000005	1383
2020-09-01	Pennsylvania	42021	Cambria	12th Grade	1364	1360	1358	1363	1351	40	10	50	98.6	98.3	98.2	98.6	97.7	2.9000000000000004	0.7000000000000002	3.6000000000000005	1383
2020-09-01	Pennsylvania	42021	Cambria	Totals	3805	3801	3795	3814	3790	101	17	118	98	97.89999999999999	97.7	98.2	97.6	2.5999999999999996	0.4000000000000001	3	3884
2020-09-01	Pennsylvania	42023	Cameron	Kindergarten	47	47	46	47	47	0	0	0	97.89999999999999	97.89999999999999	95.80000000000001	97.89999999999999	4.200000000000001	0	NA	0	48
2020-09-01	Pennsylvania	42023	Cameron	7th Grade	42	42	42	42	41	2	0	2	97.7	97.7	97.7	97.7	97.7	0	2.3000000000000003	2.3000000000000003	43
2020-09-01	Pennsylvania	42023	Cameron	12th Grade	36	36	36	36	35	0	0	0	100	100	100	100	97.2	0	NA	0	36
2020-09-01	Pennsylvania	42023	Cameron	Totals	125	125	124	125	123	2	0	2	98.4	98.4	97.6	98.4	96.89999999999999	1.6000000000000003	0.8000000000000002	2.4000000000000004	127
2020-09-01	Pennsylvania	42025	Carbon	Kindergarten	539	538	539	544	539	8	1	9	97.5	97.3	97.5	98.4	0.20000000000000004	1.9000000000000004	0.9000000000000005	2.8000000000000007	553
2020-09-01	Pennsylvania	42025	Carbon	7th Grade	495	494	494	493	487	11	3	14	96.89999999999999	96.7	96.7	96.5	95.30000000000001	2.1999999999999997	0.6000000000000002	2.8	511
2020-09-01	Pennsylvania	42025	Carbon	12th Grade	702	702	699	701	697	13	11	24	99.2	99.2	98.7	99	98.4	1.9	1.6000000000000003	3.5000000000000004	708
2020-09-01	Pennsylvania	42025	Carbon	Totals	1736	1734	1732	1738	1723	32	15	47	98	97.89999999999999	97.7	98.1	97.2	1.8000000000000003	0.8000000000000002	2.6000000000000005	1772
2020-09-01	Pennsylvania	42027	Centre	Kindergarten	942	936	937	944	930	21	4	25	9770	9710	9720	9790	9650	210	40	250	964
2020-09-01	Pennsylvania	42027	Centre	7th Grade	996	993	998	1000	990	105	6	111	91.5	91.2	91.60000000000001	91.8	90.9	9.600000000000001	0.6000000000000002	10.200000000000001	1089
2020-09-01	Pennsylvania	42027	Centre	12th Grade	1058	1057	1059	1061	1032	48	7	55	97.6	97.5	97.7	97.89999999999999	95.2	4.5	0.6000000000000002	5.1000000000000005	1084
2020-09-01	Pennsylvania	42027	Centre	Totals	2996	2986	2994	3005	2952	174	17	191	95.5	95.2	95.4	95.80000000000001	94.1	5.5	0.5000000000000001	6	3137
2020-09-01	Pennsylvania	42029	Chester	Kindergarten	6279	6219	6236	6301	6199	178	15	193	95.5	94.5	94.8	95.80000000000001	94.19999999999999	2.7	0.20000000000000004	2.9000000000000004	6578
2020-09-01	Pennsylvania	42029	Chester	7th Grade	7928	7888	7926	7918	7871	368	26	394	96.1	95.7	96.1	96	95.5	4.4	0.3000000000000001	4.7	8246
2020-09-01	Pennsylvania	42029	Chester	12th Grade	7771	7753	7767	7751	7621	216	26	242	98.1	97.89999999999999	98	97.8	96.2	2.7000000000000006	0.3000000000000001	3.000000000000001	7923
2020-09-01	Pennsylvania	42029	Chester	Totals	21978	21860	21929	21970	21691	762	67	829	96.6	96.1	96.39999999999999	96.6	95.4	3.4000000000000004	0.3000000000000001	3.7	22747
2020-09-01	Pennsylvania	42031	Clarion	Kindergarten	408	406	407	409	406	4	0	4	97.8	97.39999999999999	97.6	98.1	0.5000000000000001	2.4000000000000004	0.5000000000000001	2.9000000000000004	417
2020-09-01	Pennsylvania	42031	Clarion	7th Grade	428	427	429	430	426	21	1	22	96.6	96.39999999999999	96.8	97.1	96.2	4.800000000000001	0.20000000000000004	5.000000000000001	443
2020-09-01	Pennsylvania	42031	Clarion	12th Grade	410	410	409	410	400	8	3	11	99.8	99.8	99.5	99.8	97.3	1.9000000000000004	0.7000000000000002	2.6000000000000005	411
2020-09-01	Pennsylvania	42031	Clarion	Totals	1246	1243	1245	1249	1232	33	4	37	98	97.8	98	98.3	96.89999999999999	2.6	0.3000000000000001	2.9000000000000004	1271
2020-09-01	Pennsylvania	42033	Clearfield	Kindergarten	844	840	843	859	843	28	2	30	96.7	96.2	96.6	98.4	0.20000000000000004	3.6	0.20000000000000004	3.8000000000000003	873
2020-09-01	Pennsylvania	42033	Clearfield	7th Grade	962	964	963	968	952	51	5	56	96.3	96.5	96.39999999999999	96.89999999999999	95.30000000000001	5.1000000000000005	0.5000000000000001	5.600000000000001	999
2020-09-01	Pennsylvania	42033	Clearfield	12th Grade	901	893	898	897	880	39	3	42	99.2	98.3	98.9	98.8	96.89999999999999	4.300000000000001	0.3000000000000001	4.6000000000000005	908
2020-09-01	Pennsylvania	42033	Clearfield	Totals	2707	2697	2704	2724	2675	118	10	128	97.39999999999999	97	97.3	98	96.2	4.300000000000001	0.4000000000000001	4.700000000000001	2780
2020-09-01	Pennsylvania	42035	Clinton	Kindergarten	310	309	306	316	308	10	0	10	95.10000000000001	94.8	93.89999999999999	96.89999999999999	1.2000000000000002	4.900000000000001	1.7999999999999998	6.700000000000001	326
2020-09-01	Pennsylvania	42035	Clinton	7th Grade	408	405	407	407	404	60	1	61	87.70000000000002	87.10000000000001	87.50000000000001	87.50000000000001	86.9	12.899999999999997	0.20000000000000004	13.099999999999998	465
2020-09-01	Pennsylvania	42035	Clinton	12th Grade	349	347	351	350	345	5	5	10	99.4	98.9	100	99.7	98.3	1.4	1.4000000000000001	2.8000000000000003	351
2020-09-01	Pennsylvania	42035	Clinton	Totals	1067	1061	1064	1073	1057	75	6	81	93.4	92.9	93.2	94	92.60000000000001	6.5	0.5000000000000001	7	1142
2020-09-01	Pennsylvania	42037	Columbia	Kindergarten	631	629	622	631	620	21	0	21	96.89999999999999	96.6	95.5	96.89999999999999	95.2	4.1	1.4000000000000001	5.5	651
2020-09-01	Pennsylvania	42037	Columbia	7th Grade	749	746	747	747	747	21	4	25	98.2	97.8	97.89999999999999	97.89999999999999	97.89999999999999	2.7	0.5000000000000001	3.2	763
2020-09-01	Pennsylvania	42037	Columbia	12th Grade	855	854	852	849	838	18	11	29	99.3	99.2	99	98.6	97.3	2.1000000000000005	1.2999999999999998	3.4000000000000004	861
2020-09-01	Pennsylvania	42037	Columbia	Totals	2235	2229	2221	2227	2205	60	15	75	98.2	98	97.6	97.89999999999999	96.89999999999999	2.5999999999999996	0.7000000000000002	3.3	2275
2020-09-01	Pennsylvania	42039	Crawford	Kindergarten	521	522	523	527	523	12	0	12	96.5	96.7	96.89999999999999	97.6	0.6000000000000002	1.4999999999999998	1.7000000000000002	3.2	540
2020-09-01	Pennsylvania	42039	Crawford	7th Grade	646	647	646	647	646	23	4	27	97	97.1	97	97.1	94	5.600000000000001	0.6000000000000002	6.200000000000001	666
2020-09-01	Pennsylvania	42039	Crawford	12th Grade	600	597	598	601	592	26	3	29	98.2	97.7	97.89999999999999	98.4	96.89999999999999	4.2	0.5000000000000001	4.7	611
2020-09-01	Pennsylvania	42039	Crawford	Totals	1767	1766	1767	1775	1761	61	7	68	97.2	97.2	97.2	97.7	96.89999999999999	3.3000000000000007	0.4000000000000001	3.7000000000000006	1817
2020-09-01	Pennsylvania	42041	Cumberland	Kindergarten	2195	2194	2196	2207	2187	43	4	47	97.1	97.1	97.2	97.7	96.8	2.0000000000000004	0.20000000000000004	2.2	2260
2020-09-01	Pennsylvania	42041	Cumberland	7th Grade	2481	2459	2462	2460	2419	88	36	124	97.7	96.8	97	96.89999999999999	95.30000000000001	3.5	1.4000000000000001	4.9	2539
2020-09-01	Pennsylvania	42041	Cumberland	12th Grade	2435	2425	2432	2432	2400	69	34	103	99.1	98.7	98.9	98.9	97.6	2.8	1.4000000000000001	4.2	2458
2020-09-01	Pennsylvania	42041	Cumberland	Totals	7111	7078	7090	7099	7006	200	74	274	98	97.5	97.7	97.8	96.5	2.7	1	3.7	7257
2020-09-01	Pennsylvania	42043	Dauphin	Kindergarten	4150	4144	4094	4210	4074	210	11	221	91.2	91.10000000000001	90	92.5	89.5	4.600000000000001	0.20000000000000004	4.800000000000001	4551
2020-09-01	Pennsylvania	42043	Dauphin	7th Grade	5319	5306	5314	5314	5270	264	28	292	94.3	94.1	94.19999999999999	94.19999999999999	93.5	4.7	0.5000000000000001	5.2	5639
2020-09-01	Pennsylvania	42043	Dauphin	12th Grade	4609	4597	4604	4612	4527	165	43	208	96.39999999999999	96.1	96.3	96.39999999999999	94.69999999999999	3.400000000000001	0.9000000000000005	4.300000000000001	4782
2020-09-01	Pennsylvania	42043	Dauphin	Totals	14078	14047	14012	14136	13871	639	82	721	94	93.8	93.60000000000001	94.39999999999999	92.60000000000001	4.200000000000001	0.5000000000000001	4.700000000000001	14972
2020-09-01	Pennsylvania	42045	Delaware	Kindergarten	5657	5615	5631	5719	5604	61	12	73	95.9	95.2	95.4	96.89999999999999	95	1.0000000000000002	0.20000000000000004	1.2000000000000004	5900
2020-09-01	Pennsylvania	42045	Delaware	7th Grade	6770	6749	6769	6778	6750	99	17	116	98.6	98.3	98.6	98.8	98.4	1.5000000000000004	0.20000000000000004	1.7000000000000004	6863
2020-09-01	Pennsylvania	42045	Delaware	12th Grade	6229	6227	6247	6246	6134	81	29	110	99.2	99.2	99.5	99.5	97.7	1.3000000000000003	0.5000000000000001	1.8000000000000003	6277
2020-09-01	Pennsylvania	42045	Delaware	Totals	18656	18591	18647	18743	18488	241	58	299	98	97.6	97.89999999999999	98.4	97.1	1.3000000000000003	0.3000000000000001	1.6000000000000005	19040
2020-09-01	Pennsylvania	42047	Elk	Kindergarten	264	264	265	267	262	4	0	4	97.8	97.8	98.1	98.9	0.4000000000000001	2.2	1.0999999999999999	3.3	270
2020-09-01	Pennsylvania	42047	Elk	7th Grade	280	279	280	280	276	5	2	7	99.6	99.3	99.6	99.6	98.2	1.8000000000000003	0.7000000000000002	2.5000000000000004	281
2020-09-01	Pennsylvania	42047	Elk	12th Grade	270	268	268	268	265	4	2	6	100	99.3	99.3	99.3	98.1	1.5	0.7000000000000002	2.2	270
2020-09-01	Pennsylvania	42047	Elk	Totals	814	811	813	815	803	13	4	17	99.1	98.8	99	99.3	97.8	1.6000000000000003	0.5000000000000001	2.1000000000000005	821
2020-09-01	Pennsylvania	42049	Erie	Kindergarten	2610	2601	2606	2632	2596	79	8	87	96.5	96.1	96.3	97.3	95.9	2.9	0.3000000000000001	3.2	2706
2020-09-01	Pennsylvania	42049	Erie	7th Grade	3118	3130	3155	3141	3116	110	13	123	97.7	98.1	98.9	98.4	97.6	3.5	0.4000000000000001	3.9000000000000004	3191
2020-09-01	Pennsylvania	42049	Erie	12th Grade	2840	2848	2864	2861	2805	73	26	99	97.7	98	98.5	98.4	96.5	2.5	0.9000000000000005	3.4000000000000004	2907
2020-09-01	Pennsylvania	42049	Erie	Totals	8568	8579	8625	8634	8517	262	47	309	9730	9740	9800	9810	9670	300	50	350	8804
2020-09-01	Pennsylvania	42051	Fayette	Kindergarten	1160	1158	1156	1175	1155	31	1	32	96.2	96	95.9	97.39999999999999	0.10000000000000002	4.300000000000001	0.7000000000000002	5.000000000000001	1206
2020-09-01	Pennsylvania	42051	Fayette	7th Grade	1242	1236	1239	1244	1235	51	3	54	98.3	97.8	98	98.4	97.7	4.000000000000001	0.20000000000000004	4.200000000000001	1264
2020-09-01	Pennsylvania	42051	Fayette	12th Grade	1155	1145	1148	1155	1131	55	4	59	99.1	98.3	98.5	99.1	97.1	4.7	0.3000000000000001	5	1165
2020-09-01	Pennsylvania	42051	Fayette	Totals	3557	3539	3543	3574	3521	137	8	145	97.89999999999999	97.39999999999999	97.5	98.3	96.89999999999999	3.7000000000000006	0.20000000000000004	3.900000000000001	3635
2020-09-01	Pennsylvania	42053	Forest	7th Grade	38	38	38	38	38	1	0	1	100	100	100	100	94.69999999999999	0	2.6	2.6	38
2020-09-01	Pennsylvania	42053	Forest	12th Grade	32	32	32	32	32	0	0	0	100	100	100	100	100	0	NA	0	32
2020-09-01	Pennsylvania	42053	Forest	Totals	95	95	95	95	95	1	0	1	100	100	100	100	71.6	0	NA	0	95
2020-09-01	Pennsylvania	42055	Franklin	Kindergarten	1333	1335	1334	1353	1324	37	1	38	96.2	96.3	96.2	97.6	95.5	2.7	0.10000000000000002	2.8	1386
2020-09-01	Pennsylvania	42055	Franklin	7th Grade	1670	1659	1663	1660	1620	85	15	100	97.5	96.8	97.1	96.89999999999999	94.6	4.9	0.9000000000000005	5.800000000000001	1713
2020-09-01	Pennsylvania	42055	Franklin	12th Grade	1615	1609	1615	1612	1557	54	20	74	98.2	97.89999999999999	98.2	98.1	94.69999999999999	3.3	1.2000000000000002	4.5	1644
2020-09-01	Pennsylvania	42055	Franklin	Totals	4618	4603	4612	4625	4501	176	36	212	97.39999999999999	97	97.2	97.5	94.89999999999999	3.8	0.8000000000000002	4.6	4743
2020-09-01	Pennsylvania	42057	Fulton	Kindergarten	148	149	149	149	149	3	0	3	97.39999999999999	98	98	98	2	0	0.7000000000000002	0.7000000000000002	152
2020-09-01	Pennsylvania	42057	Fulton	7th Grade	163	163	163	163	162	2	1	3	99.4	99.4	99.4	99.4	98.2	0.6000000000000002	1.2000000000000002	1.8000000000000003	164
2020-09-01	Pennsylvania	42057	Fulton	12th Grade	140	140	140	140	136	1	0	1	100	100	100	100	97.1	0	4.300000000000001	4.300000000000001	140
2020-09-01	Pennsylvania	42057	Fulton	Totals	451	452	452	452	447	6	1	7	98.9	99.1	99.1	99.1	98	1.7999999999999998	1.2999999999999998	3.0999999999999996	456
2020-09-01	Pennsylvania	42059	Greene	Kindergarten	267	268	267	268	267	6	0	6	96.7	97.1	96.7	97.1	96.7	1.8	1.4000000000000001	3.2	276
2020-09-01	Pennsylvania	42059	Greene	7th Grade	296	298	297	298	296	6	2	8	98.3	99	98.7	99	90.4	10	1	11	301
2020-09-01	Pennsylvania	42059	Greene	12th Grade	262	260	263	263	260	4	0	4	98.5	97.7	98.9	98.9	97.7	10.199999999999998	1.4999999999999998	11.699999999999998	266
2020-09-01	Pennsylvania	42059	Greene	Totals	825	826	827	829	823	16	2	18	97.89999999999999	98	98.1	98.3	97.6	1.9	0.20000000000000004	2.1	843
2020-09-01	Pennsylvania	42061	Huntingdon	Kindergarten	345	342	343	345	343	8	0	8	9830	97.39999999999999	97.7	98.3	1.0999999999999999	0.9000000000000005	1.0999999999999999	2.0000000000000004	351
2020-09-01	Pennsylvania	42061	Huntingdon	7th Grade	422	422	422	422	418	15	0	15	9720	97.2	97.2	97.2	96.3	5.000000000000001	0.9000000000000005	5.900000000000001	434
2020-09-01	Pennsylvania	42061	Huntingdon	12th Grade	477	477	477	476	468	4	6	10	99.2	99.2	99.2	99	97.3	0.8000000000000003	1.2000000000000002	2.0000000000000004	481
2020-09-01	Pennsylvania	42061	Huntingdon	Totals	1244	1241	1242	1243	1229	27	6	33	98.3	98	98.1	98.2	97.1	2.1000000000000005	0.5000000000000001	2.6000000000000005	1266
2020-09-01	Pennsylvania	42063	Indiana	Kindergarten	555	554	547	558	545	19	3	22	97	96.89999999999999	95.60000000000001	97.6	0.5000000000000001	4.2	0.7000000000000002	4.9	572
2020-09-01	Pennsylvania	42063	Indiana	7th Grade	688	687	693	689	680	90	3	93	89.60000000000001	89.5	90.2	89.7	88.5	11.699999999999998	0.4000000000000001	12.099999999999998	768
2020-09-01	Pennsylvania	42063	Indiana	12th Grade	714	713	712	713	709	21	2	23	99.3	99.2	99	99.2	98.6	2.9000000000000004	0.3000000000000001	3.2	719
2020-09-01	Pennsylvania	42063	Indiana	Totals	1957	1954	1952	1960	1934	130	8	138	95	94.89999999999999	94.8	95.2	93.89999999999999	6.3	0.4000000000000001	6.7	2059
2020-09-01	Pennsylvania	42065	Jefferson	Kindergarten	354	353	352	361	352	11	1	12	95.7	95.4	95.10000000000001	97.6	0.3000000000000001	3.8000000000000007	1.4000000000000001	5.200000000000001	370
2020-09-01	Pennsylvania	42065	Jefferson	7th Grade	376	375	376	379	375	62	0	62	85.60000000000001	85.4	85.60000000000001	86.30000000000001	85.4	13.700000000000003	2.5000000000000004	16.200000000000003	439
2020-09-01	Pennsylvania	42065	Jefferson	12th Grade	394	391	394	394	386	9	4	13	98.5	97.8	98.5	98.5	96.5	2.3000000000000003	1	3.3	400
2020-09-01	Pennsylvania	42065	Jefferson	Totals	1124	1119	1122	1134	1113	82	5	87	93	92.60000000000001	92.80000000000001	93.8	92.10000000000001	6.800000000000001	0.4000000000000001	7.200000000000001	1209
2020-09-01	Pennsylvania	42067	Juniata	Kindergarten	165	164	165	166	165	6	0	6	96.5	95.9	96.5	97.1	1.7999999999999998	0.6000000000000002	1.7999999999999998	2.4	171
2020-09-01	Pennsylvania	42067	Juniata	7th Grade	239	238	237	238	234	39	3	42	90.9	90.5	90.10000000000001	90.5	89	14.900000000000002	1.0999999999999999	16	263
2020-09-01	Pennsylvania	42067	Juniata	12th Grade	229	229	229	230	221	17	6	23	96.6	96.6	96.6	97	93.2	7.2	2.5000000000000004	9.700000000000001	237
2020-09-01	Pennsylvania	42067	Juniata	Totals	633	631	631	634	620	62	9	71	94.3	94	94	94.5	92.4	9.200000000000001	1.2999999999999998	10.5	671
2020-09-01	Pennsylvania	42069	Lackawanna	Kindergarten	1765	1762	1762	1780	1749	22	4	26	9770	9760	9760	9860	9680	120	20	140	1806
2020-09-01	Pennsylvania	42069	Lackawanna	7th Grade	2241	2239	2240	2236	2233	30	7	37	99	98.9	99	98.8	98.7	1.3000000000000003	0.3000000000000001	1.6000000000000005	2263
2020-09-01	Pennsylvania	42069	Lackawanna	12th Grade	2128	2124	2135	2131	2114	37	18	55	98.7	98.5	99	98.8	98.1	1.7000000000000006	0.8000000000000002	2.500000000000001	2156
2020-09-01	Pennsylvania	42069	Lackawanna	Totals	6134	6125	6137	6147	6096	89	29	118	98.5	98.4	98.6	98.7	97.89999999999999	1.4000000000000006	0.5000000000000001	1.9000000000000008	6225
2020-09-01	Pennsylvania	42071	Lancaster	Kindergarten	4635	4601	4620	4689	4545	216	21	237	93.89999999999999	93.2	93.60000000000001	95	92.10000000000001	4.4	0.4000000000000001	4.800000000000001	4937
2020-09-01	Pennsylvania	42071	Lancaster	7th Grade	5987	5943	5973	5999	5760	900	256	1156	88.6	88	88.4	88.8	85.30000000000001	13.3	3.8000000000000007	17.1	6756
2020-09-01	Pennsylvania	42071	Lancaster	12th Grade	4849	4822	4865	4856	4659	212	209	421	97.2	96.7	97.5	97.3	93.4	4.300000000000001	4.200000000000001	8.500000000000002	4989
2020-09-01	Pennsylvania	42071	Lancaster	Totals	15471	15366	15458	15544	14964	1328	486	1814	92.7	92.10000000000001	92.7	93.2	89.7	8	2.9000000000000004	10.900000000000002	16682
2020-09-01	Pennsylvania	42073	Lawrence	Kindergarten	826	824	824	865	825	30	4	34	92.10000000000001	91.9	91.9	96.39999999999999	92	3.3	0.4000000000000001	3.7	897
2020-09-01	Pennsylvania	42073	Lawrence	7th Grade	909	902	902	908	893	63	12	75	94.69999999999999	94	94	94.6	93	6.500000000000001	1.2999999999999998	7.800000000000001	960
2020-09-01	Pennsylvania	42073	Lawrence	12th Grade	928	928	922	924	904	16	8	24	99.5	99.5	98.8	99	96.89999999999999	1.7	0.9000000000000005	2.6000000000000005	933
2020-09-01	Pennsylvania	42073	Lawrence	Totals	2663	2654	2648	2697	2622	109	24	133	95.4	95.10000000000001	94.89999999999999	96.7	94	3.900000000000001	0.9000000000000005	4.800000000000001	2790
2020-09-01	Pennsylvania	42075	Lebanon	Kindergarten	1282	1281	1278	1283	1191	49	10	59	95.7	95.7	95.4	95.80000000000001	88.9	3.7	0.7000000000000002	4.4	1339
2020-09-01	Pennsylvania	42075	Lebanon	7th Grade	1624	1609	1617	1620	1584	64	20	84	96.8	95.9	96.39999999999999	96.5	94.39999999999999	3.8	1.2000000000000002	5	1678
2020-09-01	Pennsylvania	42075	Lebanon	12th Grade	1308	1302	1302	1297	1270	43	25	68	96.5	96	96	95.60000000000001	93.70000000000002	3.2	1.7999999999999998	5	1356
2020-09-01	Pennsylvania	42075	Lebanon	Totals	4214	4192	4197	4200	4045	156	55	211	96.39999999999999	95.9	96	96	92.5	3.6000000000000005	1.2999999999999998	4.9	4373
2020-09-01	Pennsylvania	42077	Lehigh	Kindergarten	3660	3639	3652	3686	3633	66	11	77	97.2	96.7	97	97.89999999999999	96.5	1.8	0.3000000000000001	2.1	3764
2020-09-01	Pennsylvania	42077	Lehigh	7th Grade	4633	4607	4622	4623	4609	92	16	108	99	98.4	98.7	98.7	98.4	2.0000000000000004	0.3000000000000001	2.3000000000000007	4682
2020-09-01	Pennsylvania	42077	Lehigh	12th Grade	4195	4214	4208	4205	4121	99	28	127	98.5	98.9	98.8	98.7	96.7	2.3	0.7000000000000002	3	4260
2020-09-01	Pennsylvania	42077	Lehigh	Totals	12488	12460	12482	12514	12363	257	55	312	98.3	98.1	98.2	98.5	97.3	2.0000000000000004	0.4000000000000001	2.4000000000000004	12706
2020-09-01	Pennsylvania	42079	Luzerne	Kindergarten	2794	2788	2804	2937	2786	36	7	43	93.10000000000001	92.9	93.5	97.89999999999999	92.9	1.2000000000000002	0.20000000000000004	1.4000000000000004	3000
2020-09-01	Pennsylvania	42079	Luzerne	7th Grade	3576	3570	3581	3581	3559	42	12	54	99	98.9	99.2	99.2	98.6	1.1000000000000003	0.3000000000000001	1.4000000000000004	3611
2020-09-01	Pennsylvania	42079	Luzerne	12th Grade	3254	3250	3261	3261	3200	45	18	63	98.8	98.7	99	99	97.2	1.4000000000000006	0.5000000000000001	1.9000000000000008	3293
2020-09-01	Pennsylvania	42079	Luzerne	Totals	9624	9608	9646	9779	9545	123	37	160	97.2	97	97.39999999999999	98.7	96.39999999999999	1.3000000000000003	0.4000000000000001	1.7000000000000006	9904
2020-09-01	Pennsylvania	42081	Lycoming	Kindergarten	1036	1037	1036	1047	1034	12	4	16	98	98.1	98	99.1	97.8	1.2000000000000002	0.4000000000000001	1.6000000000000003	1057
2020-09-01	Pennsylvania	42081	Lycoming	7th Grade	1227	1216	1226	1225	1226	54	20	74	96.89999999999999	96.1	96.8	96.8	96.8	4.300000000000001	1.6000000000000003	5.900000000000001	1266
2020-09-01	Pennsylvania	42081	Lycoming	12th Grade	1134	1137	1134	1135	1116	19	16	35	99.1	99.4	99.1	99.2	97.6	1.7000000000000002	1.4000000000000001	3.1000000000000005	1144
2020-09-01	Pennsylvania	42081	Lycoming	Totals	3397	3390	3396	3407	3376	85	40	125	98	97.8	98	98.3	97.39999999999999	2.4	1.2000000000000002	3.6	3467
2020-09-01	Pennsylvania	42083	McKean	Kindergarten	417	416	416	419	415	7	0	7	95.9	95.60000000000001	95.60000000000001	96.3	95.4	3.7	0.9000000000000005	4.6000000000000005	435
2020-09-01	Pennsylvania	42083	McKean	7th Grade	468	468	468	469	467	3	4	7	99.6	99.6	99.6	99.8	99.4	2.7000000000000006	0.9000000000000005	3.6000000000000014	470
2020-09-01	Pennsylvania	42083	McKean	12th Grade	452	450	450	452	448	11	6	17	99.3	98.9	98.9	99.3	98.5	2.4	1.2999999999999998	3.7	455
2020-09-01	Pennsylvania	42083	McKean	Totals	1337	1334	1334	1340	1330	21	10	31	98.3	98.1	98.1	98.5	97.8	1.5	0.7000000000000002	2.2	1360
2020-09-01	Pennsylvania	42085	Mercer	Kindergarten	1032	1033	1020	1035	1017	21	3	24	97.7	97.8	96.6	98	96.3	2	0.3000000000000001	2.3	1056
2020-09-01	Pennsylvania	42085	Mercer	7th Grade	1088	1089	1091	1093	1081	66	9	75	95.4	95.4	95.60000000000001	95.80000000000001	94.69999999999999	5.800000000000001	0.8000000000000002	6.600000000000001	1141
2020-09-01	Pennsylvania	42085	Mercer	12th Grade	1142	1140	1133	1144	1121	21	14	35	99.2	99	98.4	99.4	97.39999999999999	1.7999999999999998	1.2000000000000002	3	1151
2020-09-01	Pennsylvania	42085	Mercer	Totals	3262	3262	3244	3272	3219	108	26	134	97.39999999999999	97.39999999999999	96.89999999999999	97.7	96.1	3.2	0.8000000000000002	4	3348
2020-09-01	Pennsylvania	42087	Mifflin	Kindergarten	359	360	358	357	356	8	0	8	98.4	98.6	98.1	97.8	97.5	1.9	1.0999999999999999	3	365
2020-09-01	Pennsylvania	42087	Mifflin	7th Grade	410	410	409	403	401	107	1	108	81.8	81.8	81.6	80.4	80	21.400000000000002	0.20000000000000004	21.6	501
2020-09-01	Pennsylvania	42087	Mifflin	12th Grade	413	414	414	413	399	12	1	13	98.8	99	99	98.8	95.5	3.4000000000000004	0.20000000000000004	3.6000000000000005	418
2020-09-01	Pennsylvania	42087	Mifflin	Totals	1182	1184	1181	1173	1156	127	2	129	92.10000000000001	92.2	92	91.4	90	9.900000000000002	0.20000000000000004	10.100000000000001	1284
2020-09-01	Pennsylvania	42089	Monroe	Kindergarten	1240	1227	1224	1235	1222	59	9	68	95.2	94.19999999999999	94	94.89999999999999	93.89999999999999	4.6000000000000005	0.7000000000000002	5.300000000000001	1302
2020-09-01	Pennsylvania	42089	Monroe	7th Grade	1514	1485	1505	1500	1494	97	12	109	98.1	96.2	97.5	97.2	96.8	6.300000000000001	0.8000000000000002	7.100000000000001	1544
2020-09-01	Pennsylvania	42089	Monroe	12th Grade	2215	2194	2214	2224	2186	97	18	115	98.6	97.6	98.5	99	97.3	4.300000000000001	0.8000000000000002	5.1000000000000005	2247
2020-09-01	Pennsylvania	42089	Monroe	Totals	4969	4906	4943	4959	4902	253	39	292	97.6	96.3	97.1	97.39999999999999	96.2	4.9	0.8000000000000002	5.700000000000001	5093
2020-09-01	Pennsylvania	42091	Montgomery	Kindergarten	8632	8563	8574	8721	8546	186	27	213	96.5	95.7	95.80000000000001	97.5	95.5	2.0999999999999996	0.3000000000000001	2.4	8947
2020-09-01	Pennsylvania	42091	Montgomery	7th Grade	9993	10067	10095	10107	10034	254	67	321	97	97.7	98	98.1	97.39999999999999	2.3999999999999995	0.7000000000000002	3.0999999999999996	10301
2020-09-01	Pennsylvania	42091	Montgomery	12th Grade	9765	9729	9772	9772	9634	229	114	343	98.5	98.1	98.6	98.6	97.2	2.3000000000000007	1.0999999999999999	3.4000000000000004	9914
2020-09-01	Pennsylvania	42091	Montgomery	Totals	28390	28359	28441	28600	28214	669	208	877	9740	9720	9750	9810	9670	220	70	290	29162
2020-09-01	Pennsylvania	42093	Montour	Kindergarten	206	204	203	205	202	1	2	3	99.5	98.6	98.1	99	97.6	2.9000000000000004	1	3.9000000000000004	207
2020-09-01	Pennsylvania	42093	Montour	7th Grade	175	171	175	174	173	17	0	17	91.60000000000001	89.5	91.60000000000001	91.10000000000001	90.60000000000001	2.6	8.900000000000004	11.500000000000004	191
2020-09-01	Pennsylvania	42093	Montour	12th Grade	184	184	184	184	179	3	2	5	99.5	99.5	99.5	99.5	96.8	1.6	1.0999999999999999	2.6999999999999997	185
2020-09-01	Pennsylvania	42093	Montour	Totals	565	559	562	563	554	21	4	25	96.89999999999999	95.9	96.39999999999999	96.6	95	3.6000000000000005	0.7000000000000002	4.300000000000001	583
2020-09-01	Pennsylvania	42095	Northampton	Kindergarten	2858	2848	2856	2878	2850	75	9	84	96.8	96.39999999999999	96.7	97.39999999999999	96.5	2.5	0.3000000000000001	2.8	2954
2020-09-01	Pennsylvania	42095	Northampton	7th Grade	3551	3544	3543	3544	3295	114	21	135	98.6	98.4	98.3	98.4	91.5	3.2	0.6000000000000002	3.8000000000000007	3603
2020-09-01	Pennsylvania	42095	Northampton	12th Grade	3944	3947	3937	3940	3875	115	64	179	98.6	98.6	98.4	98.5	96.8	2.9000000000000004	1.6000000000000003	4.500000000000001	4002
2020-09-01	Pennsylvania	42095	Northampton	Totals	10353	10339	10336	10362	10020	304	94	398	98	97.89999999999999	97.89999999999999	98.1	94.89999999999999	2.9000000000000004	0.9000000000000005	3.8000000000000007	10559
2020-09-01	Pennsylvania	42097	Northumberland	Kindergarten	828	827	822	833	821	7	2	9	97.1	97	96.39999999999999	97.7	0.20000000000000004	3.5	0.4000000000000001	3.9000000000000004	853
2020-09-01	Pennsylvania	42097	Northumberland	7th Grade	972	970	971	969	961	52	5	57	96.2	96	96.1	95.9	95.10000000000001	5.200000000000001	0.5000000000000001	5.700000000000001	1010
2020-09-01	Pennsylvania	42097	Northumberland	12th Grade	827	824	820	825	814	16	7	23	98.5	98.1	97.6	98.2	96.89999999999999	1.9000000000000004	0.8000000000000002	2.7000000000000006	840
2020-09-01	Pennsylvania	42097	Northumberland	Totals	2627	2621	2613	2627	2596	75	14	89	97.2	97	96.7	97.2	96	2.8000000000000007	0.5000000000000001	3.3000000000000007	2703
2020-09-01	Pennsylvania	42099	Perry	Kindergarten	409	406	405	411	405	4	4	8	98.3	97.6	97.39999999999999	98.8	1	2.4000000000000004	0.20000000000000004	2.6000000000000005	416
2020-09-01	Pennsylvania	42099	Perry	7th Grade	399	392	394	396	383	32	26	58	94.3	92.7	93.10000000000001	93.60000000000001	90.5	7.600000000000001	6.1000000000000005	13.700000000000003	423
2020-09-01	Pennsylvania	42099	Perry	12th Grade	323	322	321	323	317	8	9	17	98.2	97.89999999999999	97.6	98.2	96.39999999999999	2.4000000000000004	2.7000000000000006	5.1000000000000005	329
2020-09-01	Pennsylvania	42099	Perry	Totals	1131	1120	1120	1130	1105	44	39	83	96.8	95.9	95.9	96.7	94.6	3.8000000000000003	3.3000000000000003	7.1000000000000005	1168
2020-09-01	Pennsylvania	42101	Philadelphia	Kindergarten	13772	13701	13715	13990	13668	219	24	243	95.30000000000001	94.8	94.89999999999999	96.89999999999999	94.6	1.5000000000000004	0.20000000000000004	1.7000000000000004	14445
2020-09-01	Pennsylvania	42101	Philadelphia	7th Grade	16311	16259	16302	16320	16159	271	98	369	97.39999999999999	97.1	97.39999999999999	97.5	96.5	1.6000000000000003	0.6000000000000002	2.2000000000000006	16743
2020-09-01	Pennsylvania	42101	Philadelphia	12th Grade	12307	12308	12397	12361	12280	203	137	340	97.8	97.8	98.5	98.2	97.6	1.6000000000000003	1.0999999999999999	2.7	12586
2020-09-01	Pennsylvania	42101	Philadelphia	Totals	42390	42268	42414	42671	42107	693	259	952	96.8	96.6	96.89999999999999	97.5	96.2	1.6000000000000003	0.6000000000000002	2.2000000000000006	43774
2020-09-01	Pennsylvania	42103	Pike	Kindergarten	417	418	416	419	415	17	2	19	9650	96.8	96.3	97	0.5000000000000001	2.1000000000000005	2.1000000000000005	4.200000000000001	432
2020-09-01	Pennsylvania	42103	Pike	7th Grade	534	533	534	534	534	26	1	27	9710	96.89999999999999	97.1	97.1	97.1	4.800000000000001	0.20000000000000004	5.000000000000001	550
2020-09-01	Pennsylvania	42103	Pike	12th Grade	659	645	648	648	639	26	3	29	98.4	96.3	96.7	96.7	95.4	3.9000000000000004	0.4000000000000001	4.300000000000001	670
2020-09-01	Pennsylvania	42103	Pike	Totals	1610	1596	1598	1601	1588	69	6	75	97.5	96.6	96.7	96.89999999999999	96.1	4.2	0.4000000000000001	4.6	1652
2020-09-01	Pennsylvania	42105	Potter	Kindergarten	143	143	143	143	143	4	1	5	96	96	96	96	0.7000000000000002	2	1.2999999999999998	3.3	149
2020-09-01	Pennsylvania	42105	Potter	7th Grade	119	119	119	119	119	12	0	12	90.8	90.8	90.8	90.8	88.5	2.3000000000000003	7.600000000000001	9.900000000000002	131
2020-09-01	Pennsylvania	42105	Potter	12th Grade	107	107	107	107	106	6	2	8	93.89999999999999	93.89999999999999	93.89999999999999	93.89999999999999	93	5.2	1.7999999999999998	7	114
2020-09-01	Pennsylvania	42105	Potter	Totals	369	369	369	369	368	22	3	25	93.70000000000002	93.70000000000002	93.70000000000002	93.70000000000002	93.4	5.6000000000000005	0.8000000000000002	6.4	394
2020-09-01	Pennsylvania	42107	Schuylkill	Kindergarten	1219	1216	1218	1220	1214	20	4	24	97.5	97.3	97.39999999999999	97.6	0.3000000000000001	2.500000000000001	0.7000000000000002	3.200000000000001	1250
2020-09-01	Pennsylvania	42107	Schuylkill	7th Grade	1508	1504	1503	1503	1496	29	3	32	99	98.7	98.6	98.6	98.2	1.9000000000000004	0.20000000000000004	2.1000000000000005	1524
2020-09-01	Pennsylvania	42107	Schuylkill	12th Grade	1465	1463	1464	1464	1450	17	7	24	99	98.9	98.9	98.9	98	1.1000000000000003	0.5000000000000001	1.6000000000000003	1480
2020-09-01	Pennsylvania	42107	Schuylkill	Totals	4192	4183	4185	4187	4160	66	14	80	98.5	98.3	98.4	98.4	97.8	1.5000000000000004	0.3000000000000001	1.8000000000000003	4254
2020-09-01	Pennsylvania	42109	Snyder	Kindergarten	144	141	141	144	141	10	0	10	93.5	91.60000000000001	91.60000000000001	93.5	6.500000000000002	0	1.9000000000000004	1.9000000000000004	154
2020-09-01	Pennsylvania	42109	Snyder	7th Grade	356	348	357	359	341	43	0	43	89.4	87.4	89.7	90.2	85.7	14.5	1.7999999999999998	16.3	398
2020-09-01	Pennsylvania	42109	Snyder	12th Grade	375	375	375	375	372	13	2	15	98.2	98.2	98.2	98.2	97.39999999999999	3.4000000000000004	0.5000000000000001	3.9000000000000004	382
2020-09-01	Pennsylvania	42109	Snyder	Totals	875	864	873	878	854	66	2	68	93.70000000000002	92.5	93.5	94	91.4	7.100000000000001	0.20000000000000004	7.300000000000001	934
2020-09-01	Pennsylvania	42111	Somerset	Kindergarten	610	606	605	609	604	10	1	11	9870	9810	9790	9850	9770	160	20	180	618
2020-09-01	Pennsylvania	42111	Somerset	7th Grade	633	631	632	634	629	39	8	47	93.8	93.5	93.60000000000001	93.89999999999999	93.2	5.7	1.2000000000000002	6.9	675
2020-09-01	Pennsylvania	42111	Somerset	12th Grade	728	727	724	727	716	15	17	32	98.4	98.2	97.8	98.2	96.8	2.0000000000000004	2.3000000000000003	4.300000000000001	740
2020-09-01	Pennsylvania	42111	Somerset	Totals	1971	1964	1961	1970	1949	64	26	90	97	96.6	96.5	96.89999999999999	95.9	3.1000000000000005	1.2999999999999998	4.4	2033
2020-09-01	Pennsylvania	42113	Sullivan	Kindergarten	39	39	39	39	39	1	0	1	9750	97.5	97.5	97.5	2.5000000000000004	0	NA	0	40
2020-09-01	Pennsylvania	42113	Sullivan	7th Grade	39	39	39	39	39	1	0	1	9750	97.5	97.5	97.5	92.5	0	5	5	40
2020-09-01	Pennsylvania	42113	Sullivan	12th Grade	53	53	53	53	53	1	0	1	9810	98.1	98.1	98.1	98.1	0	16.7	16.7	54
2020-09-01	Pennsylvania	42113	Sullivan	Totals	131	131	131	131	131	3	0	3	9780	97.8	97.8	97.8	97.8	8.200000000000001	1.4999999999999998	9.700000000000001	134
2020-09-01	Pennsylvania	42115	Susquehanna	Kindergarten	347	349	344	358	342	22	2	24	92.80000000000001	93.30000000000001	92	95.7	0.5000000000000001	8.000000000000002	1.2999999999999998	9.3	374
2020-09-01	Pennsylvania	42115	Susquehanna	7th Grade	416	416	414	415	413	13	2	15	98.3	98.3	97.89999999999999	98.1	97.6	3.1000000000000005	0.5000000000000001	3.6000000000000005	423
2020-09-01	Pennsylvania	42115	Susquehanna	12th Grade	407	408	408	409	400	11	3	14	97.1	97.39999999999999	97.39999999999999	97.6	95.5	2.7	0.7000000000000002	3.4000000000000004	419
2020-09-01	Pennsylvania	42115	Susquehanna	Totals	1170	1173	1166	1182	1155	46	7	53	96.2	96.5	95.9	97.2	95	3.7000000000000006	0.6000000000000002	4.300000000000001	1216
2020-09-01	Pennsylvania	42117	Tioga	Kindergarten	405	401	402	402	401	19	4	23	94.8	93.89999999999999	94.1	94.1	0.9000000000000005	4.6000000000000005	2.1000000000000005	6.700000000000001	427
2020-09-01	Pennsylvania	42117	Tioga	7th Grade	440	441	441	440	440	23	2	25	96.1	96.3	96.3	96.1	96.1	5	0.4000000000000001	5.4	458
2020-09-01	Pennsylvania	42117	Tioga	12th Grade	423	419	412	422	419	12	1	13	97.89999999999999	97	95.4	97.7	97	2.8000000000000007	0.20000000000000004	3.000000000000001	432
2020-09-01	Pennsylvania	42117	Tioga	Totals	1268	1261	1255	1264	1260	54	7	61	96.3	95.7	95.30000000000001	96	95.7	4.200000000000001	0.5000000000000001	4.700000000000001	1317
2020-09-01	Pennsylvania	42119	Union	Kindergarten	275	274	274	275	275	9	0	9	96.8	96.5	96.5	96.8	1.7999999999999998	0.7000000000000002	1.4000000000000001	2.1000000000000005	284
2020-09-01	Pennsylvania	42119	Union	7th Grade	327	322	325	325	314	18	0	18	95.60000000000001	94.19999999999999	95	95	91.8	12.000000000000004	2	14.000000000000004	342
2020-09-01	Pennsylvania	42119	Union	12th Grade	303	301	303	303	302	7	4	11	97.1	96.5	97.1	97.1	96.8	2.2000000000000006	1.2999999999999998	3.5	312
2020-09-01	Pennsylvania	42119	Union	Totals	905	897	902	903	891	34	4	38	96.5	95.60000000000001	96.2	96.3	95	3.6000000000000005	0.4000000000000001	4	938
2020-09-01	Pennsylvania	42121	Venango	Kindergarten	538	538	535	542	533	15	1	16	97.3	97.3	96.7	98	0.20000000000000004	2.500000000000001	1.0999999999999999	3.6000000000000005	553
2020-09-01	Pennsylvania	42121	Venango	7th Grade	601	599	595	602	594	21	1	22	99.3	99	98.3	99.5	98.2	3.5	0.20000000000000004	3.7	605
2020-09-01	Pennsylvania	42121	Venango	12th Grade	585	586	585	586	579	17	3	20	99.3	99.5	99.3	99.5	98.3	2.9000000000000004	0.5000000000000001	3.4000000000000004	589
2020-09-01	Pennsylvania	42121	Venango	Totals	1724	1723	1715	1730	1706	53	5	58	98.7	98.6	98.2	99	97.7	3.1000000000000005	0.3000000000000001	3.4000000000000004	1747
2020-09-01	Pennsylvania	42123	Warren	Kindergarten	309	309	310	311	310	5	1	6	97.8	97.8	98.1	98.4	0.3000000000000001	1.9	0.3000000000000001	2.2	316
2020-09-01	Pennsylvania	42123	Warren	7th Grade	347	348	350	347	348	33	2	35	91.10000000000001	91.3	91.9	91.10000000000001	91.3	8.600000000000001	0.5000000000000001	9.100000000000001	381
2020-09-01	Pennsylvania	42123	Warren	12th Grade	394	395	395	396	389	7	3	10	98.3	98.5	98.5	98.8	97	1.7000000000000002	0.7000000000000002	2.4000000000000004	401
2020-09-01	Pennsylvania	42123	Warren	Totals	1050	1052	1055	1054	1047	45	6	51	95.60000000000001	95.80000000000001	96.1	96	95.4	4.1000000000000005	0.5000000000000001	4.6000000000000005	1098
2020-09-01	Pennsylvania	42125	Washington	Kindergarten	1881	1878	1872	1880	1873	57	9	66	96.3	96.2	95.9	96.3	95.9	3.0000000000000004	0.5000000000000001	3.5000000000000004	1953
2020-09-01	Pennsylvania	42125	Washington	7th Grade	2129	2122	2129	2131	2123	51	12	63	98.8	98.5	98.8	98.9	98.6	2.4000000000000004	0.6000000000000002	3.0000000000000004	2154
2020-09-01	Pennsylvania	42125	Washington	12th Grade	2117	2095	2109	2117	2075	76	19	95	98.4	97.39999999999999	98	98.4	96.39999999999999	3.5	0.9000000000000005	4.4	2152
2020-09-01	Pennsylvania	42125	Washington	Totals	6127	6095	6110	6128	6071	184	40	224	97.89999999999999	97.39999999999999	97.6	97.89999999999999	97	2.9000000000000004	0.6000000000000002	3.5000000000000004	6259
2020-09-01	Pennsylvania	42127	Wayne	Kindergarten	329	324	329	337	328	15	0	15	90.10000000000001	88.8	90.10000000000001	92.30000000000001	1.9000000000000004	8.200000000000001	2.2	10.400000000000002	365
2020-09-01	Pennsylvania	42127	Wayne	7th Grade	343	341	340	342	339	13	1	14	97.39999999999999	96.89999999999999	96.6	97.2	96.3	3.7	0.3000000000000001	4	352
2020-09-01	Pennsylvania	42127	Wayne	12th Grade	347	348	348	348	343	9	2	11	97.7	98	98	98	96.6	2.5000000000000004	0.6000000000000002	3.1000000000000005	355
2020-09-01	Pennsylvania	42127	Wayne	Totals	1019	1013	1017	1027	1010	37	3	40	95.10000000000001	94.5	94.89999999999999	95.80000000000001	94.19999999999999	3.500000000000001	0.3000000000000001	3.8000000000000007	1072
2020-09-01	Pennsylvania	42129	Westmoreland	Kindergarten	3005	2996	3001	3020	2911	100	6	106	96	95.7	95.80000000000001	96.5	93	3.2	0.20000000000000004	3.4000000000000004	3131
2020-09-01	Pennsylvania	42129	Westmoreland	7th Grade	3561	3592	3587	3586	3578	149	23	172	96.2	97.1	96.89999999999999	96.89999999999999	96.7	4.1	0.6000000000000002	4.7	3700
2020-09-01	Pennsylvania	42129	Westmoreland	12th Grade	3619	3614	3611	3623	3582	199	27	226	97.3	97.2	97.1	97.39999999999999	96.3	5.300000000000001	0.7000000000000002	6.000000000000001	3720
2020-09-01	Pennsylvania	42129	Westmoreland	Totals	10185	10202	10199	10229	10071	448	56	504	96.5	96.7	96.7	96.89999999999999	95.5	4.2	0.5000000000000001	4.7	10551
2020-09-01	Pennsylvania	42131	Wyoming	Kindergarten	218	216	216	217	217	9	0	9	96.5	95.60000000000001	95.60000000000001	96	4	0	0.9000000000000005	0.9000000000000005	226
2020-09-01	Pennsylvania	42131	Wyoming	7th Grade	230	230	230	230	227	3	0	3	99.1	99.1	99.1	99.1	97.8	22.400000000000002	1.2999999999999998	23.700000000000003	232
2020-09-01	Pennsylvania	42131	Wyoming	12th Grade	257	257	256	258	257	4	1	5	98.8	98.8	98.5	99.2	98.8	2.9999999999999996	0.4000000000000001	3.3999999999999995	260
2020-09-01	Pennsylvania	42131	Wyoming	Totals	705	703	702	705	701	16	1	17	98.2	97.89999999999999	97.8	98.2	97.6	10.3	0.10000000000000002	10.400000000000002	718
2020-09-01	Pennsylvania	42133	York	Kindergarten	4451	4455	4471	4508	4453	94	16	110	96.3	96.3	96.7	97.5	96.3	2.0000000000000004	0.3000000000000001	2.3000000000000003	4624
2020-09-01	Pennsylvania	42133	York	7th Grade	5409	5405	5401	5382	5374	192	80	272	97.89999999999999	97.89999999999999	97.8	97.39999999999999	97.3	3.4000000000000004	1.4000000000000001	4.800000000000001	5523
2020-09-01	Pennsylvania	42133	York	12th Grade	4984	4986	4990	4980	4926	183	100	283	98.7	98.8	98.8	98.6	97.6	3.5999999999999996	2	5.6	5049
2020-09-01	Pennsylvania	42133	York	Totals	14844	14846	14862	14870	14753	469	196	665	97.7	97.7	97.8	97.89999999999999	97.1	3.1	1.2999999999999998	4.4	15196
2021-09-01	Pennsylvania	42001	Adams	Kindergarten	1003	1004	1001	1010	994	21	10	31	95.9	96	95.7	96.6	95	2	1	3	1046
2021-09-01	Pennsylvania	42001	Adams	7th Grade	1091	1088	1086	1088	1083	26	5	31	98.6	98.4	98.2	98.4	97.89999999999999	2.4000000000000004	0.5	2.9000000000000004	1106
2021-09-01	Pennsylvania	42001	Adams	12th Grade	1253	1252	1250	1251	1243	34	18	52	99.2	99.1	99	99	98.4	2.7	1.4000000000000001	4.1000000000000005	1263
2021-09-01	Pennsylvania	42001	Adams	Totals	3347	3344	3337	3349	3320	81	33	114	98	97.89999999999999	97.7	98.1	97.2	2.4000000000000004	1	3.4000000000000004	3415
2021-09-01	Pennsylvania	42003	Allegheny	Kindergarten	11619	11592	11594	11715	11564	325	36	361	95.60000000000001	95.4	95.4	96.39999999999999	95.2	2.7	0.3	3	12150
2021-09-01	Pennsylvania	42003	Allegheny	7th Grade	11618	11608	11622	11604	11556	366	83	449	97.3	97.2	97.3	97.2	96.8	3.1000000000000005	0.7000000000000001	3.8000000000000007	11941
2021-09-01	Pennsylvania	42003	Allegheny	12th Grade	10939	10895	10911	10940	10676	430	98	528	97	96.6	96.7	97	94.60000000000001	3.9000000000000004	0.8999999999999999	4.8	11280
2021-09-01	Pennsylvania	42003	Allegheny	Totals	34176	34095	34127	34259	33796	1121	217	1338	96.6	96.39999999999999	96.5	96.89999999999999	95.5	3.2	0.6	3.8	35371
2021-09-01	Pennsylvania	42005	Armstrong	Kindergarten	519	520	523	524	522	23	3	26	94.9	95.10000000000001	95.60000000000001	95.80000000000001	95.4	4.2	0.5	4.7	547
2021-09-01	Pennsylvania	42005	Armstrong	7th Grade	679	675	675	681	674	43	5	48	94.7	94.10000000000001	94.10000000000001	95	94.10000000000001	3.6	2.8000000000000003	6.4	717
2021-09-01	Pennsylvania	42005	Armstrong	12th Grade	665	659	658	662	657	28	2	30	98.5	97.6	97.5	98.1	97.3	4.2	0.3	4.5	675
2021-09-01	Pennsylvania	42005	Armstrong	Totals	1863	1854	1856	1867	1853	94	10	104	96.1	95.60000000000001	95.7	96.3	95.60000000000001	4.800000000000001	0.5	5.300000000000001	1939
2021-09-01	Pennsylvania	42007	Beaver	Kindergarten	1896	1895	1904	1954	1901	133	12	145	90.7	90.7	91.10000000000001	93.5	91	6.3999999999999995	0.6	6.999999999999999	2090
2021-09-01	Pennsylvania	42007	Beaver	7th Grade	2489	2450	2502	2506	2482	145	11	156	95.80000000000001	94.30000000000001	96.3	96.5	95.5	5.6000000000000005	0.4	6.000000000000001	2598
2021-09-01	Pennsylvania	42007	Beaver	12th Grade	2577	2532	2598	2593	2552	149	18	167	96.8	95.10000000000001	97.6	97.39999999999999	95.80000000000001	5.6000000000000005	0.7000000000000001	6.300000000000001	2663
2021-09-01	Pennsylvania	42007	Beaver	Totals	6962	6877	7004	7053	6935	427	41	468	9470	9360	9530	9590	9430	580	60	640	7351
2021-09-01	Pennsylvania	42009	Bedford	Kindergarten	462	461	464	463	465	17	0	17	96.5	96.2	96.89999999999999	96.7	1.9	0.4	1.7000000000000002	2.1	479
2021-09-01	Pennsylvania	42009	Bedford	7th Grade	502	497	499	503	487	31	4	35	96	95	95.4	96.2	93.10000000000001	5.9	0.8	6.699999999999999	523
2021-09-01	Pennsylvania	42009	Bedford	12th Grade	501	499	500	502	493	14	3	17	98	97.7	97.8	98.2	96.5	2.8	0.6	3.4	511
2021-09-01	Pennsylvania	42009	Bedford	Totals	1465	1457	1463	1468	1445	62	7	69	96.8	96.3	96.7	97	95.5	4.1000000000000005	0.5	4.6000000000000005	1513
2021-09-01	Pennsylvania	42011	Berks	Kindergarten	4818	4811	4802	4851	4786	185	16	201	96.89999999999999	96.8	96.6	97.6	96.3	3.7	0.3	4	4971
2021-09-01	Pennsylvania	42011	Berks	7th Grade	5510	5517	5526	5512	5477	162	26	188	98.2	98.3	98.5	98.3	97.6	2.9000000000000004	0.5	3.4000000000000004	5610
2021-09-01	Pennsylvania	42011	Berks	12th Grade	5271	5272	5285	5272	5174	115	27	142	98.1	98.1	98.3	98.1	96.3	2.2	0.5	2.7	5375
2021-09-01	Pennsylvania	42011	Berks	Totals	15599	15600	15613	15635	15437	462	69	531	97.8	97.8	97.89999999999999	98	96.7	2.9000000000000004	0.4	3.3000000000000003	15956
2021-09-01	Pennsylvania	42013	Blair	Kindergarten	1194	1192	1190	1203	1189	35	4	39	96.5	96.39999999999999	96.2	97.3	0.3	2.7	1.4000000000000001	4.1000000000000005	1237
2021-09-01	Pennsylvania	42013	Blair	7th Grade	1426	1417	1419	1423	1418	50	3	53	97.39999999999999	96.8	96.89999999999999	97.2	96.89999999999999	3.4000000000000004	0.2	3.6000000000000005	1464
2021-09-01	Pennsylvania	42013	Blair	12th Grade	1404	1401	1404	1404	1393	39	20	59	99.2	99	99.2	99.2	98.4	2.7	1.4000000000000001	4.1000000000000005	1415
2021-09-01	Pennsylvania	42013	Blair	Totals	4024	4010	4013	4030	4000	124	27	151	97.8	97.39999999999999	97.5	97.89999999999999	97.2	3	0.7000000000000001	3.7	4116
2021-09-01	Pennsylvania	42015	Bradford	Kindergarten	660	656	661	668	660	34	3	37	94.4	93.80000000000001	94.60000000000001	95.60000000000001	0.4	3.9	2.6	6.5	699
2021-09-01	Pennsylvania	42015	Bradford	7th Grade	637	637	636	641	632	33	3	36	96.5	96.5	96.39999999999999	97.1	95.80000000000001	5	0.5	5.5	660
2021-09-01	Pennsylvania	42015	Bradford	12th Grade	554	557	556	558	550	27	2	29	98.1	98.6	98.4	98.8	97.3	4.7	0.4	5.1	565
2021-09-01	Pennsylvania	42015	Bradford	Totals	1851	1850	1853	1867	1842	94	8	102	96.2	96.2	96.3	97	95.7	4.9	0.4	5.300000000000001	1924
2021-09-01	Pennsylvania	42017	Bucks	Kindergarten	5645	5625	5636	5700	5606	178	18	196	95.80000000000001	95.5	95.7	96.7	95.10000000000001	3	0.3	3.3000000000000003	5892
2021-09-01	Pennsylvania	42017	Bucks	7th Grade	7066	7056	7071	7061	6998	212	55	267	97.6	97.5	97.7	97.5	96.7	2.9000000000000004	0.8	3.7	7239
2021-09-01	Pennsylvania	42017	Bucks	12th Grade	7147	7136	7154	7148	7023	208	106	314	98.2	98	98.3	98.2	96.5	2.9000000000000004	1.5	4.4	7278
2021-09-01	Pennsylvania	42017	Bucks	Totals	19858	19817	19861	19909	19627	598	179	777	97.3	97.1	97.3	97.6	96.2	3	0.8999999999999999	3.9000000000000004	20409
2021-09-01	Pennsylvania	42019	Butler	Kindergarten	1835	1824	1818	1845	1808	76	13	89	9540	94.80000000000001	94.5	95.9	94	4	0.7000000000000001	4.7	1924
2021-09-01	Pennsylvania	42019	Butler	7th Grade	1940	1958	1956	1960	1953	108	12	120	9640	97.3	97.2	97.39999999999999	97.1	5.3	0.6	5.9	2012
2021-09-01	Pennsylvania	42019	Butler	12th Grade	2043	2043	2036	2057	1992	120	20	140	97.5	97.5	97.1	98.1	95	5.699999999999999	1	6.699999999999999	2096
2021-09-01	Pennsylvania	42019	Butler	Totals	5818	5825	5810	5862	5753	304	45	349	96.5	96.6	96.3	97.2	95.4	5.1	0.7000000000000001	5.8	6032
2021-09-01	Pennsylvania	42021	Cambria	Kindergarten	1297	1295	1293	1299	1290	20	5	25	98.1	98	97.8	98.3	0.4	3	0.5	3.5	1322
2021-09-01	Pennsylvania	42021	Cambria	7th Grade	1307	1306	1308	1307	1308	36	7	43	97.8	97.7	97.8	97.8	97.8	2.7	0.5	3.2	1337
2021-09-01	Pennsylvania	42021	Cambria	12th Grade	1407	1401	1400	1408	1397	45	7	52	99.2	98.8	98.7	99.3	98.5	3.1999999999999997	0.5	3.6999999999999997	1418
2021-09-01	Pennsylvania	42021	Cambria	Totals	4011	4002	4001	4014	3995	101	19	120	98.4	98.2	98.1	98.5	98	2.4000000000000004	0.5	2.9000000000000004	4077
2021-09-01	Pennsylvania	42023	Cameron	Kindergarten	41	40	40	41	40	0	0	0	100	97.6	97.6	100	2.4	0	NA	0	41
2021-09-01	Pennsylvania	42023	Cameron	7th Grade	40	40	40	40	39	3	0	3	100	100	100	100	95	2.5	5	7.5	40
2021-09-01	Pennsylvania	42023	Cameron	12th Grade	39	39	39	39	36	0	0	0	100	100	100	100	92.30000000000001	0	7.700000000000001	7.700000000000001	39
2021-09-01	Pennsylvania	42023	Cameron	Totals	120	119	119	120	115	3	0	3	100	99.2	99.2	100	95.80000000000001	5.9	0.8	6.7	120
2021-09-01	Pennsylvania	42025	Carbon	Kindergarten	610	610	611	613	610	17	5	22	95.5	95.5	95.60000000000001	95.9	0.8	3	1.6	4.6	639
2021-09-01	Pennsylvania	42025	Carbon	7th Grade	655	654	654	656	651	13	0	13	98.8	98.6	98.6	98.9	98.2	2.0999999999999996	0.8	2.9	663
2021-09-01	Pennsylvania	42025	Carbon	12th Grade	626	620	616	618	615	18	8	26	98.3	97.3	96.7	97	96.5	2.9000000000000004	1.3	4.2	637
2021-09-01	Pennsylvania	42025	Carbon	Totals	1891	1884	1881	1887	1876	48	13	61	97.5	97.2	97	97.3	96.8	2.5	0.7000000000000001	3.2	1939
2021-09-01	Pennsylvania	42027	Centre	Kindergarten	924	923	922	928	917	35	2	37	9590	9570	9560	9630	9510	370	20	390	964
2021-09-01	Pennsylvania	42027	Centre	7th Grade	924	920	924	924	915	87	1	88	91.8	91.4	91.8	91.8	90.9	8.600000000000001	0.1	8.700000000000001	1007
2021-09-01	Pennsylvania	42027	Centre	12th Grade	1122	1125	1121	1125	1106	35	7	42	97	97.2	96.89999999999999	97.2	95.60000000000001	3.1	0.6	3.7	1157
2021-09-01	Pennsylvania	42027	Centre	Totals	2970	2968	2967	2977	2938	157	10	167	94.9	94.9	94.9	95.2	93.9	5	0.3	5.3	3128
2021-09-01	Pennsylvania	42029	Chester	Kindergarten	6049	6002	6014	6042	5967	180	13	193	95.60000000000001	94.9	95.10000000000001	95.5	94.30000000000001	2.8000000000000003	0.2	3	6326
2021-09-01	Pennsylvania	42029	Chester	7th Grade	7432	7406	7458	7440	7407	334	31	365	95.2	94.9	95.60000000000001	95.30000000000001	94.9	4.3	0.4	4.7	7805
2021-09-01	Pennsylvania	42029	Chester	12th Grade	7706	7704	7726	7725	7633	244	44	288	97.8	97.8	98.1	98.1	96.89999999999999	3.0999999999999996	0.6	3.6999999999999997	7876
2021-09-01	Pennsylvania	42029	Chester	Totals	21187	21112	21198	21207	21007	758	88	846	96.3	95.9	96.3	96.39999999999999	95.5	3.3999999999999995	0.4	3.8	22007
2021-09-01	Pennsylvania	42031	Clarion	Kindergarten	407	404	403	411	401	8	7	15	97.39999999999999	96.7	96.39999999999999	98.3	95.9	1.9	1.7000000000000002	3.6000000000000005	418
2021-09-01	Pennsylvania	42031	Clarion	7th Grade	424	424	424	425	419	16	3	19	97.89999999999999	97.89999999999999	97.89999999999999	98.2	96.8	5.1	0.7000000000000001	5.8	433
2021-09-01	Pennsylvania	42031	Clarion	12th Grade	401	401	403	402	397	6	4	10	99.3	99.3	99.8	99.5	98.3	1.4	1	2.4	404
2021-09-01	Pennsylvania	42031	Clarion	Totals	1232	1229	1230	1238	1217	30	14	44	98.2	97.89999999999999	98	98.6	97	2.4	1.0999999999999999	3.5	1255
2021-09-01	Pennsylvania	42033	Clearfield	Kindergarten	850	851	848	859	846	32	2	34	96.89999999999999	97	96.7	97.89999999999999	0.2	3.5	0.7000000000000001	4.2	877
2021-09-01	Pennsylvania	42033	Clearfield	7th Grade	939	934	939	941	934	38	7	45	97.5	97	97.5	97.7	97	3.9	0.7000000000000001	4.6	963
2021-09-01	Pennsylvania	42033	Clearfield	12th Grade	965	959	966	965	955	42	5	47	99	98.4	99.1	99	97.89999999999999	4.3	0.5	4.8	975
2021-09-01	Pennsylvania	42033	Clearfield	Totals	2754	2744	2753	2765	2735	112	14	126	97.8	97.5	97.8	98.2	97.2	3.9000000000000004	0.5	4.4	2815
2021-09-01	Pennsylvania	42035	Clinton	Kindergarten	306	306	306	308	305	8	0	8	97.5	97.5	97.5	98.1	1.6	1.3	1	2.3	314
2021-09-01	Pennsylvania	42035	Clinton	7th Grade	328	332	330	332	329	53	2	55	87.00000000000001	88.1	87.50000000000001	88.1	87.30000000000001	14.1	0.5	14.6	377
2021-09-01	Pennsylvania	42035	Clinton	12th Grade	341	336	341	341	340	12	7	19	98.3	96.8	98.3	98.3	98	3.4000000000000004	2	5.4	347
2021-09-01	Pennsylvania	42035	Clinton	Totals	975	974	977	981	974	73	9	82	93.9	93.80000000000001	94.10000000000001	94.5	93.80000000000001	7.000000000000001	0.8999999999999999	7.9	1038
2021-09-01	Pennsylvania	42037	Columbia	Kindergarten	672	669	670	672	671	9	1	10	98.2	97.8	98	98.2	0.1	2.0999999999999996	0.4	2.5	684
2021-09-01	Pennsylvania	42037	Columbia	7th Grade	699	695	697	697	692	25	2	27	97.8	97.2	97.5	97.5	96.8	3.5	0.3	3.8	715
2021-09-01	Pennsylvania	42037	Columbia	12th Grade	793	791	791	788	781	11	9	20	99.5	99.2	99.2	98.9	98	1.4	1.0999999999999999	2.4999999999999996	797
2021-09-01	Pennsylvania	42037	Columbia	Totals	2164	2155	2158	2157	2144	45	12	57	98.5	98.1	98.3	98.2	97.6	2.0999999999999996	0.5	2.5999999999999996	2196
2021-09-01	Pennsylvania	42039	Crawford	Kindergarten	588	582	582	594	582	14	2	16	97.2	96.2	96.2	98.2	0.3	3.2	0.8	4	605
2021-09-01	Pennsylvania	42039	Crawford	7th Grade	609	602	615	610	604	50	4	54	92.80000000000001	91.8	93.80000000000001	93	92.10000000000001	7.6000000000000005	0.6	8.200000000000001	656
2021-09-01	Pennsylvania	42039	Crawford	12th Grade	636	634	633	638	632	23	6	29	97.8	97.5	97.39999999999999	98.2	97.2	3.5000000000000004	0.8999999999999999	4.4	650
2021-09-01	Pennsylvania	42039	Crawford	Totals	1833	1818	1830	1842	1818	87	12	99	95.9	95.10000000000001	95.80000000000001	96.39999999999999	95.10000000000001	4.6	0.6	5.2	1911
2021-09-01	Pennsylvania	42041	Cumberland	Kindergarten	3489	3483	3480	3502	3477	49	13	62	97.7	97.6	97.5	98.1	97.39999999999999	1.3	0.4	1.7000000000000002	3570
2021-09-01	Pennsylvania	42041	Cumberland	7th Grade	2571	2562	2564	2563	2525	86	39	125	98.2	97.8	97.89999999999999	97.89999999999999	96.39999999999999	3.2	1.5	4.699999999999999	2619
2021-09-01	Pennsylvania	42041	Cumberland	12th Grade	2640	2644	2642	2625	2599	91	32	123	97.5	97.6	97.5	96.89999999999999	95.9	3.4000000000000004	1.2	4.6	2709
2021-09-01	Pennsylvania	42041	Cumberland	Totals	8700	8689	8686	8690	8601	226	84	310	97.8	97.7	97.6	97.7	96.7	2.5	0.8999999999999999	3.4	8898
2021-09-01	Pennsylvania	42043	Dauphin	Kindergarten	4001	3960	3904	4053	3894	248	13	261	90.5	89.60000000000001	88.3	91.7	88.1	5.6	0.3	5.8999999999999995	4421
2021-09-01	Pennsylvania	42043	Dauphin	7th Grade	5429	5417	5438	5450	5395	330	24	354	93.7	93.5	93.9	94.10000000000001	93.2	5.699999999999999	0.4	6.1	5791
2021-09-01	Pennsylvania	42043	Dauphin	12th Grade	5000	5011	5014	5021	4956	242	28	270	95.60000000000001	95.80000000000001	95.9	96	94.80000000000001	4.6	0.5	5.1000000000000005	5229
2021-09-01	Pennsylvania	42043	Dauphin	Totals	14430	14388	14356	14524	14245	820	65	885	93.5	93.2	93	94.10000000000001	92.30000000000001	5.3999999999999995	0.4	5.8	15441
2021-09-01	Pennsylvania	42045	Delaware	Kindergarten	5747	5715	5722	5795	5699	106	22	128	95.30000000000001	94.7	94.9	96.1	94.5	1.8	0.4	2.2	6032
2021-09-01	Pennsylvania	42045	Delaware	7th Grade	6739	6734	6702	6759	6735	100	16	116	98.3	98.2	97.8	98.6	98.2	1.4	0.2	1.6	6855
2021-09-01	Pennsylvania	42045	Delaware	12th Grade	6103	6095	6119	6101	6069	70	37	107	98.1	98	98.4	98.1	97.6	1.1	0.6	1.7000000000000002	6219
2021-09-01	Pennsylvania	42045	Delaware	Totals	18589	18544	18543	18655	18503	276	75	351	97.3	97.1	97.1	97.6	96.8	1.4	0.4	1.8000000000000003	19106
2021-09-01	Pennsylvania	42047	Elk	Kindergarten	293	294	293	297	292	7	3	10	96.7	97	96.7	98	1	2.3	1	3.3	303
2021-09-01	Pennsylvania	42047	Elk	7th Grade	282	283	282	283	280	5	0	5	98.9	99.3	98.9	99.3	98.2	0.7000000000000001	1.0999999999999999	1.7999999999999998	285
2021-09-01	Pennsylvania	42047	Elk	12th Grade	278	275	275	278	274	6	1	7	99.6	98.6	98.6	99.6	98.2	2.1999999999999997	0.4	2.5999999999999996	279
2021-09-01	Pennsylvania	42047	Elk	Totals	853	852	850	858	846	18	4	22	98.4	98.3	98	99	97.6	2	0.5	2.5	867
2021-09-01	Pennsylvania	42049	Erie	Kindergarten	2919	2913	2907	2943	2900	95	13	108	95.9	95.7	95.5	96.7	95.30000000000001	3.1000000000000005	0.4	3.5	3043
2021-09-01	Pennsylvania	42049	Erie	7th Grade	2987	2980	2986	2992	2977	127	11	138	97.1	96.89999999999999	97.1	97.3	96.8	4.1	0.4	4.5	3075
2021-09-01	Pennsylvania	42049	Erie	12th Grade	2702	2703	2717	2713	2692	73	32	105	98	98	98.5	98.4	97.6	2.7	1.2	3.9	2757
2021-09-01	Pennsylvania	42049	Erie	Totals	8608	8596	8610	8648	8569	295	56	351	9700	9690	9700	9740	9660	330	60	390	8875
2021-09-01	Pennsylvania	42051	Fayette	Kindergarten	1302	1301	1298	1314	1294	43	6	49	96.7	96.7	96.39999999999999	97.6	96.1	3.2	0.4	3.6	1346
2021-09-01	Pennsylvania	42051	Fayette	7th Grade	1486	1483	1484	1492	1481	66	2	68	98.6	98.4	98.5	99	98.3	4.3999999999999995	0.1	4.499999999999999	1507
2021-09-01	Pennsylvania	42051	Fayette	12th Grade	1380	1369	1373	1381	1366	50	4	54	99.1	98.3	98.6	99.1	98.1	3.5	0.3	3.8	1393
2021-09-01	Pennsylvania	42051	Fayette	Totals	4168	4153	4155	4187	4141	159	12	171	98.2	97.8	97.89999999999999	98.6	97.5	3.8	0.3	4.1	4246
2021-09-01	Pennsylvania	42053	Forest	Kindergarten	19	19	19	19	19	1	0	1	95	95	95	95	5	0	NA	0	20
2021-09-01	Pennsylvania	42053	Forest	7th Grade	31	31	31	31	31	1	0	1	96.89999999999999	96.89999999999999	96.89999999999999	96.89999999999999	96.89999999999999	0	NA	0	32
2021-09-01	Pennsylvania	42053	Forest	12th Grade	29	29	29	29	29	0	0	0	100	100	100	100	100	0	NA	0	29
2021-09-01	Pennsylvania	42053	Forest	Totals	79	79	79	79	79	2	0	2	97.5	97.5	97.5	97.5	74.1	0	1.2	1.2	81
2021-09-01	Pennsylvania	42055	Franklin	Kindergarten	1435	1433	1424	1451	1418	56	6	62	95.5	95.4	94.80000000000001	96.6	94.4	3.8000000000000003	0.4	4.2	1502
2021-09-01	Pennsylvania	42055	Franklin	7th Grade	1580	1561	1560	1584	1528	118	8	126	96.6	95.5	95.4	96.89999999999999	93.5	7.200000000000001	0.5	7.700000000000001	1635
2021-09-01	Pennsylvania	42055	Franklin	12th Grade	1691	1683	1724	1707	1647	58	28	86	96.1	95.7	98	97	93.60000000000001	3.2	1.6	4.800000000000001	1759
2021-09-01	Pennsylvania	42055	Franklin	Totals	4706	4677	4708	4742	4593	232	42	274	96.1	95.5	96.2	96.89999999999999	93.80000000000001	4.699999999999999	0.8999999999999999	5.6	4896
2021-09-01	Pennsylvania	42057	Fulton	Kindergarten	95	97	92	101	92	3	1	4	91.3	93.30000000000001	88.5	97.1	1	7.700000000000001	2.9	10.600000000000001	104
2021-09-01	Pennsylvania	42057	Fulton	7th Grade	164	164	164	164	164	4	0	4	99.4	99.4	99.4	99.4	92.7	5.5	0.6	6.1	165
2021-09-01	Pennsylvania	42057	Fulton	12th Grade	107	107	107	107	105	4	0	4	100	100	100	100	98.1	0	9.3	9.3	107
2021-09-01	Pennsylvania	42057	Fulton	Totals	366	368	363	372	361	11	1	12	97.3	97.89999999999999	96.5	98.9	96	8.3	1.9	10.200000000000001	376
2021-09-01	Pennsylvania	42059	Greene	Kindergarten	389	388	377	390	377	3	0	3	98.5	98.2	95.4	98.7	0.8	0	4.6	4.6	395
2021-09-01	Pennsylvania	42059	Greene	7th Grade	330	329	329	331	329	9	0	9	98.8	98.5	98.5	99.1	98.5	10.200000000000001	1.2	11.400000000000002	334
2021-09-01	Pennsylvania	42059	Greene	12th Grade	340	340	340	340	337	5	2	7	99.7	99.7	99.7	99.7	98.8	1.5	0.6	2.0999999999999996	341
2021-09-01	Pennsylvania	42059	Greene	Totals	1059	1057	1046	1061	1043	17	2	19	99	98.8	97.8	99.2	97.5	1.6	0.2	1.7999999999999998	1070
2021-09-01	Pennsylvania	42061	Huntingdon	Kindergarten	352	352	351	355	351	7	0	7	9830	98.3	98	99.2	0.8	1.0999999999999999	1.0999999999999999	2.1999999999999997	358
2021-09-01	Pennsylvania	42061	Huntingdon	7th Grade	394	394	393	393	390	11	0	11	9800	98	97.8	97.8	97	7.2	0.7000000000000001	7.9	402
2021-09-01	Pennsylvania	42061	Huntingdon	12th Grade	422	422	421	420	405	13	1	14	99.1	99.1	98.8	98.6	95.10000000000001	3	0.2	3.2	426
2021-09-01	Pennsylvania	42061	Huntingdon	Totals	1168	1168	1165	1168	1146	31	1	32	98.5	98.5	98.2	98.5	96.6	2.6	0.1	2.7	1186
2021-09-01	Pennsylvania	42063	Indiana	Kindergarten	612	611	605	621	605	17	2	19	97.1	97	96	98.6	0.3	3.2	1.0999999999999999	4.300000000000001	630
2021-09-01	Pennsylvania	42063	Indiana	7th Grade	669	665	667	670	665	92	6	98	88.3	87.70000000000002	88	88.4	87.70000000000002	12.1	0.8	12.899999999999999	758
2021-09-01	Pennsylvania	42063	Indiana	12th Grade	735	734	728	736	724	34	10	44	97.1	97	96.2	97.2	95.60000000000001	4.5	1.3	5.800000000000001	757
2021-09-01	Pennsylvania	42063	Indiana	Totals	2016	2010	2000	2027	1994	143	18	161	94	93.7	93.2	94.5	93	6.700000000000001	0.8	7.500000000000001	2145
2021-09-01	Pennsylvania	42065	Jefferson	Kindergarten	331	329	330	335	330	11	3	14	95.4	94.80000000000001	95.10000000000001	96.5	0.8999999999999999	4	0.6	4.6000000000000005	347
2021-09-01	Pennsylvania	42065	Jefferson	7th Grade	368	367	367	370	367	76	2	78	83.80000000000001	83.60000000000001	83.60000000000001	84.30000000000001	83.60000000000001	17.3	0.5	17.8	439
2021-09-01	Pennsylvania	42065	Jefferson	12th Grade	391	391	391	390	390	8	2	10	99	99	99	98.7	98.7	2.3	1.3	3.6	395
2021-09-01	Pennsylvania	42065	Jefferson	Totals	1090	1087	1088	1095	1087	95	7	102	92.30000000000001	92	92.10000000000001	92.7	92	7.6	2	9.6	1181
2021-09-01	Pennsylvania	42067	Juniata	Kindergarten	184	185	182	184	183	12	0	12	93.9	94.4	92.9	93.9	3.5999999999999996	1	2.6	3.6	196
2021-09-01	Pennsylvania	42067	Juniata	7th Grade	220	221	221	221	214	67	3	70	80.60000000000001	81	81	81	78.39999999999999	24.500000000000004	1.0999999999999999	25.6	273
2021-09-01	Pennsylvania	42067	Juniata	12th Grade	226	224	226	225	223	17	4	21	97	96.1	97	96.6	95.7	7.300000000000001	1.7000000000000002	9	233
2021-09-01	Pennsylvania	42067	Juniata	Totals	630	630	629	630	620	96	7	103	89.7	89.7	89.60000000000001	89.7	88.3	13.7	1	14.7	702
2021-09-01	Pennsylvania	42069	Lackawanna	Kindergarten	2177	2173	2173	2193	2166	35	1	36	9670	9650	9650	9740	9620	160	0	160	2251
2021-09-01	Pennsylvania	42069	Lackawanna	7th Grade	2156	2154	2156	2157	2148	32	7	39	98.7	98.6	98.7	98.7	98.3	1.4	0.3	1.7	2185
2021-09-01	Pennsylvania	42069	Lackawanna	12th Grade	2014	2011	2012	2010	2008	42	12	54	98	97.89999999999999	97.89999999999999	97.8	97.7	2	0.6	2.6	2055
2021-09-01	Pennsylvania	42069	Lackawanna	Totals	6347	6338	6341	6360	6322	109	20	129	97.8	97.6	97.7	98	97.39999999999999	1.7	0.3	2	6491
2021-09-01	Pennsylvania	42071	Lancaster	Kindergarten	4915	4903	4907	4961	4721	276	21	297	93.5	93.30000000000001	93.4	94.4	89.8	5.199999999999999	0.4	5.6	5255
2021-09-01	Pennsylvania	42071	Lancaster	7th Grade	5626	5564	5605	5644	5402	1006	58	1064	86.20000000000002	85.2	85.80000000000001	86.4	82.7	15.399999999999999	0.8999999999999999	16.299999999999997	6529
2021-09-01	Pennsylvania	42071	Lancaster	12th Grade	5019	5009	5028	5028	4902	283	218	501	97	96.8	97.2	97.2	94.80000000000001	5.5	4.2	9.7	5172
2021-09-01	Pennsylvania	42071	Lancaster	Totals	15560	15476	15540	15633	15025	1565	297	1862	91.8	91.3	91.60000000000001	92.2	88.6	9.2	1.8000000000000003	11	16956
2021-09-01	Pennsylvania	42073	Lawrence	Kindergarten	856	860	857	879	853	23	8	31	94.7	95.10000000000001	94.80000000000001	97.2	0.8999999999999999	4.800000000000001	1	5.800000000000001	904
2021-09-01	Pennsylvania	42073	Lawrence	7th Grade	845	843	843	844	844	61	3	64	94.30000000000001	94.10000000000001	94.10000000000001	94.2	94.2	6.8	0.3	7.1	896
2021-09-01	Pennsylvania	42073	Lawrence	12th Grade	910	906	910	915	899	33	6	39	98.8	98.4	98.8	99.3	97.6	3.5999999999999996	0.7000000000000001	4.3	921
2021-09-01	Pennsylvania	42073	Lawrence	Totals	2611	2609	2610	2638	2596	117	17	134	96	95.9	95.9	96.89999999999999	95.4	4.300000000000001	0.6	4.9	2721
2021-09-01	Pennsylvania	42075	Lebanon	Kindergarten	1325	1327	1324	1327	1321	36	4	40	96.8	96.89999999999999	96.7	96.89999999999999	96.5	2.7	0.3	3	1369
2021-09-01	Pennsylvania	42075	Lebanon	7th Grade	1578	1573	1575	1571	1544	98	20	118	95	94.7	94.80000000000001	94.60000000000001	93	5.9	1.2	7.1	1661
2021-09-01	Pennsylvania	42075	Lebanon	12th Grade	1337	1338	1335	1328	1311	40	38	78	97.2	97.3	97.1	96.6	95.30000000000001	2.9	2.8000000000000003	5.700000000000001	1375
2021-09-01	Pennsylvania	42075	Lebanon	Totals	4240	4238	4234	4226	4176	174	62	236	96.3	96.2	96.1	95.9	94.80000000000001	3.9	1.4000000000000001	5.300000000000001	4405
2021-09-01	Pennsylvania	42077	Lehigh	Kindergarten	4010	3999	4024	4094	3991	106	14	120	95	94.7	95.30000000000001	96.89999999999999	94.5	2.5	0.3	2.8	4223
2021-09-01	Pennsylvania	42077	Lehigh	7th Grade	4423	4410	4421	4430	4392	101	31	132	98	97.8	98	98.2	97.39999999999999	2.1999999999999997	0.7000000000000001	2.8999999999999995	4511
2021-09-01	Pennsylvania	42077	Lehigh	12th Grade	4276	4268	4303	4287	4196	120	57	177	97.6	97.39999999999999	98.2	97.8	95.80000000000001	2.8000000000000003	1.3	4.1000000000000005	4382
2021-09-01	Pennsylvania	42077	Lehigh	Totals	12709	12677	12748	12811	12579	327	102	429	96.89999999999999	96.7	97.2	97.7	95.9	2.5	0.8	3.3	13116
2021-09-01	Pennsylvania	42079	Luzerne	Kindergarten	3138	3134	3140	3226	3115	45	6	51	95	94.9	95.10000000000001	97.7	94.30000000000001	1.4000000000000001	0.2	1.6	3302
2021-09-01	Pennsylvania	42079	Luzerne	7th Grade	3419	3405	3421	3422	3412	37	9	46	98.7	98.3	98.7	98.8	98.5	1.1	0.3	1.4	3465
2021-09-01	Pennsylvania	42079	Luzerne	12th Grade	3385	3384	3390	3393	3343	51	23	74	99.1	99.1	99.2	99.3	97.89999999999999	1.5	0.7000000000000001	2.2	3416
2021-09-01	Pennsylvania	42079	Luzerne	Totals	9942	9923	9951	10041	9870	133	38	171	97.6	97.39999999999999	97.7	98.6	96.89999999999999	1.3	0.4	1.7000000000000002	10183
2021-09-01	Pennsylvania	42081	Lycoming	Kindergarten	1167	1168	1163	1172	1163	19	1	20	98.3	98.4	98	98.7	0.1	1.3	1	2.3000000000000003	1187
2021-09-01	Pennsylvania	42081	Lycoming	7th Grade	1127	1126	1124	1125	1119	149	8	157	96.2	96.1	95.9	96	95.5	12.700000000000001	0.7000000000000001	13.400000000000002	1172
2021-09-01	Pennsylvania	42081	Lycoming	12th Grade	1164	1169	1170	1171	1157	27	9	36	99.1	99.6	99.7	99.7	98.6	2.3	0.8	3.1	1174
2021-09-01	Pennsylvania	42081	Lycoming	Totals	3458	3463	3457	3468	3439	195	18	213	97.89999999999999	98	97.8	98.2	97.3	5.6	0.5	6.1	3533
2021-09-01	Pennsylvania	42083	McKean	Kindergarten	397	396	396	396	393	15	0	15	95.9	95.7	95.7	95.7	94.9	3.9000000000000004	1	4.9	414
2021-09-01	Pennsylvania	42083	McKean	7th Grade	462	462	462	463	462	12	0	12	98.1	98.1	98.1	98.3	97.5	0	1.3	1.3	471
2021-09-01	Pennsylvania	42083	McKean	12th Grade	393	393	394	393	390	6	2	8	99.5	99.5	99.7	99.5	98.7	2	0.5	2.5	395
2021-09-01	Pennsylvania	42083	McKean	Totals	1252	1251	1252	1252	1245	33	2	35	97.8	97.7	97.8	97.8	97.3	2.6	0.2	2.8	1280
2021-09-01	Pennsylvania	42085	Mercer	Kindergarten	1062	1057	1054	1069	1050	25	3	28	97.5	97.1	96.8	98.2	96.39999999999999	2.3000000000000003	0.3	2.6	1089
2021-09-01	Pennsylvania	42085	Mercer	7th Grade	1124	1119	1121	1125	1117	70	9	79	95.30000000000001	94.9	95.10000000000001	95.4	94.7	6	0.8	6.8	1179
2021-09-01	Pennsylvania	42085	Mercer	12th Grade	1161	1156	1148	1165	1145	27	13	40	98.9	98.5	97.8	99.2	97.5	2.3	1.0999999999999999	3.4	1174
2021-09-01	Pennsylvania	42085	Mercer	Totals	3347	3332	3323	3359	3312	122	25	147	97.2	96.8	96.5	97.6	96.2	3.5	0.7000000000000001	4.2	3442
2021-09-01	Pennsylvania	42087	Mifflin	Kindergarten	361	361	361	361	362	8	3	11	97.3	97.3	97.3	97.3	97.6	2.1	0.8	2.9000000000000004	371
2021-09-01	Pennsylvania	42087	Mifflin	7th Grade	403	402	407	402	396	108	0	108	75	74.9	75.8	74.9	73.7	20	3.4000000000000004	23.400000000000002	537
2021-09-01	Pennsylvania	42087	Mifflin	12th Grade	359	357	356	355	352	22	1	23	98.1	97.5	97.3	97	96.2	6	0.3	6.3	366
2021-09-01	Pennsylvania	42087	Mifflin	Totals	1123	1120	1124	1118	1110	138	4	142	88.1	87.9	88.2	87.80000000000001	87.10000000000001	10.8	0.3	11.1	1274
2021-09-01	Pennsylvania	42089	Monroe	Kindergarten	1530	1523	1506	1542	1509	105	10	115	92.4	92	91	93.2	91.2	6.3	0.6	6.9	1655
2021-09-01	Pennsylvania	42089	Monroe	7th Grade	1673	1659	1669	1673	1661	78	21	99	98.1	97.2	97.8	98.1	97.39999999999999	4.6	1.2	5.799999999999999	1706
2021-09-01	Pennsylvania	42089	Monroe	12th Grade	2087	2060	2079	2078	2057	118	27	145	98.6	97.39999999999999	98.3	98.2	97.2	5.6	1.3	6.9	2116
2021-09-01	Pennsylvania	42089	Monroe	Totals	5290	5242	5254	5293	5227	301	58	359	96.6	95.7	95.9	96.6	95.4	5.5	1.0999999999999999	6.6	5477
2021-09-01	Pennsylvania	42091	Montgomery	Kindergarten	9107	9073	9081	9211	9057	245	32	277	95.7	95.4	95.5	96.8	95.2	2.6	0.3	2.9000000000000004	9513
2021-09-01	Pennsylvania	42091	Montgomery	7th Grade	10486	10589	10642	10620	10577	338	79	417	96.3	97.2	97.7	97.5	97.1	3.1	0.7000000000000001	3.8000000000000003	10893
2021-09-01	Pennsylvania	42091	Montgomery	12th Grade	10676	10641	10669	10674	10530	319	131	450	98.3	98	98.2	98.3	97	2.9000000000000004	1.2	4.1	10861
2021-09-01	Pennsylvania	42091	Montgomery	Totals	30269	30303	30392	30505	30164	902	242	1144	9680	9690	9720	9760	9650	290	80	370	31267
2021-09-01	Pennsylvania	42093	Montour	Kindergarten	216	216	216	219	214	5	0	5	97.7	97.7	97.7	99.1	96.8	0.5	2.3	2.8	221
2021-09-01	Pennsylvania	42093	Montour	7th Grade	174	174	174	174	173	29	3	32	86.10000000000001	86.10000000000001	86.10000000000001	86.10000000000001	83.7	14.9	1	15.9	202
2021-09-01	Pennsylvania	42093	Montour	12th Grade	166	165	166	166	161	1	2	3	100	99.4	100	100	97	9	0.6	9.6	166
2021-09-01	Pennsylvania	42093	Montour	Totals	556	555	556	559	548	35	5	40	94.4	94.2	94.4	94.9	93	8	1.2	9.2	589
2021-09-01	Pennsylvania	42095	Northampton	Kindergarten	3072	3068	3093	3113	3085	92	8	100	96	95.9	96.7	97.3	96.39999999999999	2.9000000000000004	0.3	3.2	3200
2021-09-01	Pennsylvania	42095	Northampton	7th Grade	3593	3573	3586	3590	3573	89	30	119	98.2	97.7	98	98.1	97.7	2.5	0.8	3.3	3658
2021-09-01	Pennsylvania	42095	Northampton	12th Grade	3911	3901	3917	3919	3877	125	46	171	98.1	97.89999999999999	98.3	98.3	97.3	3.2	1.2	4.4	3986
2021-09-01	Pennsylvania	42095	Northampton	Totals	10576	10542	10596	10622	10535	306	84	390	97.5	97.2	97.7	98	97.2	2.8	0.8	3.6	10844
2021-09-01	Pennsylvania	42097	Northumberland	Kindergarten	879	880	878	882	879	18	3	21	97.1	97.2	97	97.5	0.3	3.3000000000000003	0.4	3.7	905
2021-09-01	Pennsylvania	42097	Northumberland	7th Grade	1082	1079	1083	1083	1075	62	13	75	95.5	95.2	95.60000000000001	95.60000000000001	94.9	5.5	1.0999999999999999	6.6	1133
2021-09-01	Pennsylvania	42097	Northumberland	12th Grade	839	837	839	834	828	12	8	20	98.8	98.6	98.8	98.2	97.5	1.4	0.8999999999999999	2.3	849
2021-09-01	Pennsylvania	42097	Northumberland	Totals	2800	2796	2800	2799	2782	92	24	116	97	96.8	97	97	96.39999999999999	3.1	0.8	3.9000000000000004	2887
2021-09-01	Pennsylvania	42099	Perry	Kindergarten	444	444	448	451	447	17	2	19	94.30000000000001	94.30000000000001	95.10000000000001	95.80000000000001	94.9	3.6	0.4	4	471
2021-09-01	Pennsylvania	42099	Perry	7th Grade	430	429	430	432	417	32	6	38	93.5	93.30000000000001	93.5	93.9	90.7	6.9	1.3	8.2	460
2021-09-01	Pennsylvania	42099	Perry	12th Grade	385	385	386	384	378	15	10	25	97.2	97.2	97.5	97	95.5	3.8000000000000003	2.5	6.300000000000001	396
2021-09-01	Pennsylvania	42099	Perry	Totals	1259	1258	1264	1267	1242	64	18	82	94.9	94.80000000000001	95.30000000000001	95.5	93.60000000000001	4.8	1.4000000000000001	6.2	1327
2021-09-01	Pennsylvania	42101	Philadelphia	Kindergarten	13317	13299	13267	13525	13164	203	26	229	94.7	94.5	94.30000000000001	96.1	93.60000000000001	1.5	0.2	1.6999999999999997	14068
2021-09-01	Pennsylvania	42101	Philadelphia	7th Grade	14021	14083	14103	14157	13991	153	97	250	95.9	96.3	96.5	96.8	95.7	1	0.7000000000000001	1.7000000000000002	14621
2021-09-01	Pennsylvania	42101	Philadelphia	12th Grade	12732	12695	12849	12795	12677	159	168	327	97.89999999999999	97.6	98.8	98.4	97.5	1.3	1.3	2.6	13004
2021-09-01	Pennsylvania	42101	Philadelphia	Totals	40070	40077	40219	40477	39832	515	291	806	96.1	96.1	96.5	97.1	95.5	1.3	0.7000000000000001	2	41693
2021-09-01	Pennsylvania	42103	Pike	Kindergarten	402	403	398	408	400	25	2	27	9410	94.4	93.2	95.60000000000001	93.7	5.9	0.5	6.4	427
2021-09-01	Pennsylvania	42103	Pike	7th Grade	563	561	559	557	559	30	5	35	9740	97.1	96.7	96.39999999999999	96.7	5.199999999999999	0.8999999999999999	6.1	578
2021-09-01	Pennsylvania	42103	Pike	12th Grade	601	594	596	596	595	44	4	48	94.60000000000001	93.5	93.9	93.9	93.7	6.9	0.6	7.5	635
2021-09-01	Pennsylvania	42103	Pike	Totals	1566	1558	1553	1561	1554	99	11	110	95.5	95	94.7	95.2	94.80000000000001	6.1	0.7000000000000001	6.800000000000001	1640
2021-09-01	Pennsylvania	42105	Potter	Kindergarten	137	137	137	137	137	2	1	3	97.89999999999999	97.89999999999999	97.89999999999999	97.89999999999999	0.7000000000000001	0	1.4000000000000001	1.4000000000000001	140
2021-09-01	Pennsylvania	42105	Potter	7th Grade	160	159	160	160	160	13	0	13	93.60000000000001	93	93.60000000000001	93.60000000000001	91.2	1.2	4.7	5.9	171
2021-09-01	Pennsylvania	42105	Potter	12th Grade	130	128	129	130	128	4	1	5	98.5	97	97.7	98.5	97	6	0.8	6.8	132
2021-09-01	Pennsylvania	42105	Potter	Totals	427	424	426	427	425	19	2	21	96.39999999999999	95.7	96.2	96.39999999999999	95.9	4.3	0.5	4.8	443
2021-09-01	Pennsylvania	42107	Schuylkill	Kindergarten	1305	1295	1297	1317	1291	26	4	30	9700	96.3	96.39999999999999	97.89999999999999	96	1.9	0.3	2.2	1345
2021-09-01	Pennsylvania	42107	Schuylkill	7th Grade	1435	1432	1433	1432	1424	30	2	32	98.5	98.3	98.4	98.3	97.7	2	0.1	2.1	1457
2021-09-01	Pennsylvania	42107	Schuylkill	12th Grade	1440	1441	1440	1439	1425	25	4	29	99	99	99	98.9	97.89999999999999	1.7	0.3	2	1455
2021-09-01	Pennsylvania	42107	Schuylkill	Totals	4180	4168	4170	4188	4140	81	10	91	98.2	97.89999999999999	98	98.4	97.3	1.9	0.2	2.0999999999999996	4257
2021-09-01	Pennsylvania	42109	Snyder	Kindergarten	330	330	329	330	326	63	2	65	97.3	97.3	97.1	97.3	96.2	18.6	0.6	19.200000000000003	339
2021-09-01	Pennsylvania	42109	Snyder	7th Grade	355	347	352	347	342	32	2	34	93.2	91.10000000000001	92.4	91.10000000000001	89.8	8.4	0.5	8.9	381
2021-09-01	Pennsylvania	42109	Snyder	12th Grade	339	337	337	337	335	16	2	18	99.1	98.5	98.5	98.5	98	4.699999999999999	0.6	5.299999999999999	342
2021-09-01	Pennsylvania	42109	Snyder	Totals	1024	1014	1018	1014	1003	111	6	117	96.39999999999999	95.5	95.9	95.5	94.4	10.5	0.6	11.099999999999998	1062
2021-09-01	Pennsylvania	42111	Somerset	Kindergarten	638	639	633	639	634	16	3	19	97.39999999999999	97.6	96.6	97.6	0.5	2.6	0.8	3.4	655
2021-09-01	Pennsylvania	42111	Somerset	7th Grade	737	734	735	739	733	59	6	65	94.9	94.5	94.60000000000001	95.10000000000001	92.5	5.800000000000001	2.3	8.100000000000001	777
2021-09-01	Pennsylvania	42111	Somerset	12th Grade	706	702	701	702	696	21	8	29	99	98.5	98.3	98.5	97.6	2.9	1.0999999999999999	3.9999999999999996	713
2021-09-01	Pennsylvania	42111	Somerset	Totals	2081	2075	2069	2080	2063	96	17	113	97	96.7	96.5	97	96.2	4.5	0.8	5.300000000000001	2145
2021-09-01	Pennsylvania	42113	Sullivan	7th Grade	56	56	56	56	56	0	0	0	100	100	100	100	100	0	NA	0	56
2021-09-01	Pennsylvania	42113	Sullivan	12th Grade	35	35	35	35	35	1	1	2	100	100	100	100	97.1	0	NA	0	35
2021-09-01	Pennsylvania	42113	Sullivan	Totals	141	141	141	141	141	1	1	2	100	100	100	100	63.800000000000004	0	NA	0	141
2021-09-01	Pennsylvania	42115	Susquehanna	Kindergarten	398	396	395	402	390	20	4	24	94.5	94.10000000000001	93.80000000000001	95.5	92.60000000000001	4.8	1	5.8	421
2021-09-01	Pennsylvania	42115	Susquehanna	7th Grade	470	473	471	473	473	16	4	20	96.7	97.3	96.89999999999999	97.3	91.8	7.9	1.2	9.100000000000001	486
2021-09-01	Pennsylvania	42115	Susquehanna	12th Grade	385	381	385	387	380	11	6	17	98	96.89999999999999	98	98.5	96.7	2.8	1.5	4.3	393
2021-09-01	Pennsylvania	42115	Susquehanna	Totals	1253	1250	1251	1262	1243	47	14	61	96.39999999999999	96.2	96.2	97.1	95.60000000000001	3.6	1.0999999999999999	4.7	1300
2021-09-01	Pennsylvania	42117	Tioga	Kindergarten	395	396	398	400	397	18	1	19	93.80000000000001	94.10000000000001	94.5	95	0.2	2.4	3.8	6.199999999999999	421
2021-09-01	Pennsylvania	42117	Tioga	7th Grade	396	388	394	397	391	17	1	18	97.8	95.80000000000001	97.3	98	96.5	4.2	0.2	4.4	405
2021-09-01	Pennsylvania	42117	Tioga	12th Grade	371	369	370	372	370	18	6	24	96.89999999999999	96.3	96.6	97.1	96.6	4.7	1.6	6.300000000000001	383
2021-09-01	Pennsylvania	42117	Tioga	Totals	1162	1153	1162	1169	1158	53	8	61	96.1	95.4	96.1	96.7	95.80000000000001	4.4	0.7000000000000001	5.1000000000000005	1209
2021-09-01	Pennsylvania	42119	Union	Kindergarten	265	263	264	265	263	9	1	10	96.7	96	96.39999999999999	96.7	0.4	0.7000000000000001	3.3000000000000003	4	274
2021-09-01	Pennsylvania	42119	Union	7th Grade	158	158	159	158	155	13	1	14	90.8	90.8	91.4	90.8	89.1	7.4	0.6	8	174
2021-09-01	Pennsylvania	42119	Union	12th Grade	327	328	327	327	324	8	5	13	98.5	98.8	98.5	98.5	97.6	2.4	1.5	3.9	332
2021-09-01	Pennsylvania	42119	Union	Totals	750	749	750	750	742	30	7	37	96.2	96	96.2	96.2	95.10000000000001	3.8	0.8999999999999999	4.699999999999999	780
2021-09-01	Pennsylvania	42121	Venango	Kindergarten	551	550	553	566	553	24	3	27	95.30000000000001	95.2	95.7	97.89999999999999	0.5	4	2.9	6.9	578
2021-09-01	Pennsylvania	42121	Venango	7th Grade	618	618	618	620	616	22	3	25	97.6	97.6	97.6	97.89999999999999	97.3	3.5	0.5	4	633
2021-09-01	Pennsylvania	42121	Venango	12th Grade	538	540	536	537	524	21	5	26	96.1	96.39999999999999	95.7	95.9	93.60000000000001	19.800000000000004	1.6	21.400000000000002	560
2021-09-01	Pennsylvania	42121	Venango	Totals	1707	1708	1707	1723	1693	67	11	78	96.39999999999999	96.39999999999999	96.39999999999999	97.3	95.60000000000001	10.9	2	12.9	1771
2021-09-01	Pennsylvania	42123	Warren	Kindergarten	342	342	340	343	340	13	0	13	96.6	96.6	96	96.89999999999999	2	0.3	1.7000000000000002	2	354
2021-09-01	Pennsylvania	42123	Warren	7th Grade	362	361	361	362	361	10	1	11	97.8	97.6	97.6	97.8	97	0.3	2.4	2.6999999999999997	370
2021-09-01	Pennsylvania	42123	Warren	12th Grade	360	360	360	363	359	12	0	12	97.8	97.8	97.8	98.6	97.6	0.5	2.7	3.2	368
2021-09-01	Pennsylvania	42123	Warren	Totals	1064	1063	1061	1068	1060	35	1	36	97.39999999999999	97.3	97.2	97.8	97.1	3.2	0.1	3.3	1092
2021-09-01	Pennsylvania	42125	Washington	Kindergarten	2072	2063	2052	2070	2035	78	7	85	96.2	95.80000000000001	95.30000000000001	96.1	94.5	3.7	0.3	4	2154
2021-09-01	Pennsylvania	42125	Washington	7th Grade	2061	2053	2058	2059	2039	64	13	77	98.3	97.89999999999999	98.2	98.2	97.3	3.1000000000000005	0.6	3.7	2096
2021-09-01	Pennsylvania	42125	Washington	12th Grade	2012	1993	1995	1981	1971	83	18	101	97.6	96.7	96.8	96.1	95.60000000000001	4	0.8999999999999999	4.9	2061
2021-09-01	Pennsylvania	42125	Washington	Totals	6145	6109	6105	6110	6045	225	38	263	97.39999999999999	96.8	96.7	96.8	95.80000000000001	3.5000000000000004	0.6	4.1000000000000005	6311
2021-09-01	Pennsylvania	42127	Wayne	Kindergarten	343	342	340	343	337	20	1	21	95	94.7	94.2	95	93.4	5.5	0.3	5.8	361
2021-09-01	Pennsylvania	42127	Wayne	7th Grade	322	320	322	321	319	13	2	15	97.6	97	97.6	97.3	96.7	11.200000000000001	0.6	11.8	330
2021-09-01	Pennsylvania	42127	Wayne	12th Grade	318	319	319	319	319	11	0	11	97.5	97.89999999999999	97.89999999999999	97.89999999999999	97.89999999999999	10.100000000000001	1.2	11.3	326
2021-09-01	Pennsylvania	42127	Wayne	Totals	983	981	981	983	975	44	3	47	96.7	96.5	96.5	96.7	95.9	7.300000000000001	2.9	10.200000000000001	1017
2021-09-01	Pennsylvania	42129	Westmoreland	Kindergarten	3471	3467	3465	3513	3458	170	9	179	94.10000000000001	94	93.9	95.2	0.2	4.6	2.1999999999999997	6.799999999999999	3690
2021-09-01	Pennsylvania	42129	Westmoreland	7th Grade	3447	3447	3440	3457	3433	191	15	206	96.3	96.3	96.1	96.5	95.9	5.4	0.4	5.800000000000001	3581
2021-09-01	Pennsylvania	42129	Westmoreland	12th Grade	3596	3586	3581	3596	3561	189	42	231	97	96.8	96.6	97	96.1	5.1	1.0999999999999999	6.2	3706
2021-09-01	Pennsylvania	42129	Westmoreland	Totals	10514	10500	10486	10566	10452	550	66	616	95.80000000000001	95.7	95.5	96.3	95.2	5	0.6	5.6	10977
2021-09-01	Pennsylvania	42131	Wyoming	Kindergarten	207	207	207	208	204	3	1	4	98.1	98.1	98.1	98.6	96.7	2.3	0.5	2.8	211
2021-09-01	Pennsylvania	42131	Wyoming	7th Grade	224	224	224	223	224	11	2	13	97	97	97	96.5	97	4.8	0.8999999999999999	5.699999999999999	231
2021-09-01	Pennsylvania	42131	Wyoming	12th Grade	260	260	259	259	259	3	4	7	99.6	99.6	99.2	99.2	99.2	1.2000000000000002	1.5	2.7	261
2021-09-01	Pennsylvania	42131	Wyoming	Totals	691	691	690	690	687	17	7	24	98.3	98.3	98.2	98.2	97.7	2.4000000000000004	1	3.4000000000000004	703
2021-09-01	Pennsylvania	42133	York	Kindergarten	4989	4993	4998	5025	4981	155	28	183	96.1	96.2	96.3	96.8	96	2.9	0.5	3.4	5191
2021-09-01	Pennsylvania	42133	York	7th Grade	5460	5465	5462	5455	5430	185	65	250	97.89999999999999	98	97.89999999999999	97.8	97.39999999999999	3.3000000000000003	1.2	4.5	5577
2021-09-01	Pennsylvania	42133	York	12th Grade	5243	5228	5256	5230	5166	199	86	285	98.6	98.4	98.9	98.4	97.2	3.7	1.6	5.300000000000001	5315
2021-09-01	Pennsylvania	42133	York	Totals	15692	15686	15716	15710	15577	539	179	718	97.6	97.5	97.7	97.7	96.89999999999999	3.4	1.0999999999999999	4.5	16083
2022-09-01	Pennsylvania	42001	Adams	Kindergarten	975	973	973	981	976	32	3	35	95.3079178885631	95.1124144672532	95.1124144672532	95.8944281524927	95.405669599218	3.128054740957969	0.29325513196480896	3.421309872922778	1023
2022-09-01	Pennsylvania	42001	Adams	7th Grade	1154	1151	1150	1150	1145	55	8	63	96.16666666666669	95.91666666666669	95.8333333333333	95.8333333333333	95.4166666666667	4.58333333333333	0.6666666666666672	5.249999999999998	1200
2022-09-01	Pennsylvania	42001	Adams	12th Grade	1140	1132	1135	1134	1127	67	16	83	97.02127659574467	96.3404255319149	96.5957446808511	96.51063829787229	95.9148936170213	5.7021276595744705	1.3617021276595702	7.06382978723404	1175
2022-09-01	Pennsylvania	42001	Adams	Totals	3269	3256	3258	3265	3248	154	27	181	96.20364920541495	95.82107121836374	95.87992937021778	96.08593290170688	95.58563861094761	4.532077692760447	0.794585050029429	5.3266627427898765	3398
2022-09-01	Pennsylvania	42003	Allegheny	Kindergarten	10728	10682	10701	10839	10626	344	131	475	95.0642445724413	94.65662383695171	94.82498892334962	96.04785112981831	94.16038989809479	3.0482941958351812	1.1608329641116506	4.209127159946831	11285
2022-09-01	Pennsylvania	42003	Allegheny	7th Grade	11365	11342	11341	11370	11288	403	76	479	97.56202249120098	97.36458065069961	97.3559962228517	97.60494463044041	96.9010215469139	3.45952442269723	0.6524165164391791	4.111940939136409	11649
2022-09-01	Pennsylvania	42003	Allegheny	12th Grade	10618	10557	10620	10651	10479	394	132	526	97.2789738891434	96.72010994044889	97.29729729729729	97.58131012368298	96.00549702244619	3.60971140632157	1.2093449381585002	4.81905634448007	10915
2022-09-01	Pennsylvania	42003	Allegheny	Totals	32711	32581	32662	32860	32393	1141	339	1480	96.63800998552395	96.25395137227096	96.49324943129783	97.07820024225235	95.69854353156667	3.370852905551124	1.0015066914827617	4.372359597033886	33849
2022-09-01	Pennsylvania	42005	Armstrong	Kindergarten	588	587	585	593	583	23	3	26	95.92169657422507	95.7585644371941	95.4323001631321	96.7373572593801	0.4893964110929851	2.2838499184339356	2.2838499184339303	4.567699836867866	613
2022-09-01	Pennsylvania	42005	Armstrong	7th Grade	721	723	725	722	723	78	2	80	91.84713375796181	92.1019108280255	92.35668789808919	91.97452229299361	89.6815286624204	4.203821656050961	7.133757961783442	11.337579617834404	785
2022-09-01	Pennsylvania	42005	Armstrong	12th Grade	619	615	610	619	608	51	5	56	97.32704402515722	96.69811320754721	95.91194968553461	97.32704402515722	95.5974842767296	8.018867924528301	0.786163522012579	8.80503144654088	636
2022-09-01	Pennsylvania	42005	Armstrong	Totals	1928	1925	1920	1934	1914	152	10	162	94.78859390363814	94.64110127826942	94.3952802359882	95.08357915437561	94.10029498525074	7.472959685349066	0.4916420845624385	7.964601769911504	2034
2022-09-01	Pennsylvania	42007	Beaver	Kindergarten	1759	1769	1770	1786	1760	145	2	147	93.41476367498672	93.9458311205523	93.99893786510891	94.84864577801379	93.4678704195433	7.700477960701012	0.10621348911311701	7.80669144981413	1883
2022-09-01	Pennsylvania	42007	Beaver	7th Grade	2544	2534	2541	2538	2533	162	14	176	97.2477064220184	96.8654434250764	97.13302752293579	97.0183486238532	96.82721712538229	6.1926605504587116	0.535168195718654	6.727828746177366	2616
2022-09-01	Pennsylvania	42007	Beaver	12th Grade	3066	3064	3061	3055	3017	166	24	190	98.20627802690578	98.14221652786678	98.0461242793081	97.85393978219088	96.6367713004484	5.317104420243431	0.7687379884689303	6.08584240871236	3122
2022-09-01	Pennsylvania	42007	Beaver	Totals	7369	7367	7372	7379	7310	473	40	513	96.69334732974676	96.66710405458602	96.73271224248786	96.82456370555045	95.91917071250492	6.2065345755150245	0.5248655032148012	6.731400078729825	7621
2022-09-01	Pennsylvania	42009	Bedford	Kindergarten	417	415	414	419	413	16	2	18	96.52777777777779	96.06481481481481	95.8333333333333	96.9907407407407	0.4629629629629632	1.8518518518518512	2.083333333333331	3.935185185185182	432
2022-09-01	Pennsylvania	42009	Bedford	7th Grade	471	467	471	476	466	19	2	21	96.12244897959178	95.30612244897961	96.12244897959178	97.14285714285711	95.10204081632651	3.877551020408161	0.4081632653061221	4.285714285714283	490
2022-09-01	Pennsylvania	42009	Bedford	12th Grade	467	463	462	466	462	21	6	27	98.10924369747902	97.2689075630252	97.0588235294118	97.8991596638655	97.0588235294118	4.411764705882351	1.26050420168067	5.67226890756302	476
2022-09-01	Pennsylvania	42009	Bedford	Totals	1355	1345	1347	1361	1341	56	10	66	96.9241773962804	96.20886981402003	96.3519313304721	97.35336194563662	95.92274678111588	4.005722460658083	0.7153075822603719	4.721030042918455	1398
2022-09-01	Pennsylvania	42011	Berks	Kindergarten	4621	4608	4619	4662	4595	132	24	156	93.99918633034993	93.73474369406021	93.95850284784379	94.833197721725	93.47030105777051	2.6851098454027644	0.4882017900732301	3.173311635475995	4916
2022-09-01	Pennsylvania	42011	Berks	7th Grade	5417	5390	5402	5403	5354	203	17	220	96.62861220121299	96.1469853728148	96.36104174099181	96.37887977167318	95.504816268284	3.6211202283267907	0.303246521584017	3.9243667499108077	5606
2022-09-01	Pennsylvania	42011	Berks	12th Grade	5397	5360	5388	5337	5315	198	22	220	97.96696315120711	97.29533490651657	97.80359411871478	96.8778362679252	96.47848974405521	3.5941187148302802	0.3993465238700311	3.9934652387003107	5509
2022-09-01	Pennsylvania	42011	Berks	Totals	15435	15358	15409	15402	15264	533	63	596	96.28220323123948	95.80188385004054	96.12001746615931	96.0763520678685	95.21551993013536	3.3248081841432224	0.39298858461730396	3.7177967687605267	16031
2022-09-01	Pennsylvania	42013	Blair	Kindergarten	1185	1181	1182	1186	1166	56	2	58	95.79628132578821	95.47291835084883	95.5537590945837	95.87712206952301	94.2603071948262	4.52708164915117	0.16168148746968505	4.688763136620855	1237
2022-09-01	Pennsylvania	42013	Blair	7th Grade	1425	1422	1420	1425	1412	84	2	86	95.1268357810414	94.92656875834452	94.79305740987981	95.1268357810414	94.25901201602139	5.60747663551402	0.13351134846461904	5.7409879839786395	1498
2022-09-01	Pennsylvania	42013	Blair	12th Grade	1315	1312	1310	1310	1302	47	8	55	98.575712143928	98.35082458770607	98.20089955022489	98.20089955022489	97.60119940029989	3.5232383808095973	0.5997001499250372	4.1229385307346345	1334
2022-09-01	Pennsylvania	42013	Blair	Totals	3925	3915	3912	3921	3880	187	12	199	96.46104694028017	96.21528631113296	96.14155812238879	96.36274268862128	95.35512410911772	4.595723765052838	0.29491275497665276	4.890636520029491	4069
2022-09-01	Pennsylvania	42015	Bradford	Kindergarten	624	623	619	624	615	46	2	48	92.5816023738872	92.43323442136499	91.839762611276	92.5816023738872	0.2967359050445101	2.5222551928783403	5.489614243323441	8.011869436201781	674
2022-09-01	Pennsylvania	42015	Bradford	7th Grade	627	628	627	633	626	50	2	52	94.14414414414411	94.29429429429429	94.14414414414411	95.045045045045	93.993993993994	7.507507507507512	0.3003003003003001	7.807807807807812	666
2022-09-01	Pennsylvania	42015	Bradford	12th Grade	627	623	624	627	620	43	2	45	96.7592592592593	96.14197530864199	96.29629629629626	96.7592592592593	95.67901234567901	6.63580246913581	0.30864197530864207	6.944444444444453	648
2022-09-01	Pennsylvania	42015	Bradford	Totals	1878	1874	1870	1884	1861	139	6	145	94.46680080482898	94.2655935613682	94.06438631790745	94.76861167002012	93.61167002012073	6.99195171026157	0.30181086519114686	7.293762575452717	1988
2022-09-01	Pennsylvania	42017	Bucks	Kindergarten	5807	5771	5793	5862	5726	211	27	238	94.82364467668188	94.2357935989549	94.59503592423249	95.72175048987589	93.5009797517962	3.4454604833442204	0.4408883082952323	3.8863487916394526	6124
2022-09-01	Pennsylvania	42017	Bucks	7th Grade	7105	7122	7130	7126	7047	243	80	323	96.9568777292576	97.18886462882101	97.29803493449779	97.2434497816594	96.1653930131004	3.3160480349345005	1.0917030567685602	4.4077510917030605	7328
2022-09-01	Pennsylvania	42017	Bucks	12th Grade	7485	7456	7490	7490	7362	260	141	401	97.1447112264763	96.76833225178459	97.2096041531473	97.2096041531473	95.54834523036992	3.3744321868916307	1.8299805321220004	5.204412719013631	7705
2022-09-01	Pennsylvania	42017	Bucks	Totals	20397	20349	20413	20478	20135	714	248	962	96.40780829040034	96.18093302453089	96.4834333790235	96.79066030155504	95.16944746419625	3.374769579808101	1.1721888736588364	4.546958453466938	21157
2022-09-01	Pennsylvania	42019	Butler	Kindergarten	1850	1846	1839	1857	1832	96	7	103	93.86098427194321	93.65804160324711	93.3028919330289	94.21613394216128	92.9477422628108	4.870624048706242	0.3551496702181631	5.225773718924405	1971
2022-09-01	Pennsylvania	42019	Butler	7th Grade	1918	1914	1909	1908	1903	107	4	111	96.1885656970913	95.98796389167501	95.7372116349047	95.68706118355061	95.43630892678028	5.36609829488466	0.20060180541624906	5.566700100300909	1994
2022-09-01	Pennsylvania	42019	Butler	12th Grade	1986	1972	1962	1976	1955	112	5	117	96.8780487804878	96.1951219512195	95.70731707317069	96.390243902439	95.36585365853661	5.463414634146341	0.24390243902439	5.7073170731707314	2050
2022-09-01	Pennsylvania	42019	Butler	Totals	5754	5732	5710	5741	5690	315	16	331	95.66084788029926	95.29509559434746	94.92934330839567	95.44472152950956	94.5968412302577	5.236907730673317	0.2660016625103907	5.502909393183708	6015
2022-09-01	Pennsylvania	42021	Cambria	Kindergarten	1175	1177	1173	1185	1171	41	4	45	95.60618388934091	95.76891781936531	95.4434499593165	96.41985353946299	95.2807160292921	3.336045565500411	0.32546786004882	3.6615134255492308	1229
2022-09-01	Pennsylvania	42021	Cambria	7th Grade	1299	1297	1297	1301	1298	39	2	41	97.816265060241	97.6656626506024	97.6656626506024	97.96686746987952	95.33132530120479	3.4638554216867403	0.9789156626506023	4.442771084337343	1328
2022-09-01	Pennsylvania	42021	Cambria	12th Grade	1316	1308	1312	1315	1311	56	6	62	97.98957557706629	97.3938942665674	97.69173492181679	97.91511541325389	97.61727475800448	4.16976917349218	0.44676098287416205	4.616530156366342	1343
2022-09-01	Pennsylvania	42021	Cambria	Totals	3790	3782	3782	3801	3780	136	12	148	97.17948717948718	96.97435897435898	96.97435897435898	97.46153846153847	96.92307692307692	3.4871794871794872	0.3076923076923077	3.7948717948717947	3900
2022-09-01	Pennsylvania	42023	Cameron	7th Grade	33	33	33	33	33	0	0	0	100	100	100	100	100	0	NA	0	33
2022-09-01	Pennsylvania	42023	Cameron	12th Grade	31	32	32	31	29	1	0	1	96.875	100	100	96.875	90.625	0	3.125000000000001	3.125000000000001	32
2022-09-01	Pennsylvania	42023	Cameron	Totals	64	65	65	64	62	1	0	1	98.46153846153847	100	100	98.46153846153847	95.38461538461539	1.5384615384615385	0	1.5384615384615385	65
2022-09-01	Pennsylvania	42025	Carbon	Kindergarten	607	607	604	607	604	22	1	23	96.34920634920637	96.34920634920637	95.8730158730159	96.34920634920637	95.8730158730159	3.4920634920634908	0.15873015873015903	3.65079365079365	630
2022-09-01	Pennsylvania	42025	Carbon	7th Grade	605	603	606	605	604	21	4	25	97.7382875605816	97.41518578352179	97.8998384491115	97.7382875605816	97.5767366720517	3.3925686591276314	0.646203554119548	4.03877221324718	619
2022-09-01	Pennsylvania	42025	Carbon	12th Grade	640	643	641	641	634	36	7	43	96.09609609609606	96.54654654654648	96.24624624624619	96.24624624624619	95.1951951951952	5.405405405405401	1.0510510510510502	6.4564564564564515	666
2022-09-01	Pennsylvania	42025	Carbon	Totals	1852	1853	1851	1853	1842	79	12	91	96.71018276762402	96.76240208877284	96.6579634464752	96.76240208877284	96.18798955613578	4.12532637075718	0.6266318537859008	4.751958224543081	1915
2022-09-01	Pennsylvania	42027	Centre	Kindergarten	969	970	965	976	955	33	0	33	96.13095238095238	96.2301587301587	95.73412698412699	96.82539682539678	94.7420634920635	3.273809523809521	1.1904761904761902	4.464285714285712	1008
2022-09-01	Pennsylvania	42027	Centre	7th Grade	1081	1064	1068	1066	1058	117	3	120	90.84033613445379	89.4117647058824	89.74789915966389	89.5798319327731	88.90756302521011	9.831932773109243	0.25210084033613406	10.084033613445378	1190
2022-09-01	Pennsylvania	42027	Centre	12th Grade	1121	1118	1119	1121	1102	53	9	62	97.3090277777778	97.04861111111109	97.13541666666669	97.3090277777778	95.6597222222222	4.60069444444445	0.7812500000000002	5.381944444444451	1152
2022-09-01	Pennsylvania	42027	Centre	Totals	3171	3152	3152	3163	3115	203	12	215	94.65671641791045	94.08955223880596	94.08955223880596	94.41791044776119	92.98507462686567	6.059701492537314	0.3582089552238806	6.417910447761194	3350
2022-09-01	Pennsylvania	42029	Chester	Kindergarten	5877	5852	5847	5892	5815	233	26	259	94.97414350355533	94.57013574660631	94.48933419521649	95.21654815772459	93.97220426632191	3.76535229476406	0.4201680672268911	4.185520361990951	6188
2022-09-01	Pennsylvania	42029	Chester	7th Grade	7043	7010	7037	7030	6974	421	16	437	93.59468438538211	93.15614617940199	93.51495016611301	93.42192691029899	92.6777408637874	5.594684385382061	0.21262458471760803	5.80730897009967	7525
2022-09-01	Pennsylvania	42029	Chester	12th Grade	8010	8012	8021	8015	7587	268	43	311	97.82608695652169	97.85051294577428	97.96042989741089	97.8871519296531	92.6599902296043	3.273082559843671	0.5251587689301421	3.798241328773813	8188
2022-09-01	Pennsylvania	42029	Chester	Totals	20930	20874	20905	20937	20376	922	85	1007	95.56641249258024	95.31071640564357	95.45226245376924	95.59837450344733	93.0368476325282	4.209853431350167	0.38811013195744487	4.597963563307611	21901
2022-09-01	Pennsylvania	42031	Clarion	Kindergarten	408	406	405	415	402	11	0	11	95.77464788732391	95.30516431924882	95.0704225352113	97.41784037558688	94.36619718309859	2.5821596244131406	1.4084507042253502	3.990610328638491	426
2022-09-01	Pennsylvania	42031	Clarion	7th Grade	401	396	396	403	395	34	1	35	93.25581395348841	92.09302325581402	92.09302325581402	93.72093023255812	91.86046511627912	7.906976744186051	0.23255813953488402	8.139534883720934	430
2022-09-01	Pennsylvania	42031	Clarion	12th Grade	350	343	341	345	338	16	0	16	98.5915492957746	96.61971830985921	96.05633802816898	97.18309859154928	95.2112676056338	2.816901408450701	1.9718309859154899	4.788732394366191	355
2022-09-01	Pennsylvania	42031	Clarion	Totals	1159	1145	1142	1163	1135	61	1	62	95.70602807597027	94.54995871180843	94.30222956234518	96.03633360858794	93.72419488026425	5.037159372419488	0.08257638315441784	5.119735755573906	1211
2022-09-01	Pennsylvania	42033	Clearfield	Kindergarten	818	813	809	826	809	44	1	45	95.67251461988302	95.0877192982456	94.61988304093572	96.6081871345029	0.11695906432748499	3.976608187134503	1.8713450292397706	5.847953216374274	855
2022-09-01	Pennsylvania	42033	Clearfield	7th Grade	870	865	862	872	860	67	8	75	96.55937846836848	96.0044395116537	95.6714761376249	96.7813540510544	95.44950055493902	7.436182019977801	0.8879023307436182	8.324084350721419	901
2022-09-01	Pennsylvania	42033	Clearfield	12th Grade	754	751	754	757	744	49	8	57	98.56209150326801	98.16993464052291	98.56209150326801	98.9542483660131	97.2549019607843	6.405228758169939	1.0457516339869302	7.45098039215687	765
2022-09-01	Pennsylvania	42033	Clearfield	Totals	2442	2429	2425	2455	2413	160	17	177	96.86632288774295	96.35065450218167	96.19198730662436	97.38199127330425	95.7159857199524	6.346687822292741	0.6743355811186037	7.021023403411345	2521
2022-09-01	Pennsylvania	42035	Clinton	Kindergarten	295	292	294	298	294	9	0	9	95.7792207792208	94.80519480519479	95.45454545454551	96.75324675324678	1.6233766233766205	0.974025974025974	1.2987012987013	2.2727272727272743	308
2022-09-01	Pennsylvania	42035	Clinton	7th Grade	323	323	323	322	321	59	3	62	85.4497354497355	85.4497354497355	85.4497354497355	85.1851851851852	84.92063492063488	15.608465608465597	0.7936507936507942	16.40211640211639	378
2022-09-01	Pennsylvania	42035	Clinton	12th Grade	310	302	309	310	303	6	4	10	98.72611464968149	96.1783439490446	98.4076433121019	98.72611464968149	96.49681528662418	1.9108280254777084	0.3184713375796181	2.2292993630573266	314
2022-09-01	Pennsylvania	42035	Clinton	Totals	928	917	926	930	918	74	7	81	92.8	91.7	92.6	93	91.8	7.4	0.7	8.1	1000
2022-09-01	Pennsylvania	42037	Columbia	Kindergarten	696	693	692	703	690	22	1	23	95.21203830369359	94.8016415868673	94.66484268125862	96.1696306429549	94.39124487004099	3.0095759233926116	0.13679890560875502	3.1463748290013664	731
2022-09-01	Pennsylvania	42037	Columbia	7th Grade	761	759	758	760	758	19	2	21	97.5641025641026	97.30769230769228	97.17948717948721	97.4358974358974	97.17948717948721	2.4358974358974304	0.2564102564102561	2.6923076923076863	780
2022-09-01	Pennsylvania	42037	Columbia	12th Grade	789	784	782	785	776	26	13	39	98.625	98	97.74999999999999	98.125	97	3.250000000000001	1.6250000000000004	4.875000000000002	800
2022-09-01	Pennsylvania	42037	Columbia	Totals	2246	2236	2232	2248	2224	67	16	83	97.18736477715275	96.75465166594547	96.58156642146257	97.2739073993942	96.23539593249676	2.899177845088706	0.6923409779316313	3.5915188230203374	2311
2022-09-01	Pennsylvania	42039	Crawford	Kindergarten	571	572	568	573	568	26	1	27	95.3255425709516	95.49248747913191	94.82470784641072	95.65943238731221	0.16694490818030105	2.5041736227045117	2.1702838063439107	4.674457429048423	599
2022-09-01	Pennsylvania	42039	Crawford	7th Grade	620	615	616	615	609	52	1	53	93.2330827067669	92.48120300751881	92.6315789473684	92.48120300751881	91.57894736842101	7.819548872180451	0.15037593984962402	7.969924812030075	665
2022-09-01	Pennsylvania	42039	Crawford	12th Grade	585	584	586	586	579	14	2	16	98.6509274873524	98.4822934232715	98.81956155143341	98.81956155143341	97.6391231028668	2.3608768971332177	0.337268128161889	2.6981450252951067	593
2022-09-01	Pennsylvania	42039	Crawford	Totals	1776	1771	1770	1774	1756	92	4	96	95.63812600969305	95.36887452880991	95.31502423263328	95.5304254173398	94.56112008616047	4.9542272482498655	0.2154011847065159	5.169628432956381	1857
2022-09-01	Pennsylvania	42041	Cumberland	Kindergarten	2610	2608	2615	2655	2606	99	14	113	93.3142652842331	93.2427601001073	93.49302824454772	94.9231319270647	93.1712549159814	3.5395066142295306	0.5005362888809441	4.040042903110475	2797
2022-09-01	Pennsylvania	42041	Cumberland	7th Grade	2641	2637	2642	2646	2596	152	38	190	95.61911658218679	95.4742939898624	95.6553222302679	95.8001448225923	93.98986241853731	5.503258508327303	1.3758146270818201	6.879073135409122	2762
2022-09-01	Pennsylvania	42041	Cumberland	12th Grade	2495	2500	2484	2431	2453	98	30	128	95.7405986185725	95.93246354566381	95.3184957789716	93.28472755180351	94.1289332310054	3.7605525709900203	1.1511895625479702	4.911742133537991	2606
2022-09-01	Pennsylvania	42041	Cumberland	Totals	7746	7745	7741	7732	7655	349	82	431	94.8683404776485	94.85609308022045	94.80710349050827	94.69687691365584	93.75382731169627	4.274341702388242	1.0042865890998163	5.278628291488059	8165
2022-09-01	Pennsylvania	42043	Dauphin	Kindergarten	3710	3673	3592	3752	3581	300	14	314	88.64994026284351	87.76583034647551	85.8303464755078	89.65352449223418	85.56750298685782	7.168458781362013	0.3345280764635601	7.502986857825572	4185
2022-09-01	Pennsylvania	42043	Dauphin	7th Grade	5432	5442	5420	5452	5376	384	41	425	93.62288865908312	93.79524301964841	93.4160634264047	93.9675973802137	92.65770423991732	6.618407445708382	0.7066528783178212	7.325060324026202	5802
2022-09-01	Pennsylvania	42043	Dauphin	12th Grade	5831	5808	5822	5877	5796	352	50	402	95.48059603733421	95.10397904044541	95.33322416898639	96.2338300311118	94.90748321598173	5.763877517602752	0.8187326019322092	6.5826101195349604	6107
2022-09-01	Pennsylvania	42043	Dauphin	Totals	14973	14923	14834	15081	14753	1036	105	1141	93.0346713060768	92.7239965204424	92.17099540201318	93.7057288430471	91.66770224928545	6.437181558344725	0.6524170498322356	7.08959860817696	16094
2022-09-01	Pennsylvania	42045	Delaware	Kindergarten	6171	6143	6113	6264	6085	109	12	121	95.467202970297	95.0340346534653	94.56992574257433	96.9059405940594	94.13675742574259	1.6862623762376245	0.18564356435643603	1.8719059405940606	6464
2022-09-01	Pennsylvania	42045	Delaware	7th Grade	6897	6894	6913	6902	6844	105	21	126	97.30530474040629	97.2629796839729	97.53103837471778	97.37584650112869	96.55756207674939	1.4813769751693004	0.29627539503386	1.7776523702031604	7088
2022-09-01	Pennsylvania	42045	Delaware	12th Grade	6551	6540	6598	6576	6554	79	31	110	97.71778042959428	97.55369928400948	98.41885441527448	98.09069212410498	97.76252983293561	1.178400954653938	0.46241050119331706	1.640811455847255	6704
2022-09-01	Pennsylvania	42045	Delaware	Totals	19619	19577	19624	19742	19483	293	64	357	96.85525276461296	96.64790679304897	96.87993680884676	97.4624802527646	96.1838467614534	1.4464849921011058	0.315955766192733	1.7624407582938388	20256
2022-09-01	Pennsylvania	42047	Elk	Kindergarten	278	277	276	282	275	8	1	9	96.86411149825781	96.51567944250868	96.1672473867596	98.25783972125438	95.81881533101051	2.7874564459930404	0.34843205574912917	3.1358885017421696	287
2022-09-01	Pennsylvania	42047	Elk	7th Grade	270	270	269	268	270	7	1	8	98.90109890109888	98.90109890109888	98.53479853479848	98.1684981684982	97.8021978021978	2.1978021978022	0.3663003663003661	2.5641025641025665	273
2022-09-01	Pennsylvania	42047	Elk	12th Grade	289	289	289	287	286	7	1	8	98.97260273972599	98.97260273972599	98.97260273972599	98.2876712328767	97.94520547945208	0.6849315068493151	1.7123287671232903	2.3972602739726057	292
2022-09-01	Pennsylvania	42047	Elk	Totals	837	836	834	837	831	22	3	25	98.2394366197183	98.12206572769954	97.88732394366197	98.2394366197183	97.53521126760563	2.5821596244131455	0.352112676056338	2.9342723004694835	852
2022-09-01	Pennsylvania	42049	Erie	Kindergarten	2804	2817	2818	2843	2805	123	11	134	94.15715245130961	94.5936870382807	94.6272666218939	95.46675621222299	94.1907320349228	4.130288784419069	0.36937541974479515	4.499664204163865	2978
2022-09-01	Pennsylvania	42049	Erie	7th Grade	2984	2984	2987	2981	2972	155	21	176	97.04065040650408	97.04065040650408	97.13821138211378	96.94308943089429	96.65040650406497	5.04065040650406	0.6829268292682933	5.723577235772353	3075
2022-09-01	Pennsylvania	42049	Erie	12th Grade	2618	2594	2609	2613	2576	95	21	116	97.25111441307578	96.35958395245171	96.91679049034178	97.0653789004458	95.6909361069837	3.5289747399702804	0.7800891530460622	4.309063893016343	2692
2022-09-01	Pennsylvania	42049	Erie	Totals	8406	8395	8414	8437	8353	373	53	426	96.12349914236707	95.99771297884506	96.21497998856489	96.47798742138365	95.51743853630646	4.265294453973699	0.6060606060606061	4.871355060034305	8745
2022-09-01	Pennsylvania	42051	Fayette	Kindergarten	1204	1207	1202	1212	1201	49	5	54	95.7074721780604	95.94594594594591	95.5484896661367	96.3434022257552	95.4689984101749	3.89507154213036	0.39745627980922105	4.292527821939581	1258
2022-09-01	Pennsylvania	42051	Fayette	7th Grade	1199	1195	1204	1202	1195	59	4	63	97.71801140994299	97.3920130399348	98.1255093724531	97.9625101874491	97.3920130399348	4.80847595762021	0.32599837000815013	5.134474327628361	1227
2022-09-01	Pennsylvania	42051	Fayette	12th Grade	1051	1047	1047	1047	1040	57	2	59	98.22429906542058	97.8504672897196	97.8504672897196	97.8504672897196	97.19626168224299	5.327102803738322	0.18691588785046703	5.514018691588788	1070
2022-09-01	Pennsylvania	42051	Fayette	Totals	3454	3449	3453	3461	3436	165	11	176	97.15893108298171	97.0182841068917	97.13080168776371	97.35583684950774	96.65260196905767	4.641350210970464	0.30942334739803096	4.950773558368495	3555
2022-09-01	Pennsylvania	42053	Forest	Kindergarten	23	23	23	23	23	2	0	2	85.1851851851852	85.1851851851852	85.1851851851852	85.1851851851852	7.407407407407411	0	7.407407407407411	7.407407407407411	27
2022-09-01	Pennsylvania	42053	Forest	7th Grade	32	32	32	32	31	1	0	1	96.96969696969697	96.96969696969697	96.96969696969697	96.96969696969697	93.9393939393939	0	3.0303030303030303	3.0303030303030303	33
2022-09-01	Pennsylvania	42053	Forest	12th Grade	29	28	30	30	30	2	0	2	93.54838709677419	90.32258064516131	96.77419354838712	96.77419354838712	87.0967741935484	0	NA	0	31
2022-09-01	Pennsylvania	42053	Forest	Totals	84	83	85	85	84	5	0	5	92.3076923076923	91.20879120879121	93.4065934065934	93.4065934065934	92.3076923076923	5.4945054945054945	0	5.4945054945054945	91
2022-09-01	Pennsylvania	42055	Franklin	Kindergarten	1434	1429	1426	1448	1420	67	2	69	94.03278688524588	93.70491803278689	93.5081967213115	94.95081967213109	93.11475409836069	4.393442622950821	0.13114754098360704	4.524590163934428	1525
2022-09-01	Pennsylvania	42055	Franklin	7th Grade	1642	1604	1623	1645	1594	141	10	151	94.53080023028211	92.3431203223949	93.43696027633851	94.70351180195742	91.76741508347732	8.117443868739201	0.5757052389176741	8.693149107656875	1737
2022-09-01	Pennsylvania	42055	Franklin	12th Grade	1715	1711	1712	1715	1671	70	41	111	98.3935742971888	98.1640849110729	98.2214572576018	98.3935742971888	95.86919104991392	4.016064257028111	2.3522662076878897	6.368330464715999	1743
2022-09-01	Pennsylvania	42055	Franklin	Totals	4791	4744	4761	4808	4685	278	53	331	95.72427572427573	94.78521478521479	95.12487512487513	96.06393606393607	93.60639360639361	5.554445554445555	1.0589410589410588	6.613386613386614	5005
2022-09-01	Pennsylvania	42057	Fulton	Kindergarten	148	147	139	148	138	7	0	7	97.3684210526316	96.71052631578951	91.4473684210526	97.3684210526316	2.6315789473684204	1.9736842105263201	1.9736842105263201	3.9473684210526403	152
2022-09-01	Pennsylvania	42057	Fulton	7th Grade	165	164	166	166	163	10	0	10	96.49122807017537	95.906432748538	97.07602339181291	97.07602339181291	95.3216374269006	1.7543859649122806	4.09356725146199	5.847953216374271	171
2022-09-01	Pennsylvania	42057	Fulton	12th Grade	137	137	137	137	134	5	0	5	97.8571428571429	97.8571428571429	97.8571428571429	97.8571428571429	95.71428571428571	2.1428571428571406	1.4285714285714302	3.5714285714285707	140
2022-09-01	Pennsylvania	42057	Fulton	Totals	450	448	442	451	435	22	0	22	97.19222462203024	96.76025917926566	95.46436285097192	97.40820734341253	93.9524838012959	4.751619870410368	0	4.751619870410368	463
2022-09-01	Pennsylvania	42059	Greene	Kindergarten	372	371	374	375	373	17	0	17	94.6564885496183	94.40203562340972	95.1653944020356	95.41984732824432	1.2722646310432602	1.01781170483461	3.0534351145038197	4.0712468193384295	393
2022-09-01	Pennsylvania	42059	Greene	7th Grade	369	369	368	372	366	15	1	16	96.3446475195822	96.3446475195822	96.0835509138381	97.12793733681461	95.56135770234991	3.9164490861618813	0.2610966057441251	4.1775456919060066	383
2022-09-01	Pennsylvania	42059	Greene	12th Grade	341	342	340	341	337	11	4	15	98.5549132947977	98.84393063583819	98.26589595375721	98.5549132947977	97.39884393063579	3.179190751445082	1.1560693641618505	4.335260115606932	346
2022-09-01	Pennsylvania	42059	Greene	Totals	1082	1082	1082	1088	1076	43	5	48	96.4349376114082	96.4349376114082	96.4349376114082	96.96969696969697	95.90017825311944	3.8324420677361855	0.44563279857397503	4.278074866310161	1122
2022-09-01	Pennsylvania	42061	Huntingdon	Kindergarten	333	333	334	334	334	11	0	11	96.52173913043478	96.52173913043478	96.8115942028986	96.8115942028986	2.3188405797101397	0	0.8695652173913043	0.8695652173913043	345
2022-09-01	Pennsylvania	42061	Huntingdon	7th Grade	396	396	396	396	397	22	0	22	96.1165048543689	96.1165048543689	96.1165048543689	96.1165048543689	94.90291262135922	0.7281553398058251	1.21359223300971	1.9417475728155351	412
2022-09-01	Pennsylvania	42061	Huntingdon	12th Grade	449	449	448	448	442	9	1	10	99.33628318584068	99.33628318584068	99.11504424778761	99.11504424778761	97.787610619469	1.9911504424778723	0.22123893805309708	2.2123893805309693	452
2022-09-01	Pennsylvania	42061	Huntingdon	Totals	1178	1178	1178	1178	1173	42	1	43	97.43589743589743	97.43589743589743	97.43589743589743	97.43589743589743	97.02233250620347	3.4739454094292803	0.0827129859387924	3.5566583953680726	1209
2022-09-01	Pennsylvania	42063	Indiana	Kindergarten	576	575	575	588	575	25	1	26	95.049504950495	94.8844884488449	94.8844884488449	97.02970297029698	0.16501650165016507	4.290429042904291	0.8250825082508252	5.115511551155116	606
2022-09-01	Pennsylvania	42063	Indiana	7th Grade	722	722	720	722	720	204	9	213	80.13318534961151	80.13318534961151	79.91120976692557	80.13318534961151	76.91453940066589	13.096559378468351	9.655937846836853	22.752497225305206	901
2022-09-01	Pennsylvania	42063	Indiana	12th Grade	693	691	687	693	685	40	1	41	97.74330042313119	97.46121297602257	96.89703808180539	97.74330042313119	96.61495063469678	5.641748942172081	0.14104372355430203	5.782792665726383	709
2022-09-01	Pennsylvania	42063	Indiana	Totals	1991	1988	1982	2003	1980	269	11	280	89.84657039711192	89.71119133574007	89.4404332129964	90.38808664259928	89.35018050541517	12.13898916967509	0.4963898916967509	12.635379061371841	2216
2022-09-01	Pennsylvania	42065	Jefferson	Kindergarten	334	334	334	337	334	20	2	22	93.2960893854749	93.2960893854749	93.2960893854749	94.13407821229049	0.558659217877095	5.586592178770941	1.6759776536312803	7.262569832402221	358
2022-09-01	Pennsylvania	42065	Jefferson	7th Grade	368	361	363	363	361	71	0	71	85.58139534883722	83.95348837209299	84.4186046511628	84.4186046511628	83.95348837209299	12.558139534883749	4.651162790697672	17.209302325581422	430
2022-09-01	Pennsylvania	42065	Jefferson	12th Grade	363	362	364	364	363	10	0	10	98.37398373983743	98.10298102981032	98.6449864498645	98.6449864498645	98.37398373983743	1.6260162601626014	1.6260162601626005	3.2520325203252014	369
2022-09-01	Pennsylvania	42065	Jefferson	Totals	1065	1057	1061	1064	1058	101	2	103	92.04840103716508	91.35695764909248	91.70267934312878	91.961970613656	91.44338807260155	8.729472774416594	0.17286084701815038	8.902333621434744	1157
2022-09-01	Pennsylvania	42067	Juniata	Kindergarten	180	177	176	180	176	15	0	15	93.75	92.18750000000001	91.6666666666667	93.75	5.7291666666666705	1.04166666666667	2.083333333333331	3.125000000000001	192
2022-09-01	Pennsylvania	42067	Juniata	7th Grade	217	213	221	221	214	61	0	61	80.66914498141261	79.182156133829	82.15613382899629	82.15613382899629	79.55390334572489	17.843866171003732	5.947955390334571	23.791821561338303	269
2022-09-01	Pennsylvania	42067	Juniata	12th Grade	224	225	226	222	222	15	2	17	96.13733905579397	96.56652360515021	96.99570815450639	95.27896995708151	95.27896995708151	6.437768240343352	0.8583690987124464	7.2961373390557975	233
2022-09-01	Pennsylvania	42067	Juniata	Totals	621	615	623	623	612	91	2	93	89.48126801152738	88.61671469740634	89.76945244956772	89.76945244956772	88.18443804034582	13.112391930835734	0.2881844380403458	13.40057636887608	694
2022-09-01	Pennsylvania	42069	Lackawanna	Kindergarten	2253	2250	2257	2278	2241	42	9	51	96.44691780821918	96.31849315068489	96.61815068493149	97.5171232876712	95.93321917808218	1.7979452054794562	0.3852739726027401	2.1832191780821963	2336
2022-09-01	Pennsylvania	42069	Lackawanna	7th Grade	2337	2327	2333	2327	2325	56	13	69	98.4	97.9789473684211	98.23157894736839	97.9789473684211	97.89473684210529	2.3578947368421	0.5473684210526321	2.905263157894732	2375
2022-09-01	Pennsylvania	42069	Lackawanna	12th Grade	2276	2277	2269	2282	2265	53	12	65	63.8608305274972	63.88888888888889	63.664421997755305	64.02918069584742	63.552188552188504	1.4870931537598215	0.33670033670033706	1.8237934904601585	3564
2022-09-01	Pennsylvania	42069	Lackawanna	Totals	6866	6854	6859	6887	6831	151	34	185	82.97280966767372	82.82779456193353	82.888217522658607	83.22658610271904	82.54984894259819	1.8247734138972809	0.4108761329305136	2.2356495468277946	8275
2022-09-01	Pennsylvania	42071	Lancaster	Kindergarten	4938	4913	4946	5041	4886	410	24	434	90.88901159580341	90.4288606662985	91.03625989324497	92.78483342536352	89.9318976624333	7.546475243880002	0.44174489232468317	7.988220136204685	5433
2022-09-01	Pennsylvania	42071	Lancaster	7th Grade	6026	5883	5944	5979	5744	1146	44	1190	86.11031723349531	84.06687625035723	84.938553872535	85.43869677050587	82.08059445555872	16.376107459274074	0.6287510717347811	17.004858531008853	6998
2022-09-01	Pennsylvania	42071	Lancaster	12th Grade	5375	5359	5385	5385	5226	368	230	598	96.0850911691098	95.7990704326064	96.26385412942439	96.26385412942439	93.4215230604219	6.57847693957812	4.11154808723632	10.69002502681444	5594
2022-09-01	Pennsylvania	42071	Lancaster	Totals	16339	16155	16275	16405	15856	1924	298	2222	90.64632454923716	89.625520110957	90.29126213592232	91.0124826629681	87.96671289875174	10.674063800277393	1.653259361997226	12.327323162274618	18025
2022-09-01	Pennsylvania	42073	Lawrence	Kindergarten	845	845	849	863	846	39	1	40	94.51901565995531	94.51901565995531	94.9664429530201	96.53243847874718	0.111856823266219	3.5794183445190204	2.46085011185682	6.040268456375841	894
2022-09-01	Pennsylvania	42073	Lawrence	7th Grade	642	635	635	641	631	85	3	88	90.4225352112676	89.43661971830988	89.43661971830988	90.28169014084509	88.8732394366197	11.971830985915494	0.4225352112676061	12.3943661971831	710
2022-09-01	Pennsylvania	42073	Lawrence	12th Grade	850	850	848	852	835	38	11	49	98.6078886310905	98.6078886310905	98.3758700696056	98.8399071925754	96.86774941995361	4.40835266821346	1.2761020881670502	5.684454756380511	862
2022-09-01	Pennsylvania	42073	Lawrence	Totals	2337	2330	2332	2356	2312	162	15	177	94.76885644768856	94.48499594484996	94.56609894566098	95.53933495539334	93.75506893755069	6.569343065693431	0.6082725060827251	7.177615571776156	2466
2022-09-01	Pennsylvania	42075	Lebanon	Kindergarten	1258	1254	1252	1272	1243	84	5	89	93.53159851301109	93.2342007434944	93.08550185873611	94.57249070631973	92.41635687732338	6.245353159851312	0.37174721189591103	6.617100371747222	1345
2022-09-01	Pennsylvania	42075	Lebanon	7th Grade	1612	1612	1617	1614	1571	119	11	130	92.21967963386732	92.21967963386732	92.5057208237986	92.3340961098398	89.87414187643022	6.807780320366131	0.62929061784897	7.437070938215102	1748
2022-09-01	Pennsylvania	42075	Lebanon	12th Grade	1450	1448	1451	1452	1431	75	11	86	95.89947089947091	95.76719576719582	95.96560846560851	96.03174603174598	94.64285714285711	4.9603174603174605	0.7275132275132272	5.6878306878306875	1512
2022-09-01	Pennsylvania	42075	Lebanon	Totals	4320	4314	4320	4338	4245	278	27	305	93.81107491856677	93.68078175895765	93.81107491856677	94.20195439739413	92.18241042345277	6.036916395222584	0.5863192182410424	6.623235613463627	4605
2022-09-01	Pennsylvania	42077	Lehigh	Kindergarten	3952	3955	3944	4012	3922	146	9	155	95.02284202933402	95.09497475354651	94.8304880981005	96.465496513585	94.30151478720849	3.5104592450108196	0.21639817263765312	3.726857417648473	4159
2022-09-01	Pennsylvania	42077	Lehigh	7th Grade	4314	4307	4325	4321	4291	103	19	122	97.46949841843649	97.3113420695888	97.71802982376859	97.62765476728418	96.94984184365121	2.3271577044735685	0.42928151830094907	2.7564392227745174	4426
2022-09-01	Pennsylvania	42077	Lehigh	12th Grade	4089	4094	4096	4125	4030	115	28	143	97.58949880668258	97.70883054892599	97.7565632458234	98.4486873508353	96.18138424821	2.744630071599041	0.6682577565632459	3.4128878281622868	4190
2022-09-01	Pennsylvania	42077	Lehigh	Totals	12355	12356	12365	12458	12243	364	56	420	96.71232876712328	96.72015655577299	96.79060665362036	97.51859099804305	95.83561643835617	2.8493150684931505	0.4383561643835616	3.287671232876712	12775
2022-09-01	Pennsylvania	42079	Luzerne	Kindergarten	3781	3779	3783	3847	3779	117	8	125	94.73816086193942	94.68804810824349	94.7882736156352	96.39188173390131	0.20045101478326213	2.2550739163117033	2.280130293159611	4.535204209471314	3991
2022-09-01	Pennsylvania	42079	Luzerne	7th Grade	3600	3590	3601	3601	3577	54	12	66	98.0926430517711	97.8201634877384	98.11989100817439	98.11989100817439	97.4659400544959	1.4713896457765663	0.32697547683923717	1.7983651226158033	3670
2022-09-01	Pennsylvania	42079	Luzerne	12th Grade	3385	3379	3380	3385	3318	65	7	72	98.97660818713447	98.80116959064328	98.83040935672508	98.97660818713447	97.01754385964911	1.900584795321638	0.20467836257309907	2.105263157894737	3420
2022-09-01	Pennsylvania	42079	Luzerne	Totals	10766	10748	10764	10833	10674	236	27	263	97.15729627289956	96.99485605992238	97.13924736034654	97.76193484342568	96.3270462954607	2.129771681256204	0.2436603194657522	2.3734320007219565	11081
2022-09-01	Pennsylvania	42081	Lycoming	Kindergarten	1090	1088	1085	1096	1082	36	2	38	96.80284191829479	96.62522202486679	96.35879218472465	97.33570159857899	0.17761989342806406	1.5097690941385442	2.3978685612788597	3.907637655417404	1126
2022-09-01	Pennsylvania	42081	Lycoming	7th Grade	1183	1177	1187	1180	1009	78	6	84	95.24959742351051	94.76650563607092	95.57165861513688	95.00805152979069	81.23993558776169	6.28019323671498	0.483091787439614	6.763285024154594	1242
2022-09-01	Pennsylvania	42081	Lycoming	12th Grade	1117	1110	1111	1110	1101	33	26	59	98.5878199470432	97.9699911738747	98.05825242718448	97.9699911738747	97.17563989408649	2.9126213592233072	2.2947925860547205	5.207413945278027	1133
2022-09-01	Pennsylvania	42081	Lycoming	Totals	3390	3375	3383	3386	3192	147	34	181	96.82947729220223	96.40102827763496	96.6295344187375	96.71522422165096	91.17395029991431	4.1988003427592115	0.971151099685804	5.169951442445016	3501
2022-09-01	Pennsylvania	42083	McKean	Kindergarten	384	384	382	384	382	3	0	3	96.96969696969697	96.96969696969697	96.46464646464649	96.96969696969697	0.25252525252525304	0	0.505050505050505	0.505050505050505	396
2022-09-01	Pennsylvania	42083	McKean	7th Grade	463	462	463	463	461	12	0	12	99.1434689507495	98.92933618843678	99.1434689507495	99.1434689507495	98.71520342612419	1.9271948608137004	0.642398286937901	2.5695931477516014	467
2022-09-01	Pennsylvania	42083	McKean	12th Grade	415	415	414	414	413	7	3	10	99.5203836930456	99.5203836930456	99.2805755395683	99.2805755395683	99.04076738609109	1.6786570743405285	0.7194244604316551	2.3980815347721833	417
2022-09-01	Pennsylvania	42083	McKean	Totals	1262	1261	1259	1261	1256	22	3	25	98.59375	98.515625	98.359375	98.515625	98.125	1.71875	0.234375	1.953125	1280
2022-09-01	Pennsylvania	42085	Mercer	Kindergarten	1015	1015	1012	1029	1014	39	2	41	95.2157598499062	95.2157598499062	94.9343339587242	96.5290806754221	0.18761726078799204	3.0956848030018707	1.6885553470919306	4.784240150093801	1066
2022-09-01	Pennsylvania	42085	Mercer	7th Grade	1103	1099	1101	1100	1090	125	5	130	90.48400328137822	90.1558654634947	90.31993437243638	90.23789991796549	89.41755537325679	10.254306808859722	0.4101722723543892	10.664479081214111	1219
2022-09-01	Pennsylvania	42085	Mercer	12th Grade	1047	1043	1043	1049	1035	38	15	53	97.8504672897196	97.47663551401868	97.47663551401868	98.03738317757009	96.7289719626168	3.551401869158881	1.4018691588785	4.953271028037381	1070
2022-09-01	Pennsylvania	42085	Mercer	Totals	3165	3157	3156	3178	3139	202	22	224	94.33681073025335	94.09836065573771	94.06855439642325	94.72429210134128	93.5618479880775	6.020864381520119	0.6557377049180327	6.676602086438152	3355
2022-09-01	Pennsylvania	42087	Mifflin	Kindergarten	340	343	340	344	340	18	1	19	92.89617486338801	93.7158469945355	92.89617486338801	93.98907103825141	0.27322404371584696	2.459016393442621	4.098360655737701	6.557377049180322	366
2022-09-01	Pennsylvania	42087	Mifflin	7th Grade	351	350	349	350	343	156	0	156	70.34068136272549	70.14028056112218	69.939879759519	70.14028056112218	68.73747494989979	28.45691382765527	5.01002004008016	33.46693386773543	499
2022-09-01	Pennsylvania	42087	Mifflin	12th Grade	369	368	369	369	365	9	5	14	98.9276139410188	98.6595174262735	98.9276139410188	98.9276139410188	97.85522788203748	2.680965147453078	1.3404825737265407	4.0214477211796185	373
2022-09-01	Pennsylvania	42087	Mifflin	Totals	1060	1061	1058	1063	1048	183	6	189	85.62197092084007	85.70274636510501	85.46042003231018	85.8642972536349	84.65266558966074	14.781906300484653	0.48465266558966075	15.266558966074314	1238
2022-09-01	Pennsylvania	42089	Monroe	Kindergarten	1523	1519	1515	1551	1507	127	2	129	92.639902676399	92.3965936739659	92.15328467153279	94.3430656934307	91.6666666666667	7.725060827250611	0.12165450121654499	7.846715328467156	1644
2022-09-01	Pennsylvania	42089	Monroe	7th Grade	1864	1862	1865	1869	1840	141	2	143	96.33074935400519	96.22739018087859	96.3824289405685	96.58914728682171	95.09043927648581	7.286821705426361	0.103359173126615	7.390180878552976	1935
2022-09-01	Pennsylvania	42089	Monroe	12th Grade	2156	2153	2156	2163	2128	166	28	194	98.13381884387799	97.99726900318619	98.13381884387799	98.45243513882569	96.85935366408741	7.555757851615841	1.2744651797906204	8.83022303140646	2197
2022-09-01	Pennsylvania	42089	Monroe	Totals	5543	5534	5536	5583	5475	434	32	466	95.96606648199446	95.81024930747922	95.8448753462604	96.65858725761773	94.7887811634349	7.513850415512465	0.554016620498615	8.06786703601108	5776
2022-09-01	Pennsylvania	42091	Montgomery	Kindergarten	9294	9276	9277	9375	9258	314	41	355	96.02231635499538	95.8363467300341	95.84667837586528	96.859179667321	95.65037710507279	3.2441367909908	0.42359747907841727	3.6677342700692175	9679
2022-09-01	Pennsylvania	42091	Montgomery	7th Grade	10449	10479	10490	10492	10434	378	89	467	97.46292323477292	97.74274787799648	97.8453502471784	97.86400522339332	97.32301091316108	3.5257905046171105	0.8301464415632873	4.355936946180398	10721
2022-09-01	Pennsylvania	42091	Montgomery	12th Grade	11201	11176	11208	11196	11066	431	141	572	98.2630055268006	98.04368804281079	98.3244144223178	98.2191420300026	97.07869111325549	3.7810334239845607	1.2369506097026102	5.017984033687171	11399
2022-09-01	Pennsylvania	42091	Montgomery	Totals	30944	30931	30975	31063	30758	1123	271	1394	97.3112362023963	97.27035441366081	97.40872354476556	97.68546180697506	96.72631214818077	3.5315575961508223	0.8522280574860844	4.383785653636907	31799
2022-09-01	Pennsylvania	42093	Montour	Kindergarten	208	207	206	210	206	4	0	4	97.65258215962439	97.18309859154928	96.71361502347419	98.5915492957746	1.4084507042253502	0.9389671361502351	0.46948356807511704	1.408450704225352	213
2022-09-01	Pennsylvania	42093	Montour	7th Grade	179	179	176	176	174	23	0	23	89.05472636815921	89.05472636815921	87.56218905472642	87.56218905472642	86.56716417910451	11.940298507462694	1.4925373134328401	13.432835820895534	201
2022-09-01	Pennsylvania	42093	Montour	12th Grade	161	161	160	161	160	3	1	4	99.38271604938271	99.38271604938271	98.76543209876539	99.38271604938271	98.14814814814818	6.790123456790122	1.8518518518518503	8.641975308641971	162
2022-09-01	Pennsylvania	42093	Montour	Totals	548	547	542	547	540	30	1	31	95.13888888888889	94.96527777777777	94.09722222222223	94.96527777777777	93.75	5.208333333333333	0.1736111111111111	5.381944444444445	576
2022-09-01	Pennsylvania	42095	Northampton	Kindergarten	2963	2956	2956	2978	2953	99	19	118	96.13887086307588	95.9117456197275	95.9117456197275	96.6255678131084	95.814406229721	3.2121998702141505	0.6164828033744321	3.828682673588583	3082
2022-09-01	Pennsylvania	42095	Northampton	7th Grade	3519	3507	3512	3522	3508	123	15	138	97.56029941779869	97.22761297477128	97.36623232603269	97.64347102855558	97.25533684502358	3.4100360410313297	0.41585805378430796	3.825894094815638	3607
2022-09-01	Pennsylvania	42095	Northampton	12th Grade	3800	3783	3805	3811	3774	209	28	237	98.0645161290323	97.62580645161289	98.19354838709678	98.34838709677418	97.39354838709679	5.3935483870967715	0.7225806451612902	6.116129032258061	3875
2022-09-01	Pennsylvania	42095	Northampton	Totals	10282	10246	10273	10311	10235	431	62	493	97.3305566073457	96.98977659977281	97.24536160545249	97.6050738356683	96.88564937523665	4.0798939795532	0.5868989019310867	4.6667928814842865	10564
2022-09-01	Pennsylvania	42097	Northumberland	Kindergarten	874	877	877	885	874	24	1	25	94.2826321467098	94.6062567421791	94.6062567421791	95.46925566343042	94.2826321467098	2.58899676375405	0.107874865156419	2.6968716289104693	927
2022-09-01	Pennsylvania	42097	Northumberland	7th Grade	1097	1092	1096	1093	1092	76	7	83	94.08233276157802	93.65351629502568	93.99656946826761	93.73927958833619	93.65351629502568	6.518010291595201	0.6003430531732421	7.118353344768442	1166
2022-09-01	Pennsylvania	42097	Northumberland	12th Grade	1068	1054	1061	1050	1053	43	11	54	97.7127172918573	96.43183897529727	97.0722781335773	96.0658737419945	96.34034766697161	3.9341262580054797	1.0064043915828	4.940530649588279	1093
2022-09-01	Pennsylvania	42097	Northumberland	Totals	3039	3023	3034	3028	3019	143	19	162	95.38606403013182	94.88386691776522	95.22912743251726	95.04080351537979	94.75831763967358	4.4883866917765225	0.5963590709353421	5.084745762711864	3186
2022-09-01	Pennsylvania	42099	Perry	Kindergarten	413	413	414	416	413	21	2	23	94.50800915331811	94.50800915331811	94.73684210526318	95.19450800915331	0.45766590389016026	3.890160183066361	2.51716247139588	6.4073226544622415	437
2022-09-01	Pennsylvania	42099	Perry	7th Grade	453	450	456	452	441	56	7	63	89.1732283464567	88.5826771653543	89.76377952755911	88.9763779527559	86.81102362204723	11.0236220472441	1.3779527559055103	12.401574803149611	508
2022-09-01	Pennsylvania	42099	Perry	12th Grade	418	416	418	418	413	20	7	27	95.43378995433791	94.9771689497717	95.43378995433791	95.43378995433791	94.2922374429224	4.566210045662102	1.5981735159817405	6.164383561643843	438
2022-09-01	Pennsylvania	42099	Perry	Totals	1284	1279	1288	1286	1267	97	16	113	92.84164859002169	92.48011569052784	93.13087490961678	92.98626174981923	91.61243673174259	7.013738250180767	1.1569052783803326	8.170643528561099	1383
2022-09-01	Pennsylvania	42101	Philadelphia	Kindergarten	14788	14729	14781	14976	14574	268	20	288	92.8602825745683	92.4897959183673	92.81632653061219	94.0408163265306	91.5164835164835	1.682888540031397	0.12558869701726802	1.808477237048665	15925
2022-09-01	Pennsylvania	42101	Philadelphia	7th Grade	15235	15222	15278	15297	15069	188	54	242	94.9872186545296	94.90616621983912	95.2553151692749	95.3737764199763	93.95224141155931	1.172142901677162	0.33667934409875916	1.5088222457759213	16039
2022-09-01	Pennsylvania	42101	Philadelphia	12th Grade	12777	12687	12797	12810	12709	177	122	299	98.22416974169741	97.5322878228782	98.37792127921281	98.4778597785978	97.70141451414509	1.3607011070110704	0.9378843788437881	2.2985854858548587	13008
2022-09-01	Pennsylvania	42101	Philadelphia	Totals	42800	42638	42856	43083	42352	633	196	829	95.17032820421596	94.8101040647514	95.29485012896913	95.79960864537935	94.17415280619052	1.407542470870764	0.43582673663612914	1.8433692075068933	44972
2022-09-01	Pennsylvania	42103	Pike	Kindergarten	414	412	411	417	411	38	0	38	92.41071428571429	91.96428571428571	91.7410714285714	93.08035714285711	5.803571428571431	1.3392857142857104	2.678571428571431	4.0178571428571415	448
2022-09-01	Pennsylvania	42103	Pike	7th Grade	561	557	560	560	557	35	0	35	97.3958333333333	96.70138888888889	97.22222222222219	97.22222222222219	96.70138888888889	4.6875	1.3888888888888904	6.07638888888889	576
2022-09-01	Pennsylvania	42103	Pike	12th Grade	585	585	586	582	582	34	1	35	97.33777038269548	97.33777038269548	97.504159733777	96.8386023294509	96.8386023294509	5.6572379367720504	0.16638935108153102	5.823627287853582	601
2022-09-01	Pennsylvania	42103	Pike	Totals	1560	1554	1557	1559	1550	107	1	108	96	95.63076923076923	95.81538461538462	95.93846153846154	95.38461538461539	6.584615384615384	0.06153846153846154	6.6461538461538465	1625
2022-09-01	Pennsylvania	42105	Potter	Kindergarten	137	136	136	139	136	17	0	17	89.54248366013071	88.8888888888889	88.8888888888889	90.8496732026144	7.189542483660133	0	3.921568627450981	3.921568627450981	153
2022-09-01	Pennsylvania	42105	Potter	7th Grade	167	165	164	167	164	20	0	20	87.8947368421053	86.84210526315793	86.3157894736842	87.8947368421053	86.3157894736842	12.105263157894743	2.1052631578947403	14.210526315789483	190
2022-09-01	Pennsylvania	42105	Potter	12th Grade	161	158	160	160	157	6	0	6	95.8333333333333	94.04761904761901	95.2380952380952	95.2380952380952	93.452380952381	2.3809523809523805	1.1904761904761902	3.5714285714285707	168
2022-09-01	Pennsylvania	42105	Potter	Totals	465	459	460	466	457	43	0	43	90.99804305283757	89.82387475538161	90.01956947162427	91.19373776908023	89.43248532289628	8.414872798434443	0	8.414872798434443	511
2022-09-01	Pennsylvania	42107	Schuylkill	Kindergarten	1388	1373	1378	1391	1375	46	4	50	95.59228650137742	94.55922865013771	94.90358126721763	95.79889807162529	0.275482093663912	2.6170798898071683	2.4104683195592296	5.027548209366398	1452
2022-09-01	Pennsylvania	42107	Schuylkill	7th Grade	1439	1439	1435	1434	1427	58	3	61	96.90235690235689	96.90235690235689	96.6329966329966	96.56565656565658	96.09427609427608	3.9057239057239106	0.20202020202020202	4.107744107744113	1485
2022-09-01	Pennsylvania	42107	Schuylkill	12th Grade	1430	1429	1429	1431	1415	29	7	36	98.2142857142857	98.14560439560438	98.14560439560438	98.282967032967	97.1840659340659	1.9917582417582373	0.48076923076923117	2.4725274725274686	1456
2022-09-01	Pennsylvania	42107	Schuylkill	Totals	4257	4241	4242	4256	4217	133	14	147	96.90416571818803	96.5399499203278	96.56271340769406	96.88140223082176	95.99362622353745	3.02754381971318	0.3186888231277032	3.3462326428408833	4393
2022-09-01	Pennsylvania	42109	Snyder	Kindergarten	324	323	325	328	322	28	0	28	92.5714285714286	92.28571428571429	92.8571428571429	93.71428571428572	92	5.714285714285717	3.142857142857141	8.857142857142858	350
2022-09-01	Pennsylvania	42109	Snyder	7th Grade	391	387	393	389	389	58	4	62	87.86516853932581	86.9662921348315	88.314606741573	87.41573033707871	87.41573033707871	13.033707865168541	0.8988764044943821	13.932584269662925	445
2022-09-01	Pennsylvania	42109	Snyder	12th Grade	338	337	338	338	332	24	2	26	96.0227272727273	95.73863636363639	96.0227272727273	96.0227272727273	94.31818181818181	6.818181818181822	0.5681818181818182	7.38636363636364	352
2022-09-01	Pennsylvania	42109	Snyder	Totals	1053	1047	1056	1055	1043	110	6	116	91.80470793374019	91.28160418482999	92.0662598081953	91.97907585004359	90.9328683522232	9.59023539668701	0.5231037489102005	10.11333914559721	1147
2022-09-01	Pennsylvania	42111	Somerset	Kindergarten	655	654	650	657	649	28	5	33	94.38040345821331	94.2363112391931	93.6599423631124	94.66858789625361	93.5158501440922	4.03458213256485	0.7204610951008651	4.755043227665714	694
2022-09-01	Pennsylvania	42111	Somerset	7th Grade	702	700	698	704	698	78	1	79	93.10344827586209	92.8381962864722	92.57294429708222	93.36870026525202	92.57294429708222	10.3448275862069	0.13262599469496006	10.477453580901862	754
2022-09-01	Pennsylvania	42111	Somerset	12th Grade	687	678	678	678	677	29	4	33	98.42406876790831	97.13467048710598	97.13467048710598	97.13467048710598	96.99140401146128	4.154727793696271	0.5730659025787972	4.727793696275068	698
2022-09-01	Pennsylvania	42111	Somerset	Totals	2044	2032	2026	2039	2024	135	10	145	95.24697110904008	94.68779123951538	94.40820130475304	95.01397949673812	94.31500465983224	6.290773532152842	0.4659832246039143	6.756756756756757	2146
2022-09-01	Pennsylvania	42115	Susquehanna	Kindergarten	401	405	402	409	398	25	2	27	92.60969976905311	93.5334872979215	92.84064665127019	94.4572748267898	91.91685912240189	5.773672055427251	0.46189376443417995	6.2355658198614305	433
2022-09-01	Pennsylvania	42115	Susquehanna	7th Grade	477	478	478	479	477	29	4	33	95.7831325301205	95.98393574297191	95.98393574297191	96.18473895582329	95.7831325301205	5.823293172690762	0.8032128514056223	6.626506024096384	498
2022-09-01	Pennsylvania	42115	Susquehanna	12th Grade	420	419	420	420	414	16	9	25	97.67441860465121	97.44186046511629	97.67441860465121	97.67441860465121	96.27906976744191	3.72093023255814	2.093023255813951	5.813953488372091	430
2022-09-01	Pennsylvania	42115	Susquehanna	Totals	1298	1302	1300	1308	1289	70	15	85	95.37105069801616	95.66495224099927	95.51800146950771	96.10580455547391	94.70977222630418	5.143277002204262	1.1021307861866274	6.245407788390889	1361
2022-09-01	Pennsylvania	42117	Tioga	Kindergarten	386	385	385	386	384	16	2	18	93.6893203883495	93.4466019417476	93.4466019417476	93.6893203883495	0.4854368932038831	3.8834951456310707	2.6699029126213607	6.553398058252432	412
2022-09-01	Pennsylvania	42117	Tioga	7th Grade	440	440	440	437	433	17	2	19	96.70329670329667	96.70329670329667	96.70329670329667	96.04395604395599	95.16483516483521	3.7362637362637394	0.43956043956044016	4.17582417582418	455
2022-09-01	Pennsylvania	42117	Tioga	12th Grade	381	379	380	380	379	16	0	16	96.2121212121212	95.70707070707071	95.959595959596	95.959595959596	95.70707070707071	3.282828282828281	1.7676767676767704	5.050505050505052	396
2022-09-01	Pennsylvania	42117	Tioga	Totals	1207	1204	1205	1203	1196	49	4	53	95.56611243072051	95.3285827395091	95.40775930324624	95.24940617577197	94.69517022961203	3.879651623119557	0.3167062549485352	4.196357878068092	1263
2022-09-01	Pennsylvania	42119	Union	Kindergarten	260	260	259	260	259	12	2	14	94.20289855072458	94.20289855072458	93.8405797101449	94.20289855072458	0.7246376811594202	0.7246376811594202	3.6231884057971007	4.347826086956521	276
2022-09-01	Pennsylvania	42119	Union	7th Grade	308	312	306	312	307	26	5	31	84.15300546448091	85.24590163934432	83.6065573770492	85.24590163934432	81.14754098360659	3.8251366120218613	4.098360655737701	7.923497267759563	366
2022-09-01	Pennsylvania	42119	Union	12th Grade	303	303	304	302	301	11	1	12	97.1153846153846	97.1153846153846	97.4358974358974	96.7948717948718	96.47435897435899	3.52564102564102	0.32051282051282104	3.8461538461538414	312
2022-09-01	Pennsylvania	42119	Union	Totals	871	875	869	874	867	49	8	57	91.29979035639413	91.71907756813417	91.09014675052411	91.61425576519916	90.88050314465409	5.136268343815513	0.8385744234800838	5.9748427672955975	954
2022-09-01	Pennsylvania	42121	Venango	Kindergarten	711	712	711	719	711	39	3	42	94.1721854304636	94.30463576158941	94.1721854304636	95.23178807947019	0.39735099337748303	1.5894039735099335	3.97350993377483	5.562913907284763	755
2022-09-01	Pennsylvania	42121	Venango	7th Grade	612	611	610	610	605	31	2	33	97.4522292993631	97.2929936305732	97.13375796178339	97.13375796178339	96.33757961783441	4.9363057324840725	0.3184713375796181	5.254777070063691	628
2022-09-01	Pennsylvania	42121	Venango	12th Grade	524	526	521	524	516	31	5	36	96.85767097966728	97.22735674676518	96.3031423290203	96.85767097966728	95.3789279112754	5.73012939001849	0.9242144177449172	6.654343807763407	541
2022-09-01	Pennsylvania	42121	Venango	Totals	1847	1849	1842	1853	1832	101	10	111	95.997920997921	96.1018711018711	95.73804573804574	96.3097713097713	95.21829521829522	5.249480249480249	0.5197505197505198	5.769230769230769	1924
2022-09-01	Pennsylvania	42123	Warren	Kindergarten	303	301	303	306	302	9	0	9	97.1153846153846	96.47435897435899	97.1153846153846	98.07692307692308	1.2820512820512802	0.9615384615384625	1.6025641025641	2.5641025641025625	312
2022-09-01	Pennsylvania	42123	Warren	7th Grade	292	292	292	292	292	31	0	31	90.9657320872274	90.9657320872274	90.9657320872274	90.9657320872274	90.0311526479751	0	1.55763239875389	1.55763239875389	321
2022-09-01	Pennsylvania	42123	Warren	12th Grade	335	334	334	336	329	11	3	14	97.38372093023258	97.09302325581392	97.09302325581392	97.67441860465121	95.63953488372088	3.197674418604654	0.8720930232558142	4.069767441860469	344
2022-09-01	Pennsylvania	42123	Warren	Totals	930	927	929	934	923	51	3	54	95.18935516888433	94.88229273285567	95.08700102354145	95.59877175025589	94.47287615148413	5.220061412487206	0.3070624360286592	5.527123848515865	977
2022-09-01	Pennsylvania	42125	Washington	Kindergarten	2042	2040	2039	2054	2035	49	5	54	96.45725082664148	96.36277751535191	96.3155408597071	97.0240906943788	96.12659423712799	2.3145961265942403	0.23618327822390203	2.550779404818142	2117
2022-09-01	Pennsylvania	42125	Washington	7th Grade	2194	2184	2186	2189	2175	104	8	112	97.33806566104701	96.89440993788821	96.98314108252	97.11623779946758	96.4951197870453	4.61401952085181	0.35492457852706305	4.968944099378874	2254
2022-09-01	Pennsylvania	42125	Washington	12th Grade	2002	2002	1996	2004	1987	93	21	114	97.27891156462579	97.27891156462579	96.98736637512148	97.3760932944606	96.55004859086488	4.518950437317781	1.0204081632653104	5.539358600583092	2058
2022-09-01	Pennsylvania	42125	Washington	Totals	6238	6226	6221	6247	6197	246	34	280	97.0290869497589	96.8424327267071	96.76466013376886	97.16907761704775	96.39135168766526	3.8264115725618293	0.5288536319800902	4.35526520454192	6429
2022-09-01	Pennsylvania	42127	Wayne	Kindergarten	352	344	336	350	330	19	1	20	94.36997319034852	92.2252010723861	90.0804289544236	93.83378016085791	88.47184986595171	5.09383378016086	0.26809651474530805	5.361930294906169	373
2022-09-01	Pennsylvania	42127	Wayne	7th Grade	316	314	316	314	314	27	2	29	95.75757575757581	95.1515151515152	95.75757575757581	95.1515151515152	87.87878787878792	7.27272727272727	2.7272727272727306	10	330
2022-09-01	Pennsylvania	42127	Wayne	12th Grade	299	297	301	300	294	19	2	21	95.22292993630572	94.58598726114651	95.85987261146501	95.54140127388541	93.63057324840763	6.050955414012738	0.6369426751592361	6.687898089171974	314
2022-09-01	Pennsylvania	42127	Wayne	Totals	967	955	953	964	938	65	5	70	95.08357915437561	93.90363815142577	93.70698131760079	94.78859390363814	92.23205506391348	6.391347099311701	0.4916420845624385	6.882989183874139	1017
2022-09-01	Pennsylvania	42129	Westmoreland	Kindergarten	3102	3084	3079	3127	3068	210	11	221	94.11407766990291	93.56796116504853	93.4162621359223	94.872572815534	93.08252427184472	6.371359223300971	0.33373786407767003	6.705097087378641	3296
2022-09-01	Pennsylvania	42129	Westmoreland	7th Grade	3367	3374	3372	3385	3352	239	15	254	95.43650793650791	95.6349206349206	95.57823129251702	95.94671201814059	95.01133786848071	6.77437641723356	0.4251700680272112	7.199546485260772	3528
2022-09-01	Pennsylvania	42129	Westmoreland	12th Grade	3482	3465	3463	3476	3434	237	23	260	96.61487236404001	96.1431742508324	96.0876803551609	96.44839067702547	95.2830188679245	6.576026637069921	0.6381798002219763	7.214206437291898	3604
2022-09-01	Pennsylvania	42129	Westmoreland	Totals	9951	9923	9914	9988	9854	686	49	735	95.42577675489068	95.15726889144611	95.07096279248178	95.78059071729957	94.49558879938627	6.578442654392021	0.46988876102800153	7.048331415420023	10428
2022-09-01	Pennsylvania	42131	Wyoming	Kindergarten	238	239	239	238	239	8	1	9	94.8207171314741	95.21912350597611	95.21912350597611	94.8207171314741	0.3984063745019921	1.1952191235059764	2.7888446215139404	3.984063745019917	251
2022-09-01	Pennsylvania	42131	Wyoming	7th Grade	381	381	381	381	381	19	0	19	95.96977329974811	95.96977329974811	95.96977329974811	95.96977329974811	93.45088161209071	0	1.7632241813602005	1.7632241813602005	397
2022-09-01	Pennsylvania	42131	Wyoming	12th Grade	280	279	279	278	279	6	0	6	99.29078014184401	98.93617021276597	98.93617021276597	98.5815602836879	97.8723404255319	0	NA	0	282
2022-09-01	Pennsylvania	42131	Wyoming	Totals	899	899	899	897	899	33	1	34	96.66666666666667	96.66666666666667	96.66666666666667	96.45161290322581	96.66666666666667	3.5483870967741935	0.10752688172043011	3.6559139784946235	930
2022-09-01	Pennsylvania	42133	York	Kindergarten	4991	4982	4958	5009	4931	211	12	223	95.21175123998471	95.04006104540251	94.58222052651661	95.55513162914922	94.06714994276992	4.025181228538719	0.228920259442961	4.25410148798168	5242
2022-09-01	Pennsylvania	42133	York	7th Grade	5450	5430	5435	5443	5406	279	53	332	95.8663148636763	95.51451187335091	95.60246262093231	95.7431838170624	95.09234828496041	4.907651715039581	0.9322779243623572	5.839929639401937	5685
2022-09-01	Pennsylvania	42133	York	12th Grade	5237	5214	5232	5236	5189	248	100	348	97.614165890028	97.1854613233924	97.52096924510721	97.5955265610438	96.71947809878839	4.622553588070831	1.86393289841566	6.486486486486491	5365
2022-09-01	Pennsylvania	42133	York	Totals	15678	15626	15625	15688	15526	738	165	903	96.2312791554137	95.91210410017186	95.90596611834029	96.29265897372943	95.29830591701449	4.529830591701448	1.0127670022096735	5.542597593911122	16292
2023-09-01	Pennsylvania	42001	Adams	Kindergarten	965	961	958	974	948	45	4	49	94.7937131630648	94.40078585461691	94.10609037328089	95.67779960707271	93.12377210216107	4.420432220039291	0.3929273084479371	4.813359528487228	1018
2023-09-01	Pennsylvania	42001	Adams	7th Grade	1101	1101	1099	1104	1097	62	10	72	95.65595134665512	95.65595134665512	95.4821894005213	95.91659426585582	95.30842745438753	5.386620330147702	0.8688097306689843	6.2554300608166855	1151
2023-09-01	Pennsylvania	42001	Adams	12th Grade	1234	1227	1227	1225	1217	81	10	91	98.40510366826159	97.84688995215309	97.84688995215309	97.68740031897931	97.0494417862839	6.459330143540672	0.7974481658692181	7.25677830940989	1254
2023-09-01	Pennsylvania	42001	Adams	Totals	3300	3289	3284	3303	3262	188	24	212	96.40666082383873	96.08530528775927	95.93923458954134	96.4943032427695	95.29652351738241	5.492258252994449	0.7011393514461	6.193397604440549	3423
2023-09-01	Pennsylvania	42003	Allegheny	Kindergarten	11576	11564	11563	11708	11505	430	32	462	94.47482249245081	94.37688729290792	94.3687260262793	95.55210968742351	93.8953725618216	3.509344650289721	0.261160532114584	3.7705051824043054	12253
2023-09-01	Pennsylvania	42003	Allegheny	7th Grade	11422	11400	11430	11443	11369	462	104	566	96.8951476077367	96.7085171360706	96.9630132337971	97.07329487614518	96.4455378350865	3.9192399049881206	0.8822531387852053	4.801493043773325	11788
2023-09-01	Pennsylvania	42003	Allegheny	12th Grade	11609	11578	11608	11640	11522	536	88	624	96.59677150940259	96.33882509568978	96.58845065734731	96.85471792311529	95.8728573805958	4.45997670161425	0.7322349808620401	5.192211682476291	12018
2023-09-01	Pennsylvania	42003	Allegheny	Totals	34607	34542	34601	34791	34396	1428	224	1652	95.97326603621842	95.79300590698577	95.95662663967387	96.48354086358468	95.38811392440168	3.9601763776033723	0.6212041376632741	4.5813805152666465	36059
2023-09-01	Pennsylvania	42005	Armstrong	Kindergarten	592	582	579	593	580	59	1	60	92.64475743348981	91.07981220657281	90.61032863849769	92.8012519561815	0.15649452269170605	2.034428794992177	7.668231611893582	9.702660406885759	639
2023-09-01	Pennsylvania	42005	Armstrong	7th Grade	661	662	660	661	659	35	5	40	97.9259259259259	98.07407407407409	97.7777777777778	97.9259259259259	97.6296296296296	5.1851851851851904	0.7407407407407411	5.925925925925931	675
2023-09-01	Pennsylvania	42005	Armstrong	12th Grade	663	661	658	664	659	47	4	51	97.35682819383258	97.0631424375918	96.62261380323048	97.503671071953	96.769456681351	6.901615271659331	0.587371512481645	7.488986784140975	681
2023-09-01	Pennsylvania	42005	Armstrong	Totals	1916	1905	1897	1918	1898	141	10	151	96.04010025062657	95.48872180451127	95.08771929824562	96.14035087719299	95.13784461152882	7.067669172932331	0.5012531328320802	7.568922305764411	1995
2023-09-01	Pennsylvania	42007	Beaver	Kindergarten	1751	1751	1745	1770	1725	143	4	147	91.38830897703548	91.38830897703548	91.07515657620038	92.37995824634662	90.0313152400835	7.463465553235911	0.20876826722338201	7.672233820459293	1916
2023-09-01	Pennsylvania	42007	Beaver	7th Grade	2485	2481	2472	2490	2461	169	11	180	95.94594594594591	95.7915057915058	95.44401544401539	96.13899613899608	95.01930501930501	6.525096525096531	0.4247104247104249	6.9498069498069555	2590
2023-09-01	Pennsylvania	42007	Beaver	12th Grade	2718	2717	2716	2720	2696	203	21	224	95.8054282692986	95.77017976735993	95.73493126542122	95.87592527317591	95.02996122664793	7.155445893549519	0.7402185407120201	7.8956644342615405	2837
2023-09-01	Pennsylvania	42007	Beaver	Totals	6954	6949	6933	6980	6882	515	36	551	94.70243769576467	94.63434563529893	94.41645104180853	95.05651641018657	93.72191202505788	7.013482227972219	0.4902628353533978	7.503745063325616	7343
2023-09-01	Pennsylvania	42009	Bedford	Kindergarten	439	437	436	442	437	26	1	27	94.00428265524631	93.576017130621	93.36188436830842	94.64668094218419	0.21413276231263406	1.4989293361884382	4.496788008565311	5.995717344753749	467
2023-09-01	Pennsylvania	42009	Bedford	7th Grade	471	469	467	469	463	37	0	37	94.19999999999999	93.8	93.4	93.8	92.60000000000001	2.2000000000000006	5.800000000000001	8.000000000000002	500
2023-09-01	Pennsylvania	42009	Bedford	12th Grade	476	474	475	475	472	37	2	39	95.96774193548391	95.5645161290323	95.76612903225812	95.76612903225812	95.16129032258061	7.459677419354842	0.40322580645161316	7.862903225806455	496
2023-09-01	Pennsylvania	42009	Bedford	Totals	1386	1380	1378	1386	1372	100	3	103	94.73684210526316	94.32672590567327	94.19002050580998	94.73684210526316	93.77990430622009	6.83526999316473	0.2050580997949419	7.040328092959672	1463
2023-09-01	Pennsylvania	42011	Berks	Kindergarten	4677	4652	4677	4714	4650	176	15	191	95.06097560975611	94.55284552845531	95.06097560975611	95.8130081300813	94.51219512195121	3.57723577235772	0.3048780487804881	3.8821138211382085	4920
2023-09-01	Pennsylvania	42011	Berks	7th Grade	5113	5131	5132	5132	5083	237	11	248	95.5522332274341	95.888618949729	95.90730704541211	95.90730704541211	94.99159035694261	4.4290786768828205	0.20556905251354904	4.634647729396369	5351
2023-09-01	Pennsylvania	42011	Berks	12th Grade	5228	5245	5257	5256	5189	257	26	283	97.1025260029718	97.41827637444278	97.64115898959878	97.6225854383358	96.37815750371469	4.773402674591391	0.4829123328380391	5.25631500742943	5384
2023-09-01	Pennsylvania	42011	Berks	Totals	15018	15028	15066	15102	14922	670	52	722	95.93101245608432	95.9948898115618	96.23762376237623	96.46758224209518	95.31778984350048	4.279782816991377	0.3321622484829128	4.6119450654742895	15655
2023-09-01	Pennsylvania	42013	Blair	Kindergarten	1122	1117	1119	1122	1112	69	2	71	94.44444444444441	94.02356902356901	94.1919191919192	94.44444444444441	0.16835016835016803	3.0303030303030307	3.9562289562289603	6.9865319865319915	1188
2023-09-01	Pennsylvania	42013	Blair	7th Grade	1332	1331	1331	1334	1320	57	6	63	96.17328519855599	96.10108303249099	96.10108303249099	96.3176895306859	95.30685920577618	4.115523465703971	0.43321299638989214	4.5487364620938635	1385
2023-09-01	Pennsylvania	42013	Blair	12th Grade	1248	1247	1243	1252	1238	55	13	68	97.80564263322879	97.72727272727269	97.4137931034483	98.11912225705332	97.02194357366768	4.31034482758621	1.0188087774294698	5.32915360501568	1276
2023-09-01	Pennsylvania	42013	Blair	Totals	3702	3695	3693	3708	3670	181	21	202	96.180826188620415	95.99896076903092	95.94699922057677	96.33671083398285	95.34944141335411	4.702520135100026	0.5455962587685113	5.248116393868537	3849
2023-09-01	Pennsylvania	42015	Bradford	Kindergarten	625	619	617	627	616	63	1	64	90.711175616836	89.8403483309144	89.5500725689405	91.00145137880992	89.40493468795361	9.14368650217707	0.14513788098693803	9.288824383164009	689
2023-09-01	Pennsylvania	42015	Bradford	7th Grade	718	718	714	724	712	78	4	82	92.5257731958763	92.5257731958763	92.0103092783505	93.29896907216498	91.75257731958762	10.051546391752579	0.5154639175257731	10.567010309278352	776
2023-09-01	Pennsylvania	42015	Bradford	12th Grade	645	634	642	643	636	70	4	74	96.5568862275449	94.91017964071861	96.1077844311377	96.2574850299401	95.20958083832332	10.479041916167672	0.5988023952095811	11.077844311377254	668
2023-09-01	Pennsylvania	42015	Bradford	Totals	1988	1971	1973	1994	1964	211	9	220	93.20206282231598	92.40506329113924	92.49882794186591	93.48335677449602	92.07688701359588	9.892170651664323	0.4219409282700422	10.314111579934364	2133
2023-09-01	Pennsylvania	42017	Bucks	Kindergarten	6023	5997	6014	6089	5969	258	30	288	94.73104749921359	94.32211387228688	94.58949355143132	95.76910978295062	93.88172381251971	4.05787983642655	0.47184649260773803	4.529726329034288	6358
2023-09-01	Pennsylvania	42017	Bucks	7th Grade	7169	7147	7174	7161	7103	309	84	393	96.50020191142819	96.20406515008752	96.5675057208238	96.3925158163952	95.61179162740609	4.159375420648812	1.1307039978462803	5.2900794184950914	7429
2023-09-01	Pennsylvania	42017	Bucks	12th Grade	7824	7790	7856	7825	7738	280	80	360	96.98772777984381	96.56625759266147	97.38440560307431	97.00012396181981	95.921656129912	3.4709309532663903	0.9916945580761122	4.462625511342503	8067
2023-09-01	Pennsylvania	42017	Bucks	Totals	21016	20934	21044	21075	20810	847	194	1041	96.16546170037522	95.79024434886063	96.29358469845337	96.43543516061133	95.2228425002288	3.8757206918641898	0.887709343827217	4.763430035691407	21854
2023-09-01	Pennsylvania	42019	Butler	Kindergarten	1723	1719	1708	1734	1711	96	6	102	94.931129476584	94.71074380165291	94.1046831955923	95.5371900826446	94.26997245179061	5.28925619834711	0.33057851239669406	5.619834710743804	1815
2023-09-01	Pennsylvania	42019	Butler	7th Grade	1899	1887	1887	1891	1872	147	6	153	96.0546282245827	95.44764795144161	95.44764795144161	95.6499747091553	94.68892261001521	7.435508345978758	0.30349013657056106	7.738998482549319	1977
2023-09-01	Pennsylvania	42019	Butler	12th Grade	2054	2052	2048	2064	2040	189	12	201	97.16177861873228	97.06717123935672	96.87795648060549	97.6348155156102	96.4995269631031	8.940397350993383	0.5676442762535481	9.50804162724693	2114
2023-09-01	Pennsylvania	42019	Butler	Totals	5676	5658	5643	5689	5623	432	24	456	96.10565526583136	95.8008804605486	95.54690145614629	96.32577040298003	95.20826278360988	7.314595326786319	0.4063664070436844	7.720961733830003	5906
2023-09-01	Pennsylvania	42021	Cambria	Kindergarten	1183	1179	1183	1196	1181	43	3	46	95.7119741100324	95.3883495145631	95.7119741100324	96.76375404530741	0.2427184466019421	2.508090614886734	1.860841423948221	4.368932038834955	1236
2023-09-01	Pennsylvania	42021	Cambria	7th Grade	1330	1328	1327	1329	1319	49	4	53	98.15498154981552	98.0073800738007	97.93357933579338	98.08118081180811	97.34317343173429	3.616236162361621	0.29520295202952	3.9114391143911407	1355
2023-09-01	Pennsylvania	42021	Cambria	12th Grade	1295	1293	1293	1295	1286	38	3	41	99.08186687069627	98.928844682479	98.928844682479	99.08186687069627	98.3932670237184	2.907421576128541	0.22953328232593706	3.1369548584544784	1307
2023-09-01	Pennsylvania	42021	Cambria	Totals	3808	3800	3803	3820	3786	130	10	140	97.69112365315546	97.48589020010262	97.56285274499743	97.99897383273473	97.12673165726014	3.3350436121087736	0.2565418163160595	3.591585428424833	3898
2023-09-01	Pennsylvania	42023	Cameron	Kindergarten	33	33	32	33	32	6	0	6	86.84210526315793	86.84210526315793	84.21052631578951	86.84210526315793	15.789473684210506	0	NA	0	38
2023-09-01	Pennsylvania	42023	Cameron	7th Grade	46	46	46	46	46	2	0	2	100	100	100	100	86.95652173913041	0	13.043478260869602	13.043478260869602	46
2023-09-01	Pennsylvania	42023	Cameron	12th Grade	40	40	40	40	39	2	0	2	100	100	100	100	95	0	NA	0	40
2023-09-01	Pennsylvania	42023	Cameron	Totals	119	119	118	119	117	10	0	10	95.96774193548387	95.96774193548387	95.16129032258064	95.96774193548387	94.35483870967742	8.064516129032258	0	8.064516129032258	124
2023-09-01	Pennsylvania	42025	Carbon	Kindergarten	440	435	433	439	429	26	3	29	94.42060085836911	93.34763948497849	92.91845493562228	94.20600858369099	92.06008583690992	5.579399141630912	0.6437768240343352	6.223175965665247	466
2023-09-01	Pennsylvania	42025	Carbon	7th Grade	495	496	495	496	494	31	1	32	96.86888454011739	97.0645792563601	96.86888454011739	97.0645792563601	96.67318982387482	6.06653620352251	0.19569471624266105	6.262230919765171	511
2023-09-01	Pennsylvania	42025	Carbon	12th Grade	612	609	605	610	604	20	13	33	97.29729729729729	96.82034976152619	96.1844197138315	96.9793322734499	96.0254372019078	3.1796502384737697	2.066772655007951	5.2464228934817205	629
2023-09-01	Pennsylvania	42025	Carbon	Totals	1547	1540	1533	1545	1527	77	17	94	96.32627646326276	95.89041095890411	95.45454545454545	96.20174346201743	95.08094645080946	4.794520547945205	1.0585305105853051	5.853051058530511	1606
2023-09-01	Pennsylvania	42027	Centre	Kindergarten	931	929	925	935	922	84	1	85	95.7818930041152	95.5761316872428	95.16460905349791	96.1934156378601	94.85596707818931	8.641975308641982	0.10288065843621402	8.744855967078196	972
2023-09-01	Pennsylvania	42027	Centre	7th Grade	1004	1004	1008	1005	1001	92	0	92	91.3557779799818	91.3557779799818	91.71974522292992	91.44676979071879	91.0828025477707	7.097361237488622	2.3657870791628803	9.463148316651502	1099
2023-09-01	Pennsylvania	42027	Centre	12th Grade	1101	1105	1074	1100	1086	70	2	72	95.15989628349179	95.50561797752809	92.82627484874678	95.07346585998272	93.8634399308557	6.050129645635272	0.17286084701815005	6.222990492653421	1157
2023-09-01	Pennsylvania	42027	Centre	Totals	3036	3038	3007	3040	3009	246	3	249	94.05204460966543	94.11400247831475	93.1536555142503	94.17596034696406	93.21561338289963	7.620817843866171	0.09293680297397769	7.713754646840148	3228
2023-09-01	Pennsylvania	42029	Chester	Kindergarten	6012	5987	5985	6046	5947	219	24	243	95.12658227848101	94.7310126582279	94.69936708860762	95.6645569620253	94.09810126582282	3.46518987341772	0.3797468354430381	3.8449367088607582	6320
2023-09-01	Pennsylvania	42029	Chester	7th Grade	7451	7399	7430	7441	7358	306	32	338	96.44059021485891	95.76753818275951	96.16878074035722	96.31115713176288	95.2368625420657	3.9606523427388005	0.41418586590732615	4.374838208646127	7726
2023-09-01	Pennsylvania	42029	Chester	12th Grade	8364	8347	8359	8349	7992	363	47	410	97.6304423952375	97.43200653671059	97.57207890743548	97.45535193183139	93.28819890276637	4.237189214427451	0.5486167853390922	4.785805999766543	8567
2023-09-01	Pennsylvania	42029	Chester	Totals	21827	21733	21774	21836	21297	888	103	991	96.52412329191174	96.10843320214036	96.28974483704064	96.56392340688984	94.18033874320082	3.9269446778401806	0.4554902047494804	4.382434882589661	22613
2023-09-01	Pennsylvania	42031	Clarion	Kindergarten	393	392	392	403	392	16	2	18	93.12796208530811	92.89099526066352	92.89099526066352	95.4976303317536	0.47393364928910026	2.132701421800951	2.1327014218009506	4.265402843601901	422
2023-09-01	Pennsylvania	42031	Clarion	7th Grade	442	439	439	440	437	37	1	38	94.2430703624733	93.60341151385931	93.60341151385931	93.81663113006398	93.1769722814499	7.889125799573561	0.2132196162046911	8.102345415778252	469
2023-09-01	Pennsylvania	42031	Clarion	12th Grade	435	433	432	433	432	17	4	21	98.1941309255079	97.74266365688491	97.51693002257339	97.74266365688491	97.29119638826178	3.3860045146726905	1.35440180586907	4.740406320541761	443
2023-09-01	Pennsylvania	42031	Clarion	Totals	1270	1264	1263	1276	1261	70	7	77	95.2023988005997	94.75262368815592	94.67766116941529	95.65217391304348	94.52773613193403	5.247376311844078	0.5247376311844077	5.772113943028486	1334
2023-09-01	Pennsylvania	42033	Clearfield	Kindergarten	767	766	764	773	761	52	2	54	93.6507936507937	93.52869352869348	93.28449328449331	94.38339438339439	92.91819291819289	6.34920634920635	0.24420024420024408	6.593406593406594	819
2023-09-01	Pennsylvania	42033	Clearfield	7th Grade	862	860	854	865	846	68	6	74	95.8843159065628	95.66184649610679	94.99443826473862	96.21802002224689	94.10456062291432	7.56395995550611	0.6674082313681872	8.231368186874297	899
2023-09-01	Pennsylvania	42033	Clearfield	12th Grade	905	897	897	902	891	61	18	79	98.9071038251366	98.03278688524588	98.03278688524588	98.57923497267758	97.3770491803279	6.6666666666666705	1.9672131147541003	8.63387978142077	915
2023-09-01	Pennsylvania	42033	Clearfield	Totals	2534	2523	2515	2540	2498	181	26	207	96.24003038359287	95.82225598176984	95.51842005317128	96.46790733004178	94.87276870489936	6.874287884542347	0.9874667679453095	7.861754652487656	2633
2023-09-01	Pennsylvania	42035	Clinton	Kindergarten	294	291	291	294	289	11	0	11	97.35099337748339	96.35761589403968	96.35761589403968	97.35099337748339	1.6556291390728501	1.9867549668874203	1.9867549668874205	3.9735099337748405	302
2023-09-01	Pennsylvania	42035	Clinton	7th Grade	324	325	324	325	325	32	3	35	91.0112359550562	91.2921348314607	91.0112359550562	91.2921348314607	89.88764044943821	7.022471910112365	2.8089887640449405	9.831460674157306	356
2023-09-01	Pennsylvania	42035	Clinton	12th Grade	365	358	366	367	364	8	4	12	97.3333333333333	95.4666666666667	97.6	97.86666666666669	97.06666666666669	2.1333333333333404	1.0666666666666702	3.200000000000011	375
2023-09-01	Pennsylvania	42035	Clinton	Totals	983	974	981	986	978	51	7	58	95.15972894482091	94.28848015488867	94.96611810261375	95.45014520813166	94.675701839303	4.937076476282672	0.6776379477250726	5.614714424007745	1033
2023-09-01	Pennsylvania	42037	Columbia	Kindergarten	683	680	679	685	672	21	0	21	97.0170454545455	96.59090909090911	96.4488636363636	97.30113636363639	1.27840909090909	2.6988636363636336	1.7045454545454501	4.403409090909084	704
2023-09-01	Pennsylvania	42037	Columbia	7th Grade	730	727	733	725	728	25	2	27	98.3827493261456	97.9784366576819	98.7870619946092	97.70889487870618	98.1132075471698	3.3692722371967703	0.26954177897574105	3.6388140161725118	742
2023-09-01	Pennsylvania	42037	Columbia	12th Grade	823	819	823	821	808	29	13	42	98.7995198079232	98.3193277310924	98.7995198079232	98.55942376950782	96.9987995198079	3.481392557022811	1.56062424969988	5.042016806722691	833
2023-09-01	Pennsylvania	42037	Columbia	Totals	2236	2226	2235	2231	2208	75	15	90	98.11320754716981	97.67441860465117	98.06932865291795	97.89381307591049	96.88459850811759	3.290917068889864	0.6581834137779728	3.949100482667837	2279
2023-09-01	Pennsylvania	42039	Crawford	Kindergarten	529	526	530	532	525	33	4	37	93.29805996472659	92.7689594356261	93.4744268077601	93.82716049382721	92.5925925925926	5.820105820105821	0.7054673721340392	6.525573192239861	567
2023-09-01	Pennsylvania	42039	Crawford	7th Grade	566	561	563	565	560	57	2	59	92.93924466338261	92.1182266009852	92.44663382594419	92.77504105090311	91.95402298850568	9.35960591133005	0.32840722495894914	9.688013136289	609
2023-09-01	Pennsylvania	42039	Crawford	12th Grade	598	596	597	591	585	41	6	47	97.0779220779221	96.75324675324678	96.9155844155844	95.94155844155841	94.96753246753251	6.655844155844161	0.974025974025974	7.629870129870135	616
2023-09-01	Pennsylvania	42039	Crawford	Totals	1693	1683	1690	1688	1670	131	12	143	94.47544642857143	93.91741071428571	94.30803571428571	94.19642857142857	93.19196428571429	7.310267857142857	0.6696428571428571	7.979910714285714	1792
2023-09-01	Pennsylvania	42041	Cumberland	Kindergarten	2546	2526	2541	2564	2528	90	6	96	95.46306711661042	94.7131608548931	95.27559055118111	96.137982752156	94.7881514810649	3.3745781777277806	0.22497187851518605	3.5995500562429665	2667
2023-09-01	Pennsylvania	42041	Cumberland	7th Grade	2794	2796	2802	2809	2784	136	20	156	95.32582736267491	95.39406345957012	95.59877175025589	95.8375980893893	94.9846468781986	4.640054588877511	0.682360968952576	5.322415557830087	2931
2023-09-01	Pennsylvania	42041	Cumberland	12th Grade	2755	2755	2754	2745	2741	78	29	107	96.93877551020408	96.93877551020408	96.90358902181559	96.58691062631951	96.44616467276568	2.7445460942997904	1.0204081632653104	3.7649542575651003	2842
2023-09-01	Pennsylvania	42041	Cumberland	Totals	8095	8077	8097	8118	8053	304	55	359	95.91232227488152	95.69905213270142	95.93601895734596	96.18483412322274	95.41469194312796	3.6018957345971563	0.6516587677725119	4.253554502369668	8440
2023-09-01	Pennsylvania	42043	Dauphin	Kindergarten	3775	3754	3715	3841	3686	298	16	314	89.3279697113109	88.83104590629438	87.90818741126361	90.88973024136301	87.22195929957411	7.051585423568382	0.378608613345954	7.430194036914337	4226
2023-09-01	Pennsylvania	42043	Dauphin	7th Grade	5770	5760	5793	5825	5751	489	33	522	92.15780226800831	91.99808337326309	92.5251557259224	93.03625618910718	91.85433636799229	7.810253953042646	0.5270723526593202	8.337326305701966	6261
2023-09-01	Pennsylvania	42043	Dauphin	12th Grade	6322	6334	6368	6367	6301	414	39	453	94.28784489187171	94.46681580909771	94.9739000745712	94.958985831469107	93.9746457867263	6.174496644295303	0.58165548098434	6.756152125279643	6705
2023-09-01	Pennsylvania	42043	Dauphin	Totals	15867	15848	15876	16033	15738	1201	88	1289	92.29292694276408	92.18241042345277	92.34527687296416	93.25849232201024	91.5425779432294	6.985807352256864	0.5118659841786878	7.497673336435551	17192
2023-09-01	Pennsylvania	42045	Delaware	Kindergarten	6164	6125	6129	6243	6108	124	16	140	94.7141979102643	94.11493546404431	94.1763982790412	95.9280885064536	93.8537185003073	1.9053472649047374	0.24585125998770702	2.151198524892444	6508
2023-09-01	Pennsylvania	42045	Delaware	7th Grade	6996	6965	6987	6988	6956	138	18	156	96.2575674188222	95.83104017611448	96.13373692900387	96.147495872317	95.7072096862961	1.8987341772151893	0.247660979636764	2.1463951568519533	7268
2023-09-01	Pennsylvania	42045	Delaware	12th Grade	6786	6786	6821	6811	6764	144	28	172	97.69651598042037	97.69651598042037	98.20040310970339	98.0564353584797	97.37978692772819	2.0731356176216607	0.4031097034264322	2.4762453210480926	6946
2023-09-01	Pennsylvania	42045	Delaware	Totals	19946	19876	19937	20042	19828	406	62	468	96.25518772319275	95.91738249203745	96.21175562204421	96.71846346877714	95.68574461924524	1.9592703407007046	0.2991989190232603	2.258469259723965	20722
2023-09-01	Pennsylvania	42047	Elk	Kindergarten	262	261	261	262	261	11	1	12	95.970695970695985	95.6043956043956	95.6043956043956	95.970695970695985	0.3663003663003661	3.663003663003667	0.7326007326007331	4.3956043956044	273
2023-09-01	Pennsylvania	42047	Elk	7th Grade	315	315	315	315	314	4	0	4	99.05660377358487	99.05660377358487	99.05660377358487	99.05660377358487	98.74213836477989	0.9433962264150941	0.3144654088050311	1.2578616352201253	318
2023-09-01	Pennsylvania	42047	Elk	12th Grade	280	281	280	280	280	8	3	11	98.2456140350877	98.5964912280702	98.2456140350877	98.2456140350877	98.5964912280702	0.35087719298245607	1.7543859649122806	2.1052631578947367	285
2023-09-01	Pennsylvania	42047	Elk	Totals	857	857	856	857	855	23	4	27	97.8310502283105	97.8310502283105	97.71689497716895	97.8310502283105	97.6027397260274	2.625570776255708	0.45662100456621	3.0821917808219177	876
2023-09-01	Pennsylvania	42049	Erie	Kindergarten	2585	2587	2596	2611	2574	133	10	143	94.4809941520468	94.55409356725151	94.8830409356725	95.43128654970758	94.07894736842111	4.861111111111111	0.36549707602339215	5.226608187134502	2736
2023-09-01	Pennsylvania	42049	Erie	7th Grade	2827	2818	2834	2823	2819	193	15	208	96.3859529491988	96.0790998977156	96.62461643368567	96.24957381520629	96.11319468121378	6.580293215138091	0.5114217524718719	7.091714967609963	2933
2023-09-01	Pennsylvania	42049	Erie	12th Grade	2660	2662	2675	2669	2639	129	19	148	96.34190510684529	96.4143426294821	96.8851865266208	96.6678739587106	95.5813111191597	4.672220210068811	0.688156465048895	5.360376675117705	2761
2023-09-01	Pennsylvania	42049	Erie	Totals	8072	8067	8105	8103	8032	455	44	499	95.7532621589561	95.69395017793595	96.14472123368921	96.12099644128114	95.27876631079478	5.397390272835112	0.5219454329774614	5.919335705812574	8430
2023-09-01	Pennsylvania	42051	Fayette	Kindergarten	1175	1171	1170	1182	1170	78	2	80	93.70015948963318	93.38118022328551	93.3014354066986	94.25837320574159	93.3014354066986	6.220095693779903	0.15948963317384401	6.379585326953746	1254
2023-09-01	Pennsylvania	42051	Fayette	7th Grade	1280	1264	1271	1280	1268	98	6	104	98.4615384615385	97.2307692307692	97.7692307692308	98.4615384615385	97.53846153846149	7.538461538461542	0.4615384615384621	8.000000000000004	1300
2023-09-01	Pennsylvania	42051	Fayette	12th Grade	1076	1072	1072	1072	1060	60	8	68	98.8062442607897	98.43893480257118	98.43893480257118	98.43893480257118	97.3370064279155	5.50964187327823	0.7346189164370982	6.244260789715328	1089
2023-09-01	Pennsylvania	42051	Fayette	Totals	3531	3507	3513	3534	3498	236	16	252	96.92561076036233	96.26681306615427	96.4315124897063	97.00796047213835	96.01976393082624	6.478177326379358	0.43919846280538016	6.917375789184738	3643
2023-09-01	Pennsylvania	42053	Forest	Kindergarten	22	22	22	22	21	0	0	0	100	100	100	100	95.45454545454551	0	NA	0	22
2023-09-01	Pennsylvania	42053	Forest	7th Grade	26	26	26	26	26	2	0	2	89.65517241379308	89.65517241379308	89.65517241379308	89.65517241379308	89.65517241379308	0	3.448275862068971	3.448275862068971	29
2023-09-01	Pennsylvania	42053	Forest	12th Grade	32	32	32	32	31	1	0	1	100	100	100	100	96.875	0	3.125000000000001	3.125000000000001	32
2023-09-01	Pennsylvania	42053	Forest	Totals	80	80	80	80	78	3	0	3	96.3855421686747	96.3855421686747	96.3855421686747	96.3855421686747	93.97590361445783	3.6144578313253013	0	3.6144578313253013	83
2023-09-01	Pennsylvania	42055	Franklin	Kindergarten	1426	1417	1419	1454	1320	94	7	101	92.9595827900913	92.37288135593222	92.503259452412	94.78487614080842	86.04954367666231	6.127770534550191	0.45632333767927014	6.584093872229461	1534
2023-09-01	Pennsylvania	42055	Franklin	7th Grade	1589	1581	1583	1591	1553	121	10	131	95.09275882704969	94.6140035906643	94.73369239976059	95.21244763614601	92.93836026331542	7.241172950329141	0.5984440454817471	7.839616995810888	1671
2023-09-01	Pennsylvania	42055	Franklin	12th Grade	1784	1771	1802	1808	1769	114	72	186	95.29914529914532	94.60470085470091	96.2606837606838	96.58119658119656	94.49786324786322	6.089743589743592	3.84615384615385	9.935897435897441	1872
2023-09-01	Pennsylvania	42055	Franklin	Totals	4799	4769	4804	4853	4642	329	89	418	94.52432538900926	93.93342525113256	94.62280874532205	95.58794563718732	91.43194800078787	6.480204845381131	1.75300374236754	8.23320858774867	5077
2023-09-01	Pennsylvania	42057	Fulton	Kindergarten	145	141	142	144	141	16	2	18	90.0621118012422	87.57763975155282	88.1987577639752	89.44099378881991	1.2422360248447204	7.453416149068322	4.347826086956521	11.80124223602484	161
2023-09-01	Pennsylvania	42057	Fulton	7th Grade	147	147	147	146	146	11	2	13	94.23076923076921	94.23076923076921	94.23076923076921	93.5897435897436	91.02564102564101	7.051282051282051	1.2820512820512802	8.333333333333332	156
2023-09-01	Pennsylvania	42057	Fulton	12th Grade	139	139	138	139	136	20	0	20	95.2054794520548	95.2054794520548	94.52054794520551	95.2054794520548	93.15068493150679	11.643835616438363	4.10958904109589	15.753424657534254	146
2023-09-01	Pennsylvania	42057	Fulton	Totals	431	427	427	429	423	47	4	51	93.08855291576674	92.22462203023758	92.22462203023758	92.65658747300216	91.36069114470843	10.151187904967603	0.8639308855291576	11.01511879049676	463
2023-09-01	Pennsylvania	42059	Greene	Kindergarten	315	315	316	317	315	8	1	9	96.92307692307688	96.92307692307688	97.2307692307692	97.53846153846149	0.30769230769230804	2.4615384615384577	0.30769230769230804	2.7692307692307656	325
2023-09-01	Pennsylvania	42059	Greene	7th Grade	346	348	343	348	342	14	0	14	96.91876750700278	97.47899159663869	96.078431372549	97.47899159663869	95.7983193277311	3.081232492997194	1.40056022408964	4.481792717086834	357
2023-09-01	Pennsylvania	42059	Greene	12th Grade	326	325	325	326	323	12	2	14	97.8978978978979	97.5975975975976	97.5975975975976	97.8978978978979	96.99699699699697	3.6036036036036023	0.600600600600601	4.204204204204204	333
2023-09-01	Pennsylvania	42059	Greene	Totals	987	988	984	991	980	34	3	37	97.24137931034483	97.33990147783251	96.94581280788178	97.63546798029557	96.55172413793103	3.3497536945812807	0.2955665024630542	3.645320197044335	1015
2023-09-01	Pennsylvania	42061	Huntingdon	Kindergarten	318	317	317	320	317	14	0	14	94.9253731343284	94.62686567164181	94.62686567164181	95.5223880597015	3.2835820895522407	1.4925373134328375	0.8955223880597022	2.3880597014925398	335
2023-09-01	Pennsylvania	42061	Huntingdon	7th Grade	375	375	374	375	373	21	0	21	96.89922480620149	96.89922480620149	96.640826873385	96.89922480620149	96.3824289405685	2.583979328165377	3.10077519379845	5.684754521963827	387
2023-09-01	Pennsylvania	42061	Huntingdon	12th Grade	443	442	440	442	435	16	0	16	99.5505617977528	99.3258426966292	98.876404494382	99.3258426966292	97.75280898876396	2.4719101123595517	1.57303370786517	4.044943820224722	445
2023-09-01	Pennsylvania	42061	Huntingdon	Totals	1136	1134	1131	1137	1125	51	0	51	97.34361610968294	97.17223650385604	96.91516709511568	97.4293059125964	96.40102827763496	4.370179948586118	0	4.370179948586118	1167
2023-09-01	Pennsylvania	42063	Indiana	Kindergarten	594	587	583	608	581	52	2	54	92.95774647887319	91.8622848200313	91.23630672926448	95.1486697965571	0.31298904538341205	5.007824726134585	3.7558685446009403	8.763693270735525	639
2023-09-01	Pennsylvania	42063	Indiana	7th Grade	660	657	652	657	651	55	2	57	94.42060085836911	93.9914163090129	93.27610872675251	93.9914163090129	90.414878397710993	5.579399141630904	2.7181688125894112	8.297567954220316	699
2023-09-01	Pennsylvania	42063	Indiana	12th Grade	671	671	668	673	662	41	5	46	96.4080459770115	96.4080459770115	95.97701149425289	96.69540229885061	95.1149425287356	5.890804597701152	0.7183908045977011	6.609195402298853	696
2023-09-01	Pennsylvania	42063	Indiana	Totals	1925	1915	1903	1938	1894	148	9	157	94.64110127826942	94.14945919370697	93.55948869223205	95.28023598820059	93.11701081612586	7.276302851524091	0.4424778761061947	7.7187807276302856	2034
2023-09-01	Pennsylvania	42065	Jefferson	Kindergarten	315	315	315	316	314	10	0	10	96.33027522935781	96.33027522935781	96.33027522935781	96.63608562691131	1.2232415902140699	1.529051987767587	1.8348623853211004	3.363914373088687	327
2023-09-01	Pennsylvania	42065	Jefferson	7th Grade	319	313	315	314	315	48	0	48	88.12154696132599	86.46408839779009	87.01657458563538	86.7403314917127	86.18784530386743	0.5524861878453041	12.1546961325967	12.707182320442003	362
2023-09-01	Pennsylvania	42065	Jefferson	12th Grade	372	370	370	370	370	5	0	5	98.15303430079157	97.6253298153034	97.6253298153034	97.6253298153034	97.6253298153034	1.31926121372032	0.5277044854881272	1.846965699208447	379
2023-09-01	Pennsylvania	42065	Jefferson	Totals	1006	998	1000	1000	999	63	0	63	94.19475655430712	93.44569288389513	93.63295880149813	93.63295880149813	93.53932584269663	5.898876404494382	0	5.898876404494382	1068
2023-09-01	Pennsylvania	42067	Juniata	Kindergarten	174	173	171	178	171	21	1	22	89.2307692307692	88.71794871794872	87.69230769230772	91.28205128205131	0.5128205128205131	8.2051282051282	4.61538461538462	12.820512820512821	195
2023-09-01	Pennsylvania	42067	Juniata	7th Grade	198	196	194	200	187	33	1	34	89.18918918918921	88.2882882882883	87.38738738738743	90.09009009009009	84.23423423423418	14.864864864864852	0.45045045045045	15.315315315315301	222
2023-09-01	Pennsylvania	42067	Juniata	12th Grade	215	214	215	215	214	22	1	23	95.1327433628319	94.69026548672569	95.1327433628319	95.1327433628319	94.69026548672569	9.734513274336281	0.44247787610619504	10.176991150442477	226
2023-09-01	Pennsylvania	42067	Juniata	Totals	587	583	580	593	572	76	3	79	91.29082426127528	90.6687402799378	90.20217729393468	92.2239502332815	88.95800933125972	11.81959564541213	0.4665629860031104	12.28615863141524	643
2023-09-01	Pennsylvania	42069	Lackawanna	Kindergarten	2014	2012	2010	2030	2003	45	6	51	96.455938697318	96.36015325670499	96.264367816092	97.22222222222219	0.28735632183908005	2.9214559386973207	1.14942528735632	4.070881226053641	2088
2023-09-01	Pennsylvania	42069	Lackawanna	7th Grade	2317	2309	2311	2305	2295	49	8	57	98.63771817794809	98.29714772243511	98.3822903363133	98.12686249467859	97.7011494252874	2.0859940400170305	0.3405704555129841	2.4265644955300143	2349
2023-09-01	Pennsylvania	42069	Lackawanna	12th Grade	2263	2251	2270	2255	2246	49	10	59	98.5627177700348	98.0400696864111	98.86759581881532	98.2142857142857	97.8222996515679	2.134146341463413	0.4355400696864111	2.5696864111498243	2296
2023-09-01	Pennsylvania	42069	Lackawanna	Totals	6594	6572	6591	6590	6544	143	24	167	97.93554136343383	97.60879251448091	97.89098470221298	97.87613248180602	97.19293034308629	2.12386751819397	0.3564532897668201	2.48032080796079	6733
2023-09-01	Pennsylvania	42071	Lancaster	Kindergarten	4894	4871	4869	4994	4779	463	15	478	90.91584618242618	90.4885751439718	90.4514211406279	92.77354634961922	88.7794909901542	8.601151774103661	0.2786550250789521	8.879806799182614	5383
2023-09-01	Pennsylvania	42071	Lancaster	7th Grade	6087	6036	6071	6097	5948	968	42	1010	88.5639458751637	87.82191182889571	88.33115088025608	88.70944274698091	86.54153935690381	14.084097191910384	0.611086861632475	14.69518405354286	6873
2023-09-01	Pennsylvania	42071	Lancaster	12th Grade	5335	5311	5331	5322	5198	381	90	471	96.49122807017537	96.057153192259	96.41888225718941	96.25610417797068	94.0133839754024	6.890938686923501	1.6277807921866505	8.518719479110151	5529
2023-09-01	Pennsylvania	42071	Lancaster	Totals	16316	16218	16271	16413	15925	1812	147	1959	91.74023053134664	91.1892043857183	91.48720832161935	92.28563396120326	89.54174866460501	10.188360978352545	0.8265392184425078	11.014900196795052	17785
2023-09-01	Pennsylvania	42073	Lawrence	Kindergarten	853	847	852	855	850	52	5	57	94.67258601553831	94.00665926748061	94.5615982241953	94.8945615982242	94.33962264150941	5.771365149833521	0.5549389567147611	6.326304106548282	901
2023-09-01	Pennsylvania	42073	Lawrence	7th Grade	930	919	919	927	918	65	5	70	96.875	95.72916666666671	95.72916666666671	96.5625	95.625	6.770833333333341	0.5208333333333333	7.291666666666674	960
2023-09-01	Pennsylvania	42073	Lawrence	12th Grade	815	815	817	822	811	37	11	48	98.4299516908213	98.4299516908213	98.67149758454109	99.2753623188406	97.9468599033816	4.468599033816421	1.3285024154589404	5.797101449275361	828
2023-09-01	Pennsylvania	42073	Lawrence	Totals	2598	2581	2588	2604	2579	154	21	175	96.61584232056526	95.98363703979174	96.24395686128672	96.83897359613239	95.90925994793604	5.72703607288955	0.7809594644849387	6.507995537374488	2689
2023-09-01	Pennsylvania	42075	Lebanon	Kindergarten	1294	1287	1277	1295	1271	96	4	100	92.8930366116296	92.39052404881551	91.6726489590811	92.96482412060301	91.2419239052405	6.891600861450112	0.2871500358937551	7.178750897343866	1393
2023-09-01	Pennsylvania	42075	Lebanon	7th Grade	1580	1574	1578	1570	1560	112	9	121	93.6018957345972	93.24644549763029	93.48341232227489	93.00947867298581	92.41706161137442	6.63507109004739	0.5331753554502373	7.168246445497628	1688
2023-09-01	Pennsylvania	42075	Lebanon	12th Grade	1435	1427	1432	1430	1407	84	11	95	95.28552456839311	94.75431606905711	95.0863213811421	94.95351925630811	93.42629482071709	5.577689243027891	0.730411686586985	6.308100929614876	1506
2023-09-01	Pennsylvania	42075	Lebanon	Totals	4309	4288	4287	4295	4238	292	24	316	93.93939393939394	93.4815783736647	93.4597776324395	93.63418356224112	92.39154131240463	6.365816437758884	0.5232177894048398	6.889034227163724	4587
2023-09-01	Pennsylvania	42077	Lehigh	Kindergarten	4339	4346	4392	4410	4358	162	14	176	94.75868093470189	94.9115527407731	95.9161388949552	96.3092378248526	95.173618694038	3.5378903690762207	0.305743612142389	3.84363398121861	4579
2023-09-01	Pennsylvania	42077	Lehigh	7th Grade	4246	4242	4262	4243	4245	141	11	152	96.5	96.40909090909089	96.86363636363639	96.43181818181819	96.47727272727269	3.2045454545454506	0.25000000000000006	3.4545454545454506	4400
2023-09-01	Pennsylvania	42077	Lehigh	12th Grade	4166	4160	4173	4165	4124	152	26	178	97.72460708421299	97.58386113065922	97.88881069669249	97.7011494252874	96.7393854093361	3.56556415669717	0.60989913206662	4.17546328876379	4263
2023-09-01	Pennsylvania	42077	Lehigh	Totals	12751	12748	12827	12818	12727	455	51	506	96.29210089110406	96.269445703066	96.8660323214016	96.79806675728742	96.11085938679958	3.4360368524392086	0.3851381966470322	3.8211750490862406	13242
2023-09-01	Pennsylvania	42079	Luzerne	Kindergarten	3452	3448	3460	3503	3442	71	9	80	95.01789154968351	94.90778970547763	95.2380952380952	96.4216900633086	94.74263693916869	1.9543077346545603	0.24772914946325406	2.202036884117814	3633
2023-09-01	Pennsylvania	42079	Luzerne	7th Grade	3557	3548	3551	3558	3515	93	10	103	96.3434452871073	96.09967497291437	96.18093174431202	96.37053087757309	95.2058504875406	2.5189599133261154	0.2708559046587221	2.7898158179848376	3692
2023-09-01	Pennsylvania	42079	Luzerne	12th Grade	3352	3326	3358	3359	3329	61	16	77	98.4145625366999	97.65120375807399	98.59072225484441	98.6200822078685	97.7392836171462	1.7909571344685853	0.46975924838520317	2.2607163828537886	3406
2023-09-01	Pennsylvania	42079	Luzerne	Totals	10361	10322	10369	10420	10286	225	35	260	96.55204547572454	96.18861243127388	96.62659584381697	97.1018544404063	95.85313577485789	2.096729102599944	0.32615786040443573	2.42288696300438	10731
2023-09-01	Pennsylvania	42081	Lycoming	Kindergarten	1137	1138	1130	1140	1130	39	5	44	96.60152931180971	96.68649107901439	96.00679694137638	96.85641461342398	96.00679694137638	3.3135089209855564	0.42480883602378905	3.7383177570093453	1177
2023-09-01	Pennsylvania	42081	Lycoming	7th Grade	1110	1108	1110	1109	1106	74	4	78	96.10389610389608	95.93073593073589	96.10389610389608	96.01731601731599	95.75757575757581	6.406926406926411	0.3463203463203461	6.753246753246758	1155
2023-09-01	Pennsylvania	42081	Lycoming	12th Grade	1171	1167	1168	1172	1165	51	12	63	97.66472060050042	97.3311092577148	97.4145120934112	97.74812343619679	97.16430358632189	4.253544620517091	1.0008340283569601	5.2543786488740505	1199
2023-09-01	Pennsylvania	42081	Lycoming	Totals	3418	3413	3408	3421	3401	164	21	185	96.79977343528745	96.65817048994619	96.51656754460492	96.88473520249221	96.31832342112716	4.64457660719343	0.594732370433305	5.2393089776267345	3531
2023-09-01	Pennsylvania	42083	McKean	Kindergarten	366	362	364	362	365	10	0	10	93.12977099236639	92.1119592875318	92.62086513994912	92.1119592875318	1.7811704834605604	6.10687022900763	0.7633587786259541	6.870229007633585	393
2023-09-01	Pennsylvania	42083	McKean	7th Grade	443	442	441	439	439	19	2	21	97.79249448123618	97.57174392935981	97.35099337748339	96.90949227373069	96.90949227373069	4.194260485651221	0.44150110375275897	4.63576158940398	453
2023-09-01	Pennsylvania	42083	McKean	12th Grade	419	419	419	419	419	18	0	18	98.5882352941176	98.5882352941176	98.5882352941176	98.5882352941176	97.64705882352939	2.1176470588235285	2.1176470588235308	4.23529411764706	425
2023-09-01	Pennsylvania	42083	McKean	Totals	1228	1223	1224	1220	1223	47	2	49	96.61683713611329	96.22344610542879	96.30212431156569	95.9874114870181	96.22344610542879	3.6978756884343036	0.15735641227380015	3.855232100708104	1271
2023-09-01	Pennsylvania	42085	Mercer	Kindergarten	984	977	979	991	975	60	4	64	93.8931297709924	93.22519083969469	93.41603053435111	94.5610687022901	93.0343511450382	5.725190839694662	0.38167938931297707	6.106870229007639	1048
2023-09-01	Pennsylvania	42085	Mercer	7th Grade	1040	1032	1032	1038	1023	73	4	77	94.8905109489051	94.16058394160581	94.16058394160581	94.70802919708031	93.33941605839419	6.66058394160584	0.3649635036496351	7.025547445255476	1096
2023-09-01	Pennsylvania	42085	Mercer	12th Grade	1023	1020	1023	1024	1012	47	11	58	97.52144899904668	97.23546234509058	97.52144899904668	97.61677788369877	96.47283126787421	4.480457578646327	1.0486177311725504	5.529075309818877	1049
2023-09-01	Pennsylvania	42085	Mercer	Totals	3047	3029	3034	3053	3010	180	19	199	95.4274976511118	94.86376448481052	95.02035703100532	95.61540870654557	94.26871280927028	5.637331663012841	0.5950516755402443	6.232383338553085	3193
2023-09-01	Pennsylvania	42087	Mifflin	Kindergarten	376	378	378	384	378	16	1	17	95.67430025445293	96.18320610687019	96.18320610687019	97.70992366412212	0.2544529262086511	1.7811704834605642	3.0534351145038197	4.834605597964384	393
2023-09-01	Pennsylvania	42087	Mifflin	7th Grade	366	366	363	366	354	52	1	53	87.7697841726619	87.7697841726619	87.05035971223019	87.7697841726619	84.89208633093531	12.470023980815354	0.23980815347721804	12.709832134292572	417
2023-09-01	Pennsylvania	42087	Mifflin	12th Grade	357	356	358	361	355	15	4	19	97.01086956521739	96.7391304347826	97.28260869565219	98.0978260869565	96.46739130434781	5.163043478260871	1.0869565217391304	6.250000000000002	368
2023-09-01	Pennsylvania	42087	Mifflin	Totals	1099	1100	1099	1111	1087	83	6	89	93.2937181663837	93.3786078098472	93.2937181663837	94.31239388794567	92.27504244482174	7.045840407470289	0.5093378607809848	7.555178268251273	1178
2023-09-01	Pennsylvania	42089	Monroe	Kindergarten	1472	1491	1477	1501	1414	123	8	131	90.80814312152991	91.98025909932139	91.1165946946329	92.59716224552751	87.2301048735349	7.587908698334362	0.49352251696483723	8.081431215299201	1621
2023-09-01	Pennsylvania	42089	Monroe	7th Grade	1840	1835	1846	1848	1835	93	4	97	95.6340956340956	95.3742203742204	95.94594594594591	96.04989604989609	95.3742203742204	4.833679833679831	0.207900207900208	5.041580041580039	1924
2023-09-01	Pennsylvania	42089	Monroe	12th Grade	2061	2025	2060	2069	2024	193	12	205	97.44680851063828	95.7446808510638	97.39952718676119	97.82505910165479	95.6973995271868	9.125295508274233	0.5673758865248231	9.692671394799056	2115
2023-09-01	Pennsylvania	42089	Monroe	Totals	5373	5351	5383	5418	5273	409	24	433	94.92932862190813	94.54063604240282	95.10600706713781	95.7243816254417	93.16254416961131	7.226148409893993	0.42402826855123676	7.65017667844523	5660
2023-09-01	Pennsylvania	42091	Montgomery	Kindergarten	9493	9476	9476	9573	9356	349	29	378	95.3782779061589	95.2074751331257	95.2074751331257	96.18205566160961	94.0018084999498	3.5064804581533204	0.29136943635084905	3.7978498945041697	9953
2023-09-01	Pennsylvania	42091	Montgomery	7th Grade	10772	10771	10806	10813	10707	354	43	397	97.54595671466089	97.53690120438291	97.85384406411299	97.917232636059	96.95734854659058	3.2056506384134704	0.389386941954179	3.5950375803676495	11043
2023-09-01	Pennsylvania	42091	Montgomery	12th Grade	11254	11267	11293	11280	11158	384	111	495	97.64011799410028	97.75290647232339	97.9784834287697	97.86569495054658	96.80721846260629	3.3315981259760603	0.9630400832899532	4.294638209266013	11526
2023-09-01	Pennsylvania	42091	Montgomery	Totals	31519	31514	31575	31666	31221	1087	183	1270	96.91593382940779	96.90055962117951	97.08812496156447	97.3679355513191	95.99963101900252	3.3423528688272555	0.5626960211549106	3.905048889982166	32522
2023-09-01	Pennsylvania	42093	Montour	Kindergarten	179	178	179	180	179	2	0	2	98.8950276243094	98.3425414364641	98.8950276243094	99.4475138121547	1.1049723756906102	0	0.552486187845304	0.552486187845304	181
2023-09-01	Pennsylvania	42093	Montour	7th Grade	187	190	190	191	190	12	0	12	94.9238578680203	96.44670050761418	96.44670050761418	96.95431472081219	93.90862944162438	1.0152284263959404	2.5380710659898504	3.553299492385791	197
2023-09-01	Pennsylvania	42093	Montour	12th Grade	174	168	171	171	171	8	0	8	98.3050847457627	94.91525423728811	96.61016949152538	96.61016949152538	95.4802259887006	9.039548022598872	2.8248587570621506	11.864406779661023	177
2023-09-01	Pennsylvania	42093	Montour	Totals	540	536	540	542	540	22	0	22	97.29729729729729	96.57657657657657	97.29729729729729	97.65765765765765	97.29729729729729	3.963963963963964	0	3.963963963963964	555
2023-09-01	Pennsylvania	42095	Northampton	Kindergarten	3009	3005	3021	3035	3008	138	13	151	94.77165354330711	94.6456692913386	95.14960629921259	95.5905511811024	94.740157480315	4.3464566929133905	0.40944881889763807	4.7559055118110285	3175
2023-09-01	Pennsylvania	42095	Northampton	7th Grade	3483	3471	3482	3483	3467	160	20	180	96.85761957730809	96.52391546162399	96.8298109010011	96.85761957730809	96.412680756396	4.44938820912124	0.5561735261401561	5.005561735261397	3596
2023-09-01	Pennsylvania	42095	Northampton	12th Grade	3258	3237	3259	3258	3222	170	42	212	97.3991031390135	96.7713004484305	97.42899850523168	97.3991031390135	96.322869955157	5.08221225710015	1.25560538116592	6.3378176382660705	3345
2023-09-01	Pennsylvania	42095	Northampton	Totals	9750	9713	9762	9776	9697	468	75	543	96.38196915776987	96.01621194147884	96.5005931198102	96.6389877421906	95.8580466587584	4.6263345195729535	0.741399762752076	5.36773428232503	10116
2023-09-01	Pennsylvania	42097	Northumberland	Kindergarten	880	872	878	893	874	56	6	62	92.534174553102	91.6929547844374	92.3238696109359	93.9011566771819	91.9032597266036	5.888538380651952	0.6309148264984232	6.5194532071503755	951
2023-09-01	Pennsylvania	42097	Northumberland	7th Grade	966	960	960	967	952	75	2	77	93.15332690453229	92.57473481195761	92.57473481195761	93.2497589199614	91.80327868852459	7.232401157184181	0.192864030858245	7.425265188042426	1037
2023-09-01	Pennsylvania	42097	Northumberland	12th Grade	959	958	954	959	948	34	8	42	97.55849440488299	97.45676500508648	97.04984740590031	97.55849440488299	96.43947100712109	3.4587995930824023	0.81383519837233	4.272634791454732	983
2023-09-01	Pennsylvania	42097	Northumberland	Totals	2805	2790	2792	2819	2774	165	16	181	94.41265567149108	93.90777515987882	93.97509256142713	94.88387748232918	93.36923594749243	5.55368562773477	0.5385392123864019	6.092224840121172	2971
2023-09-01	Pennsylvania	42099	Perry	Kindergarten	394	394	395	395	395	14	0	14	96.3325183374083	96.3325183374083	96.5770171149144	96.5770171149144	96.5770171149144	3.4229828850855704	1.22249388753056	4.645476772616131	409
2023-09-01	Pennsylvania	42099	Perry	7th Grade	504	491	500	503	496	62	7	69	91.6363636363636	89.27272727272731	90.90909090909088	91.45454545454551	90.1818181818182	11.27272727272727	1.27272727272727	12.54545454545454	550
2023-09-01	Pennsylvania	42099	Perry	12th Grade	443	433	436	432	430	24	10	34	98.0088495575221	95.79646017699109	96.46017699115039	95.57522123893813	95.1327433628319	5.309734513274341	2.2123893805309707	7.522123893805312	452
2023-09-01	Pennsylvania	42099	Perry	Totals	1341	1318	1331	1330	1321	100	17	117	95.03897944720056	93.40892983699504	94.33026222537208	94.25939050318922	93.62154500354359	7.087172218284905	1.2048192771084338	8.291991495393338	1411
2023-09-01	Pennsylvania	42101	Philadelphia	Kindergarten	14333	14311	14361	14607	14158	365	31	396	94.27124440936598	94.12654564588271	94.45540647198109	96.07340173638521	93.12023151802158	2.4006840305182906	0.20389371218100505	2.6045777426992958	15204
2023-09-01	Pennsylvania	42101	Philadelphia	7th Grade	15029	15005	15050	15029	14701	218	40	258	97.35069309496048	97.19523254307548	97.4867210778598	97.35069309496048	95.2260655525327	1.412100012955046	0.25910091980826505	1.6712009327633113	15438
2023-09-01	Pennsylvania	42101	Philadelphia	12th Grade	13382	13201	13402	13395	13278	181	63	244	96.9920997318258	95.6802203377546	97.13705878089438	97.08632311372038	96.23831267666878	1.3118793940711742	0.4566210045662102	1.7685003986373844	13797
2023-09-01	Pennsylvania	42101	Philadelphia	Totals	42744	42517	42813	43031	42137	764	134	898	96.1857827583879	95.67497018384752	96.34105177884291	96.83161187245437	94.8198654335156	1.719210603298904	0.30153693827493866	2.0207475415738427	44439
2023-09-01	Pennsylvania	42103	Pike	Kindergarten	419	415	415	420	413	65	1	66	87.6569037656904	86.82008368200842	86.82008368200842	87.86610878661091	86.4016736401674	13.598326359832633	0.209205020920502	13.807531380753137	478
2023-09-01	Pennsylvania	42103	Pike	7th Grade	498	497	497	499	495	49	2	51	92.910447761194	92.7238805970149	92.7238805970149	93.0970149253731	92.3507462686567	9.14179104477612	0.37313432835820903	9.514925373134329	536
2023-09-01	Pennsylvania	42103	Pike	12th Grade	587	590	600	588	594	40	8	48	93.6204146730462	94.0988835725678	95.6937799043062	93.7799043062201	94.73684210526318	6.37958532695374	1.2759170653907503	7.6555023923444905	627
2023-09-01	Pennsylvania	42103	Pike	Totals	1504	1502	1512	1507	1502	154	11	165	91.65143205362584	91.52955514929921	92.13893967093236	91.83424741011578	91.52955514929921	9.384521633150518	0.6703229737964655	10.054844606946984	1641
2023-09-01	Pennsylvania	42105	Potter	Kindergarten	142	141	142	143	142	9	0	9	92.2077922077922	91.5584415584416	92.2077922077922	92.8571428571429	3.2467532467532507	2.5974025974026	2.5974025974026005	5.1948051948052	154
2023-09-01	Pennsylvania	42105	Potter	7th Grade	175	172	174	175	175	7	0	7	97.7653631284916	96.08938547486031	97.2067039106145	97.7653631284916	92.73743016759781	5.5865921787709505	1.11731843575419	6.703910614525141	179
2023-09-01	Pennsylvania	42105	Potter	12th Grade	162	161	160	160	156	8	0	8	98.18181818181819	97.57575757575759	96.96969696969697	96.96969696969697	96.36363636363639	6.0606060606060606	1.21212121212121	7.272727272727271	165
2023-09-01	Pennsylvania	42105	Potter	Totals	479	474	476	478	473	24	0	24	96.18473895582329	95.18072289156626	95.58232931726907	95.9839357429719	94.97991967871486	4.819277108433735	0	4.819277108433735	498
2023-09-01	Pennsylvania	42107	Schuylkill	Kindergarten	1294	1292	1289	1307	1286	41	0	41	95.6393200295639	95.49150036954921	95.269770879527	96.60014781966001	95.0480413895048	2.882483370288253	1.1086474501108603	3.991130820399113	1353
2023-09-01	Pennsylvania	42107	Schuylkill	7th Grade	1470	1468	1466	1468	1462	41	2	43	97.22222222222219	97.08994708994712	96.95767195767199	97.08994708994712	96.6931216931217	2.7116402116402107	0.13227513227513205	2.843915343915343	1512
2023-09-01	Pennsylvania	42107	Schuylkill	12th Grade	1529	1524	1526	1531	1521	47	1	48	97.6996805111821	97.3801916932907	97.50798722044732	97.8274760383387	97.1884984025559	3.00319488817891	0.06389776357827481	3.067092651757185	1565
2023-09-01	Pennsylvania	42107	Schuylkill	Totals	4293	4284	4281	4306	4269	129	3	132	96.90744920993228	96.70428893905192	96.63656884875847	97.20090293453724	96.36568848758465	2.9119638826185104	0.06772009029345373	2.979683972911964	4430
2023-09-01	Pennsylvania	42109	Snyder	Kindergarten	308	302	301	308	301	35	3	38	91.1242603550296	89.34911242603549	89.05325443786978	91.1242603550296	0.8875739644970413	1.1834319526627202	9.171597633136093	10.355029585798814	338
2023-09-01	Pennsylvania	42109	Snyder	7th Grade	347	348	342	350	339	34	1	35	93.7837837837838	94.0540540540541	92.43243243243239	94.5945945945946	91.6216216216216	9.18918918918919	0.2702702702702701	9.45945945945946	370
2023-09-01	Pennsylvania	42109	Snyder	12th Grade	409	409	404	408	399	30	5	35	95.78454332552691	95.78454332552691	94.61358313817331	95.5503512880562	93.44262295081971	7.02576112412178	1.1709601873536302	8.19672131147541	427
2023-09-01	Pennsylvania	42109	Snyder	Totals	1064	1059	1047	1066	1039	99	9	108	93.74449339207048	93.30396475770925	92.2466960352423	93.92070484581498	91.54185022026432	8.722466960352422	0.7929515418502202	9.515418502202643	1135
2023-09-01	Pennsylvania	42111	Somerset	Kindergarten	652	651	649	660	647	43	3	46	93.9481268011527	93.80403458213259	93.5158501440922	95.10086455331411	93.22766570605191	6.195965417867441	0.43227665706051893	6.62824207492796	694
2023-09-01	Pennsylvania	42111	Somerset	7th Grade	628	627	628	631	625	63	3	66	90.35971223021579	90.2158273381295	90.35971223021579	90.79136690647479	89.92805755395679	9.064748201438842	0.43165467625899306	9.496402877697834	695
2023-09-01	Pennsylvania	42111	Somerset	12th Grade	659	659	659	658	659	36	4	40	96.2043795620438	96.2043795620438	96.2043795620438	96.05839416058389	96.2043795620438	5.2554744525547505	0.5839416058394162	5.839416058394166	685
2023-09-01	Pennsylvania	42111	Somerset	Totals	1939	1937	1936	1949	1931	142	10	152	93.49083895853423	93.39440694310511	93.34619093539055	93.97299903567985	93.10511089681775	6.846673095467695	0.4821600771456123	7.328833172613308	2074
2023-09-01	Pennsylvania	42113	Sullivan	Kindergarten	47	47	47	46	47	1	0	1	100	100	100	97.8723404255319	2.12765957446809	0	NA	0	47
2023-09-01	Pennsylvania	42113	Sullivan	7th Grade	46	46	46	46	46	1	1	2	97.8723404255319	97.8723404255319	97.8723404255319	97.8723404255319	97.8723404255319	2.12765957446809	2.12765957446809	4.25531914893618	47
2023-09-01	Pennsylvania	42113	Sullivan	12th Grade	43	43	43	43	41	1	0	1	100	100	100	100	95.34883720930229	0	NA	0	43
2023-09-01	Pennsylvania	42113	Sullivan	Totals	136	136	136	135	134	3	1	4	99.27007299270073	99.27007299270073	99.27007299270073	98.54014598540147	97.81021897810218	2.18978102189781	0.7299270072992701	2.9197080291970803	137
2023-09-01	Pennsylvania	42115	Susquehanna	Kindergarten	395	395	397	403	397	35	0	35	91.2240184757506	91.2240184757506	91.6859122401848	93.07159353348732	4.6189376443418	1.8475750577367203	3.4642032332563506	5.31177829099307	433
2023-09-01	Pennsylvania	42115	Susquehanna	7th Grade	478	478	478	478	467	28	3	31	98.15195071868578	98.15195071868578	98.15195071868578	98.15195071868578	95.89322381930181	5.74948665297741	0.616016427104723	6.365503080082133	487
2023-09-01	Pennsylvania	42115	Susquehanna	12th Grade	412	413	410	413	402	18	7	25	97.16981132075469	97.4056603773585	96.69811320754721	97.4056603773585	94.811320754717	4.245283018867931	1.6509433962264204	5.896226415094351	424
2023-09-01	Pennsylvania	42115	Susquehanna	Totals	1285	1286	1285	1294	1266	81	10	91	95.61011904761905	95.68452380952381	95.61011904761905	96.2797619047619	94.19642857142857	6.026785714285714	0.7440476190476191	6.770833333333333	1344
2023-09-01	Pennsylvania	42117	Tioga	Kindergarten	368	365	366	364	364	17	1	18	93.87755102040822	93.1122448979592	93.3673469387755	92.8571428571429	92.8571428571429	4.336734693877551	0.255102040816327	4.591836734693878	392
2023-09-01	Pennsylvania	42117	Tioga	7th Grade	416	410	416	417	414	30	2	32	88.3227176220807	87.0488322717622	88.3227176220807	88.5350318471338	87.8980891719745	6.3694267515923615	0.42462845010615713	6.7940552016985185	471
2023-09-01	Pennsylvania	42117	Tioga	12th Grade	322	319	320	321	318	17	5	22	88.46153846153851	87.63736263736261	87.91208791208793	88.18681318681318	93.4065934065934	11.538461538461569	3.296703296703301	14.83516483516487	364
2023-09-01	Pennsylvania	42117	Tioga	Totals	1106	1094	1102	1102	1096	64	8	72	90.13854930725347	89.16055419722902	89.81255093724532	89.81255093724532	89.32355338223309	5.215973920130399	0.6519967400162999	5.8679706601467	1227
2023-09-01	Pennsylvania	42119	Union	Kindergarten	247	247	246	247	246	21	2	23	91.48148148148151	91.48148148148151	91.1111111111111	91.48148148148151	0.7407407407407411	2.5925925925925917	5.92592592592593	8.51851851851852	270
2023-09-01	Pennsylvania	42119	Union	7th Grade	322	322	322	324	322	22	3	25	91.47727272727269	91.47727272727269	91.47727272727269	92.0454545454545	88.9204545454545	3.69318181818182	2.8409090909090904	6.534090909090911	352
2023-09-01	Pennsylvania	42119	Union	12th Grade	262	261	261	260	257	13	3	16	97.39776951672859	97.0260223048327	97.0260223048327	96.65427509293679	95.53903345724912	4.832713754646841	1.1152416356877302	5.947955390334571	269
2023-09-01	Pennsylvania	42119	Union	Totals	831	830	829	831	825	56	8	64	93.26599326599326	93.15375982042649	93.04152637485971	93.26599326599326	92.5925925925926	6.285072951739618	0.8978675645342312	7.18294051627385	891
2023-09-01	Pennsylvania	42121	Venango	Kindergarten	505	494	494	511	491	25	3	28	94.9248120300752	92.8571428571429	92.8571428571429	96.05263157894738	92.29323308270678	4.699248120300751	0.5639097744360901	5.263157894736841	532
2023-09-01	Pennsylvania	42121	Venango	7th Grade	610	611	612	611	611	39	8	47	95.4616588419405	95.6181533646322	95.77464788732391	95.6181533646322	92.48826291079808	4.694835680751181	4.068857589984351	8.763693270735532	639
2023-09-01	Pennsylvania	42121	Venango	12th Grade	616	618	616	616	614	25	1	26	97.007874015748	97.3228346456693	97.007874015748	97.007874015748	96.69291338582678	3.937007874015751	0.15748031496063006	4.0944881889763804	635
2023-09-01	Pennsylvania	42121	Venango	Totals	1731	1723	1722	1738	1716	89	12	101	95.84717607973423	95.40420819490586	95.34883720930233	96.23477297895903	95.01661129568106	4.9280177187153935	0.6644518272425249	5.592469545957918	1806
2023-09-01	Pennsylvania	42123	Warren	Kindergarten	300	300	301	301	301	9	0	9	96.77419354838712	96.77419354838712	97.09677419354838	97.09677419354838	97.09677419354838	1.2903225806451615	1.9354838709677402	3.2258064516129017	310
2023-09-01	Pennsylvania	42123	Warren	7th Grade	377	376	377	376	376	36	0	36	93.0864197530864	92.8395061728395	93.0864197530864	92.8395061728395	91.35802469135801	0	0.9876543209876543	0.9876543209876543	405
2023-09-01	Pennsylvania	42123	Warren	12th Grade	346	344	345	345	343	18	0	18	97.7401129943503	97.17514124293793	97.45762711864408	97.45762711864408	96.89265536723158	2.8248587570621453	2.5423728813559303	5.367231638418076	354
2023-09-01	Pennsylvania	42123	Warren	Totals	1023	1020	1023	1022	1020	63	0	63	95.69691300280635	95.41627689429373	95.69691300280635	95.60336763330216	95.41627689429373	5.893358278765201	0	5.893358278765201	1069
2023-09-01	Pennsylvania	42125	Washington	Kindergarten	2084	2081	2092	2105	2081	91	6	97	94.6842344388914	94.54793275783742	95.0477055883689	95.6383462062699	94.54793275783742	4.13448432530668	0.2726033621081331	4.407087687414813	2201
2023-09-01	Pennsylvania	42125	Washington	7th Grade	2026	2024	2023	2021	2012	108	10	118	96.0644855381698	95.96965386439071	95.9222380275012	95.8274063537221	95.4006638217165	5.120910384068281	0.47415836889521124	5.595068752963492	2109
2023-09-01	Pennsylvania	42125	Washington	12th Grade	2043	2022	2032	2038	2024	94	16	110	97.3784556720686	96.3775023832221	96.8541468064824	97.1401334604385	96.47283126787421	4.48045757864633	0.7626310772163971	5.243088655862728	2098
2023-09-01	Pennsylvania	42125	Washington	Totals	6153	6127	6147	6164	6117	293	32	325	96.02059925093633	95.61485642946317	95.92696629213484	96.19225967540574	95.45880149812734	4.572409488139825	0.4993757802746567	5.071785268414482	6408
2023-09-01	Pennsylvania	42127	Wayne	Kindergarten	317	311	315	325	314	37	0	37	87.56906077348073	85.9116022099447	87.01657458563538	89.77900552486192	6.353591160220989	5.248618784530391	3.8674033149171305	9.116022099447521	362
2023-09-01	Pennsylvania	42127	Wayne	7th Grade	347	337	336	333	334	37	0	37	98.300283286119	95.46742209631732	95.18413597733712	94.3342776203966	94.61756373937682	6.79886685552408	4.815864022662891	11.614730878186972	353
2023-09-01	Pennsylvania	42127	Wayne	12th Grade	284	282	283	285	282	25	3	28	95.94594594594591	95.2702702702703	95.6081081081081	96.28378378378379	95.2702702702703	8.445945945945953	1.0135135135135103	9.459459459459463	296
2023-09-01	Pennsylvania	42127	Wayne	Totals	948	930	934	943	930	99	3	102	93.76854599406528	91.98813056379822	92.3837784371909	93.27398615232443	91.98813056379822	9.792284866468842	0.29673590504451036	10.089020771513352	1011
2023-09-01	Pennsylvania	42129	Westmoreland	Kindergarten	3173	3157	3152	3204	3146	220	13	233	93.0225740252125	92.5535033714453	92.40691879214309	93.9313984168865	92.2310172969804	6.449721489299331	0.3811199061858691	6.8308413954852	3411
2023-09-01	Pennsylvania	42129	Westmoreland	7th Grade	3382	3380	3377	3391	3364	229	17	246	95.53672316384181	95.4802259887006	95.39548022598872	95.79096045197743	95.02824858757059	6.468926553672322	0.4802259887005651	6.949152542372888	3540
2023-09-01	Pennsylvania	42129	Westmoreland	12th Grade	3416	3414	3403	3421	3371	273	21	294	94.78357380688122	94.72807991120979	94.42286348501669	94.92230854605991	93.534961154273	7.5749167591564905	0.5826859045504992	8.157602663706989	3604
2023-09-01	Pennsylvania	42129	Westmoreland	Totals	9971	9951	9932	10016	9881	722	51	773	94.46707721459025	94.27759355755566	94.09758408337281	94.89341544291806	93.61440075793463	6.840360018948366	0.48318332543818093	7.323543344386547	10555
2023-09-01	Pennsylvania	42131	Wyoming	Kindergarten	175	171	173	179	172	11	0	11	93.08510638297871	90.9574468085106	92.02127659574467	95.2127659574468	5.851063829787232	1.5957446808510607	1.5957446808510602	3.1914893617021214	188
2023-09-01	Pennsylvania	42131	Wyoming	7th Grade	215	216	219	218	219	16	0	16	93.4782608695652	93.91304347826089	95.21739130434781	94.7826086956522	91.7391304347826	0	3.0434782608695707	3.0434782608695707	230
2023-09-01	Pennsylvania	42131	Wyoming	12th Grade	260	260	259	261	260	9	1	10	97.7443609022556	97.7443609022556	97.3684210526316	98.12030075187971	97.3684210526316	4.511278195488721	0.37593984962406	4.887218045112781	266
2023-09-01	Pennsylvania	42131	Wyoming	Totals	650	647	651	658	651	36	1	37	95.02923976608187	94.5906432748538	95.17543859649123	96.19883040935673	95.17543859649123	5.2631578947368425	0.14619883040935672	5.409356725146199	684
2023-09-01	Pennsylvania	42133	York	Kindergarten	4709	4701	4710	4771	4680	195	27	222	94.90124949617089	94.74002418379688	94.92140266021771	96.1507456670697	94.31680773881502	3.929866989117291	0.5441354292623942	4.474002418379685	4962
2023-09-01	Pennsylvania	42133	York	7th Grade	5475	5467	5470	5466	5431	316	36	352	95.8676238837331	95.72754333741904	95.7800735422868	95.71003326912971	95.0971808790054	5.533181579408161	0.6303624584135882	6.163544037821749	5711
2023-09-01	Pennsylvania	42133	York	12th Grade	5226	5215	5221	5194	5177	257	94	351	96.83157309616448	96.62775616083009	96.7389290346489	96.23865110246427	95.92366129331111	4.761904761904761	1.74170835649435	6.503613118399111	5397
2023-09-01	Pennsylvania	42133	York	Totals	15410	15383	15401	15431	15288	768	157	925	95.89296826384567	95.72495332918481	95.83696328562539	96.02364654635967	95.13378967019291	4.7790914747977595	0.9769757311761046	5.7560672059738645	16070
2024-09-01	Pennsylvania	42001	Adams	Kindergarten	915	908	913	923	911	57	1	58	93.0824008138352	92.37029501525942	92.87894201424213	93.89623601220751	92.67548321464906	5.798575788402848	0.10172939979654118	5.90030518819939	983
2024-09-01	Pennsylvania	42001	Adams	7th Grade	1078	1073	1073	1078	1069	82	7	89	94.39579684763572	93.95796847635728	93.95796847635728	94.39579684763572	93.60770577933451	7.1803852889667255	0.6129597197898423	7.793345008756567	1142
2024-09-01	Pennsylvania	42001	Adams	12th Grade	1303	1302	1300	1299	1286	100	9	109	97.67616191904048	97.60119940029985	97.4512743628186	97.37631184407796	96.40179910044976	7.496251874062969	0.6746626686656673	8.170914542728635	1334
2024-09-01	Pennsylvania	42001	Adams	Totals	3296	3283	3286	3300	3266	239	17	256	95.28765539173172	94.9118242266551	94.99855449551893	95.40329575021683	94.42035270309339	6.9095114194854	0.491471523561723	7.400982943047123	3459
2024-09-01	Pennsylvania	42003	Allegheny	Kindergarten	11519	11488	11491	11650	11287	458	42	500	94.28664975034789	94.03290496848655	94.05746091511827	95.35892608660063	92.38765654415978	3.7488745191127117	0.34378325284439715	4.092657771957109	12217
2024-09-01	Pennsylvania	42003	Allegheny	7th Grade	11484	11467	11522	11484	11437	499	63	562	96.57724329324698	96.43427802539736	96.89681271549911	96.57724329324698	96.18198637625095	4.196451097468673	0.529812463207468	4.726263560676141	11891
2024-09-01	Pennsylvania	42003	Allegheny	12th Grade	11920	11852	11888	11905	11786	653	121	774	96.74539404269132	96.19349078808537	96.48567486405324	96.6236506777047	95.6578199821443	5.2998944890836786	0.9820631442253062	6.281957633308984	12321
2024-09-01	Pennsylvania	42003	Allegheny	Totals	34923	34807	34901	35039	34510	1610	226	1836	95.86593098904719	95.54750336270554	95.80553954267205	96.18435861538885	94.73221883664114	4.4195558483625685	0.6203848582173543	5.039940706579922	36429
2024-09-01	Pennsylvania	42005	Armstrong	Kindergarten	602	603	602	611	601	27	2	29	95.10268562401266	95.26066350710902	95.10268562401266	96.52448657187995	94.94470774091627	4.265402843601895	0.3159557661927331	4.581358609794628	633
2024-09-01	Pennsylvania	42005	Armstrong	7th Grade	663	661	659	660	658	71	2	73	91.07142857142856	90.7967032967033	90.52197802197803	90.65934065934069	90.38461538461537	9.752747252747254	0.27472527472527475	10.027472527472527	728
2024-09-01	Pennsylvania	42005	Armstrong	12th Grade	697	694	695	697	692	50	3	53	95.34883720930235	94.93844049247605	95.0752393980848	95.34883720930235	94.66484268125858	6.839945280437757	0.4103967168262653	7.250341997264022	731
2024-09-01	Pennsylvania	42005	Armstrong	Totals	1962	1958	1956	1968	1951	148	7	155	93.78585086042065	93.59464627151051	93.49904397705545	94.07265774378585	93.26003824091778	7.074569789674952	0.33460803059273425	7.409177820267686	2092
2024-09-01	Pennsylvania	42007	Beaver	Kindergarten	1712	1716	1698	1738	1692	139	5	144	92.2911051212938	92.50673854447439	91.53638814016172	93.69272237196766	91.21293800539082	7.493261455525607	0.2695417789757411	7.762803234501348	1855
2024-09-01	Pennsylvania	42007	Beaver	7th Grade	2381	2392	2397	2387	2395	179	8	187	92.97149550956657	93.4010152284264	93.59625146427176	93.20577899258102	93.51815696993361	6.98945724326435	0.31237797735259665	7.301835220616947	2561
2024-09-01	Pennsylvania	42007	Beaver	12th Grade	2663	2655	2659	2662	2644	200	15	215	94.03248587570621	93.75	93.89124293785311	93.99717514124295	93.36158192090397	7.0621468926553685	0.5296610169491525	7.591807909604521	2832
2024-09-01	Pennsylvania	42007	Beaver	Totals	6756	6763	6754	6787	6731	518	28	546	93.21192052980132	93.30849889624724	93.18432671081678	93.6396247240618	92.86699779249449	7.1467991169977925	0.38631346578366443	7.533112582781457	7248
2024-09-01	Pennsylvania	42009	Bedford	Kindergarten	391	390	386	394	385	18	1	19	96.54320987654319	96.29629629629626	95.30864197530865	97.28395061728395	0.24691358024691362	2.4691358024691357	2.222222222222222	4.6913580246913575	405
2024-09-01	Pennsylvania	42009	Bedford	7th Grade	483	479	480	488	478	46	2	48	93.7864077669903	93.00970873786409	93.20388349514563	94.75728155339806	92.81553398058252	8.932038834951454	0.38834951456310673	9.32038834951456	515
2024-09-01	Pennsylvania	42009	Bedford	12th Grade	475	475	475	475	470	30	3	33	97.33606557377047	97.33606557377047	97.33606557377047	97.33606557377047	96.31147540983605	6.147540983606557	0.6147540983606558	6.762295081967213	488
2024-09-01	Pennsylvania	42009	Bedford	Totals	1349	1344	1341	1357	1333	94	6	100	95.8096590909091	95.45454545454545	95.24147727272727	96.3778409090909	94.67329545454545	6.676136363636363	0.42613636363636365	7.1022727272727275	1408
2024-09-01	Pennsylvania	42011	Berks	Kindergarten	4597	4546	4579	4637	4553	189	20	209	94.92050381994632	93.86743753871568	94.54883336774726	95.7464381581664	94.01197604790418	3.9025397480900272	0.4129671691100558	4.315506917200083	4843
2024-09-01	Pennsylvania	42011	Berks	7th Grade	5277	5266	5304	5303	5255	313	16	329	95.63247553461399	95.43312794490758	96.12178325480247	96.10366074664734	95.23378035520118	5.672345052555273	0.2899601304820586	5.962305183037332	5518
2024-09-01	Pennsylvania	42011	Berks	12th Grade	5392	5371	5412	5398	5351	237	27	264	97.69885848885667	97.31835477441564	98.0612429788005	97.80757383583983	96.95597028447183	4.294256205834391	0.48921906142417126	4.783475267258562	5519
2024-09-01	Pennsylvania	42011	Berks	Totals	15266	15183	15295	15338	15159	739	63	802	96.13350125944585	95.61083123425692	96.316120906801	96.58690176322418	95.45969773299748	4.653652392947103	0.3967254408060453	5.050377833753148	15880
2024-09-01	Pennsylvania	42013	Blair	Kindergarten	1048	1045	1042	1060	1044	69	3	72	92.57950530035338	92.31448763250886	92.04946996466431	93.63957597173145	0.26501766784452296	3.8869257950530036	4.151943462897528	8.03886925795053	1132
2024-09-01	Pennsylvania	42013	Blair	7th Grade	1269	1270	1269	1270	1266	81	3	84	95.41353383458646	95.48872180451129	95.41353383458646	95.48872180451129	95.18796992481205	6.090225563909776	0.22556390977443605	6.3157894736842115	1330
2024-09-01	Pennsylvania	42013	Blair	12th Grade	1248	1247	1249	1250	1243	35	12	47	98.03613511390415	97.95758051846033	98.11468970934801	98.19324430479182	97.64336213668498	2.7494108405341704	0.9426551453260015	3.692065985860172	1273
2024-09-01	Pennsylvania	42013	Blair	Totals	3565	3562	3560	3580	3553	185	18	203	95.44846050870147	95.36813922356092	95.31459170013387	95.85006693440428	95.12717536813922	4.953145917001339	0.4819277108433735	5.435073627844712	3735
2024-09-01	Pennsylvania	42015	Bradford	Kindergarten	612	609	607	615	605	58	4	62	90.13254786450663	89.69072164948456	89.39617083946982	90.57437407952872	89.10162002945509	8.541973490427097	0.5891016200294552	9.131075110456553	679
2024-09-01	Pennsylvania	42015	Bradford	7th Grade	713	709	712	717	710	81	1	82	91.2932138284251	90.78104993597952	91.16517285531371	91.80537772087067	90.9090909090909	10.37131882202305	0.1280409731113957	10.499359795134446	781
2024-09-01	Pennsylvania	42015	Bradford	12th Grade	618	614	616	620	616	75	3	78	93.07228915662651	92.46987951807229	92.77108433734942	93.37349397590361	92.77108433734942	11.295180722891565	0.4518072289156626	11.746987951807228	664
2024-09-01	Pennsylvania	42015	Bradford	Totals	1943	1932	1935	1952	1931	214	8	222	91.47834274952919	90.96045197740114	91.10169491525424	91.90207156308851	90.91337099811676	10.075329566854991	0.3766478342749529	10.451977401129943	2124
2024-09-01	Pennsylvania	42017	Bucks	Kindergarten	5762	5742	5744	5811	5711	273	25	298	94.55201837873317	94.22382671480145	94.2566458811946	95.35608795536594	93.71512963570727	4.479816212668199	0.4102395799146703	4.890055792582869	6094
2024-09-01	Pennsylvania	42017	Bucks	7th Grade	7059	7054	7063	7056	6990	388	53	441	96.02775132635017	95.9597333696096	96.08216569174263	95.98694055230582	95.08910352333018	5.27819344306897	0.7209903414501428	5.999183784519113	7351
2024-09-01	Pennsylvania	42017	Bucks	12th Grade	7859	7756	7825	7792	7742	374	64	438	97.37331185726674	96.09713790112748	96.95205055135669	96.54317928385578	95.92367736339983	4.6338743650105325	0.7929624581836205	5.426836823194153	8071
2024-09-01	Pennsylvania	42017	Bucks	Totals	20680	20552	20632	20659	20443	1035	142	1177	96.11451942740287	95.51961331102436	95.89142963376092	96.01691764268452	95.01301357129579	4.8103736754043505	0.6599739728574084	5.470347648261758	21516
2024-09-01	Pennsylvania	42019	Butler	Kindergarten	1787	1779	1770	1799	1764	99	2	101	95.25586353944564	94.82942430703626	94.34968017057568	95.89552238805973	94.02985074626866	5.277185501066099	0.10660980810234537	5.383795309168445	1876
2024-09-01	Pennsylvania	42019	Butler	7th Grade	1929	1925	1920	1915	1904	216	8	224	95.30632411067194	95.1086956521739	94.86166007905138	94.61462450592887	94.07114624505931	10.671936758893283	0.39525691699604726	11.06719367588933	2024
2024-09-01	Pennsylvania	42019	Butler	12th Grade	2055	2034	2038	2054	2017	196	14	210	97.20908230842007	96.21570482497633	96.40491958372752	97.16177861873224	95.41154210028382	9.271523178807946	0.6622516556291391	9.933774834437086	2114
2024-09-01	Pennsylvania	42019	Butler	Totals	5771	5738	5728	5768	5685	511	24	535	95.95942800133022	95.4107083471899	95.24442966411706	95.90954439640838	94.52943132690389	8.496840705021617	0.39906883937479215	8.895909544396408	6014
2024-09-01	Pennsylvania	42021	Cambria	Kindergarten	1191	1187	1189	1201	1187	45	13	58	95.58587479935797	95.26484751203854	95.42536115569824	96.3884430176565	95.26484751203854	3.6115569823434996	1.043338683788122	4.654895666131622	1246
2024-09-01	Pennsylvania	42021	Cambria	7th Grade	1238	1240	1238	1243	1239	57	4	61	96.79437060203284	96.95074276778733	96.79437060203284	97.18530101641909	95.46520719311964	2.8146989835809224	2.111024237685691	4.9257232212666135	1279
2024-09-01	Pennsylvania	42021	Cambria	12th Grade	1387	1377	1381	1383	1379	51	10	61	98.4386089425124	97.72888573456352	98.01277501774307	98.15471965933287	97.87083037615328	3.6195883605393893	0.7097232079488999	4.329311568488289	1409
2024-09-01	Pennsylvania	42021	Cambria	Totals	3816	3804	3808	3827	3805	153	27	180	97.00050838840875	96.69547534316217	96.79715302491103	97.2801220132181	96.72089476359939	3.889171326893747	0.6863243518047788	4.575495678698526	3934
2024-09-01	Pennsylvania	42023	Cameron	Kindergarten	29	29	29	30	29	5	0	5	80.55555555555557	80.55555555555557	80.55555555555557	83.33333333333334	13.88888888888889	0	5.555555555555555	5.555555555555555	36
2024-09-01	Pennsylvania	42023	Cameron	7th Grade	57	57	59	59	59	1	0	1	95	95	98.33333333333333	98.33333333333333	88.33333333333333	10.000000000000002	1.6666666666666667	11.666666666666668	60
2024-09-01	Pennsylvania	42023	Cameron	12th Grade	34	34	34	34	34	2	0	2	100	100	100	100	97.05882352941175	0	14.70588235294118	14.70588235294118	34
2024-09-01	Pennsylvania	42023	Cameron	Totals	120	120	122	123	122	8	0	8	92.3076923076923	92.3076923076923	93.84615384615384	94.61538461538461	93.84615384615384	6.153846153846154	0	6.153846153846154	130
2024-09-01	Pennsylvania	42025	Carbon	Kindergarten	550	547	546	550	547	20	7	27	96.15384615384616	95.62937062937064	95.45454545454548	96.15384615384616	1.223776223776224	2.6223776223776225	1.923076923076923	4.545454545454546	572
2024-09-01	Pennsylvania	42025	Carbon	7th Grade	609	606	607	612	608	18	4	22	97.28434504792334	96.80511182108626	96.96485623003196	97.76357827476038	95.68690095846647	1.9169329073482433	1.2779552715654956	3.194888178913739	626
2024-09-01	Pennsylvania	42025	Carbon	12th Grade	659	659	657	656	653	30	11	41	97.19764011799408	97.19764011799408	96.90265486725662	96.75516224188792	96.3126843657817	4.424778761061947	1.6224188790560468	6.047197640117993	678
2024-09-01	Pennsylvania	42025	Carbon	Totals	1818	1812	1810	1818	1808	68	22	90	96.90831556503198	96.58848614072495	96.4818763326226	96.90831556503198	96.37526652452026	3.624733475479744	1.1727078891257996	4.797441364605544	1876
2024-09-01	Pennsylvania	42027	Centre	Kindergarten	858	857	855	868	847	47	1	48	94.70198675496688	94.59161147902869	94.37086092715234	95.8057395143488	93.4878587196468	5.187637969094922	0.11037527593818984	5.298013245033111	906
2024-09-01	Pennsylvania	42027	Centre	7th Grade	1064	1062	1060	1067	1051	140	5	145	88.96321070234113	88.79598662207357	88.62876254180601	89.21404682274247	87.876254180602	11.705685618729099	0.4180602006688963	12.123745819397996	1196
2024-09-01	Pennsylvania	42027	Centre	12th Grade	1148	1121	1137	1135	1119	72	3	75	96.95945945945947	94.67905405405408	96.0304054054054	95.86148648648648	94.51013513513513	6.081081081081082	0.2533783783783784	6.33445945945946	1184
2024-09-01	Pennsylvania	42027	Centre	Totals	3070	3040	3052	3070	3017	259	9	268	93.42665855143031	92.513694461351193	92.87888009738283	93.42665855143031	91.81375532562386	7.8819233110164335	0.2738892270237371	8.15581253804017	3286
2024-09-01	Pennsylvania	42029	Chester	Kindergarten	6029	5985	5981	6051	5942	278	21	299	95.27496839443744	94.57964601769912	94.51643489254108	95.62262958280657	93.90012642225032	4.393173198482933	0.33185840707964603	4.725031605562579	6328
2024-09-01	Pennsylvania	42029	Chester	7th Grade	7349	7342	7362	7372	7025	514	25	539	94.85028394424366	94.75993804852867	95.018069179143	95.14713474445018	90.66855962829116	6.633970056788851	0.3226639132679401	6.956633970056791	7748
2024-09-01	Pennsylvania	42029	Chester	12th Grade	8274	8263	8282	8276	8188	342	48	390	97.51325869180907	97.38361814967588	97.6075427224514	97.53682969946965	96.49970536240426	4.0306423099587505	0.5657041838538598	4.596346493812611	8485
2024-09-01	Pennsylvania	42029	Chester	Totals	21652	21590	21625	21699	21155	1134	94	1228	95.97092327467755	95.69611276095918	95.85124772838084	96.17924737378662	93.76800673729001	5.026372944461682	0.41664819821816407	5.443021142679846	22561
2024-09-01	Pennsylvania	42031	Clarion	Kindergarten	382	382	380	387	380	17	2	19	94.78908188585609	94.78908188585609	94.29280397022333	96.02977667493795	0.496277915632754	3.970223325062035	0.7444168734491317	4.714640198511166	403
2024-09-01	Pennsylvania	42031	Clarion	7th Grade	394	393	392	395	392	54	0	54	89.14027149321265	88.91402714932126	88.68778280542986	89.36651583710407	86.87782805429866	1.583710407239819	9.728506787330318	11.312217194570136	442
2024-09-01	Pennsylvania	42031	Clarion	12th Grade	377	376	376	377	374	15	1	16	97.92207792207792	97.66233766233768	97.66233766233768	97.92207792207792	97.14285714285715	3.896103896103896	0.2597402597402597	4.1558441558441555	385
2024-09-01	Pennsylvania	42031	Clarion	Totals	1153	1151	1148	1159	1146	86	3	89	93.73983739837398	93.57723577235772	93.33333333333333	94.22764227642277	93.17073170731707	6.991869918699187	0.24390243902439024	7.235772357723577	1230
2024-09-01	Pennsylvania	42033	Clearfield	Kindergarten	815	813	808	821	808	55	2	57	93.78596087456847	93.55581127733026	92.98043728423475	94.47640966628309	92.98043728423475	6.329113924050635	0.2301495972382048	6.559263521288839	869
2024-09-01	Pennsylvania	42033	Clearfield	7th Grade	854	852	848	860	846	69	3	72	94.99443826473862	94.77196885428255	94.32703003337042	95.66184649610678	94.10456062291438	7.675194660734148	0.3337041156840934	8.00889877641824	899
2024-09-01	Pennsylvania	42033	Clearfield	12th Grade	780	777	778	781	775	75	6	81	97.74436090225562	97.36842105263158	97.4937343358396	97.86967418546364	97.11779448621553	9.398496240601506	0.7518796992481204	10.150375939849628	798
2024-09-01	Pennsylvania	42033	Clearfield	Totals	2449	2442	2434	2462	2429	199	11	210	95.44037412314887	95.16757599376461	94.85580670303975	95.94699922057677	94.66095089633671	7.755261106780982	0.4286827747466875	8.18394388152767	2566
2024-09-01	Pennsylvania	42035	Clinton	Kindergarten	299	290	299	304	295	15	0	15	93.14641744548285	90.34267912772584	93.14641744548285	94.70404984423676	3.7383177570093453	7.788161993769469	0.9345794392523362	8.722741433021806	321
2024-09-01	Pennsylvania	42035	Clinton	7th Grade	305	305	301	305	300	64	1	65	84.02203856749311	84.02203856749311	82.92011019283747	84.02203856749311	82.64462809917356	17.630853994490362	0.27548209366391185	17.906336088154273	363
2024-09-01	Pennsylvania	42035	Clinton	12th Grade	309	302	309	311	308	11	0	11	98.7220447284345	96.48562300319487	98.7220447284345	99.36102236421726	98.40255591054313	3.194888178913739	1.916932907348242	5.1118210862619815	313
2024-09-01	Pennsylvania	42035	Clinton	Totals	913	897	909	920	903	90	1	91	91.57472417251755	89.96990972918756	91.17352056168505	92.27683049147443	90.57171514543631	9.027081243731194	0.10030090270812438	9.127382146439318	997
2024-09-01	Pennsylvania	42037	Columbia	Kindergarten	660	653	655	668	654	15	1	16	97.20176730486008	96.17083946980856	96.46539027982325	98.379970544919	96.31811487481589	2.2091310751104563	0.14727540500736375	2.35640648011782	679
2024-09-01	Pennsylvania	42037	Columbia	7th Grade	660	659	660	660	658	50	4	54	95.23809523809523	95.09379509379508	95.23809523809523	95.23809523809523	94.94949494949495	7.2150072150072155	0.5772005772005772	7.792207792207792	693
2024-09-01	Pennsylvania	42037	Columbia	12th Grade	767	767	764	765	764	45	9	54	98.71299871299871	98.71299871299871	98.32689832689833	98.45559845559846	98.32689832689833	5.7915057915057915	1.158301158301158	6.949806949806949	777
2024-09-01	Pennsylvania	42037	Columbia	Totals	2087	2079	2079	2093	2076	110	14	124	97.11493718008376	96.74267100977198	96.74267100977198	97.39413680781759	96.60307119590507	5.118659841786878	0.6514657980456026	5.7701256398324805	2149
2024-09-01	Pennsylvania	42039	Crawford	Kindergarten	516	513	513	522	513	29	4	33	92.97297297297298	92.43243243243244	92.43243243243244	94.05405405405406	0.7207207207207207	3.423423423423423	3.2432432432432425	6.666666666666666	555
2024-09-01	Pennsylvania	42039	Crawford	7th Grade	614	612	614	617	607	65	3	68	91.2332838038633	90.93610698365525	91.2332838038633	91.67904903417534	90.19316493313522	9.658246656760774	0.4457652303120356	10.10401188707281	673
2024-09-01	Pennsylvania	42039	Crawford	12th Grade	641	640	638	640	636	36	9	45	97.1212121212121	96.96969696969695	96.66666666666666	96.96969696969695	96.36363636363635	5.454545454545455	1.3636363636363638	6.818181818181818	660
2024-09-01	Pennsylvania	42039	Crawford	Totals	1771	1765	1765	1779	1756	130	16	146	93.80296610169492	93.48516949152543	93.48516949152543	94.22669491525424	93.00847457627118	6.885593220338983	0.847457627118644	7.733050847457627	1888
2024-09-01	Pennsylvania	42041	Cumberland	Kindergarten	3526	3523	3534	3555	3519	139	8	147	94.86144740382029	94.78073715361852	95.07667473769168	95.64164648910409	94.67312348668283	3.739574926015604	0.2152273338714016	3.954802259887006	3717
2024-09-01	Pennsylvania	42041	Cumberland	7th Grade	2832	2799	2811	2805	2762	149	17	166	95.64336372847012	94.52887537993921	94.93414387031409	94.73150962512665	93.27929753461667	5.032083755488012	0.5741303613644041	5.606214116852415	2961
2024-09-01	Pennsylvania	42041	Cumberland	12th Grade	2494	2482	2482	2478	2470	161	42	203	96.66666666666666	96.20155038759688	96.20155038759688	96.04651162790697	95.73643410852712	6.24031007751938	1.6279069767441856	7.868217054263566	2580
2024-09-01	Pennsylvania	42041	Cumberland	Totals	8852	8804	8827	8838	8751	449	67	516	95.61460358608771	95.09613307409808	95.34456686109311	95.46338302009073	94.52365521710952	4.8498595809030025	0.723698422985526	5.573558003888529	9258
2024-09-01	Pennsylvania	42043	Dauphin	Kindergarten	3996	3990	3928	4070	3885	380	10	390	88.27037773359841	88.13783962889332	86.76827921360727	89.90501435829466	85.81842279655402	8.394079964656507	0.22089684117517125	8.614976805831677	4527
2024-09-01	Pennsylvania	42043	Dauphin	7th Grade	6111	6117	6127	6143	6060	619	18	637	92.17194570135749	92.26244343891406	92.4132730015083	92.65460030165914	91.40271493212667	9.336349924585221	0.27149321266968324	9.607843137254903	6630
2024-09-01	Pennsylvania	42043	Dauphin	12th Grade	6494	6508	6551	6557	6477	560	47	607	93.81681594914765	94.01906963305406	94.64027737648078	94.72695752672635	93.57122219011845	8.090147356255418	0.6789945102571513	8.76914186651257	6922
2024-09-01	Pennsylvania	42043	Dauphin	Totals	16601	16615	16606	16770	16422	1559	75	1634	91.82476906908568	91.90220698047459	91.85242546601029	92.75955528513745	90.83467005918469	8.62326456109298	0.4148459538691299	9.03811051496211	18079
2024-09-01	Pennsylvania	42045	Delaware	Kindergarten	6005	5981	5983	6077	5895	161	20	181	94.62653640088244	94.24834541443428	94.27986132997167	95.76110936022691	92.89316104632842	2.537031200756382	0.31515915537346356	2.852190356129846	6346
2024-09-01	Pennsylvania	42045	Delaware	7th Grade	6854	6828	6835	6833	6823	171	22	193	97.27504967357365	96.90604598353674	97.00539313085439	96.97700823162077	96.83508373545276	2.42690888447346	0.3122338915696849	2.7391427760431446	7046
2024-09-01	Pennsylvania	42045	Delaware	12th Grade	6920	6931	6962	6937	6907	159	24	183	97.94762915782023	98.10332625619249	98.54210898796886	98.18825194621373	97.76362349610757	2.2505307855626326	0.33970276008492567	2.5902335456475583	7065
2024-09-01	Pennsylvania	42045	Delaware	Totals	19779	19740	19780	19847	19625	491	66	557	96.68573104560787	96.49508725619593	96.69061934790048	97.01813560150559	95.93293249254533	2.4001564256733636	0.32262795131250915	2.7227843769858726	20457
2024-09-01	Pennsylvania	42047	Elk	Kindergarten	259	258	254	263	257	9	2	11	96.6417910447761	96.26865671641791	94.77611940298507	98.13432835820896	0.746268656716418	3.3582089552238807	1.119402985074627	4.477611940298508	268
2024-09-01	Pennsylvania	42047	Elk	7th Grade	292	291	292	292	291	4	2	6	98.98305084745765	98.64406779661017	98.98305084745765	98.98305084745765	97.6271186440678	1.6949152542372876	0.33898305084745756	2.0338983050847452	295
2024-09-01	Pennsylvania	42047	Elk	12th Grade	295	297	297	297	291	13	4	17	96.72131147540982	97.37704918032787	97.37704918032787	97.37704918032787	95.40983606557377	3.2786885245901636	1.3114754098360655	4.590163934426229	305
2024-09-01	Pennsylvania	42047	Elk	Totals	846	846	843	852	839	26	8	34	97.46543778801843	97.46543778801843	97.11981566820276	98.15668202764977	96.6589861751152	2.9953917050691246	0.9216589861751152	3.9170506912442398	868
2024-09-01	Pennsylvania	42049	Erie	Kindergarten	2649	2634	2644	2685	2620	123	14	137	94.23692636072573	93.70330843116328	94.05905371753825	95.51760939167555	93.20526503023837	4.375667022411952	0.4980434009249377	4.87371042333689	2811
2024-09-01	Pennsylvania	42049	Erie	7th Grade	2846	2835	2860	2872	2815	173	16	189	95.439302481556	95.07042253521126	95.90878604963112	96.31120053655265	94.39973172367539	5.801475519785379	0.5365526492287056	6.338028169014085	2982
2024-09-01	Pennsylvania	42049	Erie	12th Grade	2832	2797	2818	2837	2770	165	25	190	96.62231320368475	95.42818150801776	96.14466052541796	96.79290344592289	94.50699419993175	5.629477993858751	0.8529512111907201	6.482429205049471	2931
2024-09-01	Pennsylvania	42049	Erie	Totals	8327	8266	8322	8394	8205	461	55	516	95.44933516735442	94.75011462631821	95.3920220082531	96.21733149931224	94.05089408528198	5.284273269142595	0.6304447501146263	5.914718019257221	8724
2024-09-01	Pennsylvania	42051	Fayette	Kindergarten	1093	1088	1082	1107	1082	83	0	83	93.41880341880344	92.99145299145299	92.47863247863246	94.61538461538463	92.47863247863246	6.324786324786325	2.3076923076923075	8.632478632478634	1170
2024-09-01	Pennsylvania	42051	Fayette	7th Grade	1113	1108	1109	1111	1109	106	3	109	95.8656330749354	95.43496985357451	95.52110249784668	95.69336778639105	95.52110249784668	9.130060292850992	0.2583979328165375	9.388458225667527	1161
2024-09-01	Pennsylvania	42051	Fayette	12th Grade	998	998	995	997	991	88	4	92	98.03536345776031	98.03536345776031	97.74066797642435	97.93713163064834	97.34774066797642	8.644400785854618	0.3929273084479371	9.037328094302554	1018
2024-09-01	Pennsylvania	42051	Fayette	Totals	3204	3194	3186	3215	3182	277	7	284	95.67034935801732	95.37175276201852	95.13287548521947	95.998805613616	95.01343684681994	8.271125709166915	0.20901761719916392	8.480143326366079	3349
2024-09-01	Pennsylvania	42053	Forest	7th Grade	21	21	21	21	21	1	0	1	100	100	100	100	95.23809523809523	0	NA	0	21
2024-09-01	Pennsylvania	42053	Forest	12th Grade	38	38	38	38	38	1	0	1	97.43589743589743	97.43589743589743	97.43589743589743	97.43589743589743	97.43589743589743	0	NA	0	39
2024-09-01	Pennsylvania	42053	Forest	Totals	59	59	59	59	59	2	0	2	98.33333333333333	98.33333333333333	98.33333333333333	98.33333333333333	98.33333333333333	3.3333333333333335	0	3.3333333333333335	60
2024-09-01	Pennsylvania	42055	Franklin	Kindergarten	1413	1418	1412	1447	1406	83	5	88	93.32892998678997	93.65918097754293	93.26287978863937	95.57463672391017	92.86657859973577	5.48216644649934	0.3302509907529723	5.812417437252312	1514
2024-09-01	Pennsylvania	42055	Franklin	7th Grade	1599	1597	1617	1613	1595	165	9	174	93.18181818181817	93.06526806526807	94.23076923076924	93.99766899766898	92.94871794871796	9.615384615384617	0.5244755244755245	10.13986013986014	1716
2024-09-01	Pennsylvania	42055	Franklin	12th Grade	1800	1805	1812	1779	1779	154	26	180	95.79563597658328	96.06173496540713	96.43427354976049	94.67802022352316	94.67802022352316	8.195848855774349	1.383714741883981	9.57956359765833	1879
2024-09-01	Pennsylvania	42055	Franklin	Totals	4812	4820	4841	4839	4780	402	40	442	94.18672930123311	94.34331571736152	94.75435505969857	94.71520845566647	93.56038363671952	7.868467410452143	0.7829320806420043	8.651399491094148	5109
2024-09-01	Pennsylvania	42057	Fulton	Kindergarten	114	114	109	112	110	12	0	12	91.93548387096774	91.93548387096774	87.90322580645163	90.3225806451613	88.70967741935485	8.064516129032258	4.03225806451613	12.09677419354839	124
2024-09-01	Pennsylvania	42057	Fulton	7th Grade	158	156	156	158	155	17	1	18	96.34146341463413	95.1219512195122	95.1219512195122	96.34146341463413	94.51219512195122	10.365853658536587	0.6097560975609756	10.975609756097562	164
2024-09-01	Pennsylvania	42057	Fulton	12th Grade	135	135	133	135	133	18	0	18	98.54014598540145	98.54014598540145	97.08029197080292	98.54014598540145	97.08029197080292	10.21897810218978	3.6496350364963495	13.868613138686129	137
2024-09-01	Pennsylvania	42057	Fulton	Totals	407	405	398	405	398	47	1	48	95.76470588235294	95.29411764705883	93.6470588235294	95.29411764705883	93.6470588235294	11.058823529411764	0.23529411764705882	11.294117647058824	425
2024-09-01	Pennsylvania	42059	Greene	Kindergarten	314	314	311	315	312	16	0	16	93.17507418397626	93.17507418397626	92.28486646884275	93.47181008902076	3.5608308605341263	3.560830860534125	1.1869436201780417	4.747774480712167	337
2024-09-01	Pennsylvania	42059	Greene	7th Grade	335	332	325	335	325	29	0	29	96.26436781609196	95.40229885057471	93.39080459770115	96.26436781609196	89.9425287356322	3.448275862068966	6.0344827586206895	9.482758620689655	348
2024-09-01	Pennsylvania	42059	Greene	12th Grade	338	337	340	336	337	12	4	16	98.54227405247813	98.25072886297376	99.12536443148687	97.95918367346938	98.25072886297376	3.4985422740524785	1.1661807580174925	4.664723032069971	343
2024-09-01	Pennsylvania	42059	Greene	Totals	987	983	976	986	974	57	4	61	96.01167315175097	95.62256809338521	94.94163424124514	95.91439688715953	94.74708171206225	5.544747081712062	0.38910505836575876	5.933852140077821	1028
2024-09-01	Pennsylvania	42061	Huntingdon	Kindergarten	325	329	327	336	325	19	0	19	92.06798866855527	93.20113314447592	92.63456090651559	95.18413597733712	3.3994334277620393	3.3994334277620393	1.9830028328611895	5.382436260623229	353
2024-09-01	Pennsylvania	42061	Huntingdon	7th Grade	377	375	376	379	373	25	0	25	94.96221662468514	94.45843828715365	94.71032745591941	95.46599496221664	93.95465994962215	5.79345088161209	3.526448362720401	9.31989924433249	397
2024-09-01	Pennsylvania	42061	Huntingdon	12th Grade	415	413	415	417	410	19	2	21	96.73659673659672	96.27039627039625	96.73659673659672	97.2027972027972	95.57109557109555	4.4289044289044295	0.4662004662004662	4.895104895104895	429
2024-09-01	Pennsylvania	42061	Huntingdon	Totals	1117	1117	1118	1132	1108	63	2	65	94.74130619168787	94.74130619168787	94.82612383375742	96.01357082273113	93.97794741306191	5.343511450381679	0.16963528413910092	5.51314673452078	1179
2024-09-01	Pennsylvania	42063	Indiana	Kindergarten	621	618	615	638	562	31	1	32	93.94856278366112	93.4947049924357	93.0408472012103	96.52042360060514	85.02269288956126	4.689863842662633	0.15128593040847205	4.8411497730711055	661
2024-09-01	Pennsylvania	42063	Indiana	7th Grade	655	652	651	659	649	109	6	115	85.17555266579976	84.78543563068924	84.6553966189857	85.69570871261378	84.39531859557866	14.174252275682704	0.7802340702210663	14.95448634590377	769
2024-09-01	Pennsylvania	42063	Indiana	12th Grade	713	714	713	719	702	53	1	54	95.44846050870146	95.58232931726909	95.44846050870146	96.25167336010708	93.97590361445786	7.095046854082999	0.1338688085676037	7.228915662650603	747
2024-09-01	Pennsylvania	42063	Indiana	Totals	1989	1984	1979	2016	1913	193	8	201	91.3642627468994	91.13458888378503	90.90491502067064	92.60450160771704	87.87322002756086	8.865411116214975	0.3674781809830041	9.232889297197978	2177
2024-09-01	Pennsylvania	42065	Jefferson	Kindergarten	333	329	327	333	328	19	2	21	95.41547277936964	94.26934097421203	93.69627507163322	95.41547277936964	93.98280802292265	5.444126074498566	0.5730659025787964	6.0171919770773625	349
2024-09-01	Pennsylvania	42065	Jefferson	7th Grade	353	350	350	355	349	80	0	80	83.25471698113205	82.54716981132077	82.54716981132077	83.72641509433963	82.31132075471697	10.141509433962263	9.198113207547168	19.339622641509433	424
2024-09-01	Pennsylvania	42065	Jefferson	12th Grade	395	394	390	395	391	21	2	23	98.25870646766167	98.00995024875623	97.01492537313433	98.25870646766167	97.2636815920398	5.223880597014925	0.4975124378109451	5.72139303482587	402
2024-09-01	Pennsylvania	42065	Jefferson	Totals	1081	1073	1067	1083	1068	120	4	124	92	91.31914893617021	90.80851063829788	92.17021276595744	90.8936170212766	10.212765957446809	0.3404255319148936	10.553191489361701	1175
2024-09-01	Pennsylvania	42067	Juniata	Kindergarten	156	157	156	159	155	10	0	10	93.41317365269461	94.01197604790418	93.41317365269461	95.20958083832338	2.9940119760479043	1.1976047904191616	2.9940119760479043	4.191616766467066	167
2024-09-01	Pennsylvania	42067	Juniata	7th Grade	210	209	209	210	205	69	1	70	80.15267175572518	79.77099236641223	79.77099236641223	80.15267175572518	72.90076335877865	22.137404580152676	4.580152671755726	26.717557251908403	262
2024-09-01	Pennsylvania	42067	Juniata	12th Grade	186	182	181	186	180	22	2	24	96.37305699481865	94.30051813471503	93.78238341968914	96.37305699481865	93.78238341968914	6.217616580310881	6.217616580310882	12.435233160621763	193
2024-09-01	Pennsylvania	42067	Juniata	Totals	552	548	546	555	540	101	3	104	88.7459807073955	88.10289389067525	87.78135048231512	89.2282958199357	86.81672025723472	16.237942122186496	0.48231511254019294	16.720257234726688	622
2024-09-01	Pennsylvania	42069	Lackawanna	Kindergarten	2123	2117	2128	2149	2126	46	4	50	96.5	96.22727272727272	96.72727272727272	97.68181818181817	0.18181818181818182	2.4545454545454546	1.2272727272727273	3.6818181818181817	2200
2024-09-01	Pennsylvania	42069	Lackawanna	7th Grade	2226	2221	2223	2224	2218	57	5	62	98.40848806366047	98.18744473916887	98.27586206896551	98.32007073386384	98.0548187444739	2.519893899204244	0.22104332449160033	2.7409372236958447	2262
2024-09-01	Pennsylvania	42069	Lackawanna	12th Grade	2417	2410	2419	2420	2406	73	12	85	98.69334422213147	98.40751327072275	98.77501020824826	98.81584320130666	98.24418129848918	2.9808084932625563	0.4899959167006942	3.4708044099632502	2449
2024-09-01	Pennsylvania	42069	Lackawanna	Totals	6766	6748	6770	6793	6750	176	21	197	97.90189552886703	97.64144118072637	97.95977427289827	98.292577051078	97.670380552742	2.546664737375199	0.30386340616408625	2.850528143539285	6911
2024-09-01	Pennsylvania	42071	Lancaster	Kindergarten	4730	4690	4699	4837	4612	507	21	528	89.04367469879514	88.29066265060241	88.4600903614458	91.05798192771086	86.82228915662651	9.544427710843376	0.3953313253012048	9.939759036144583	5312
2024-09-01	Pennsylvania	42071	Lancaster	7th Grade	5670	5629	5662	5712	5523	1197	60	1257	85.52036199095024	84.90196078431373	85.39969834087482	86.15384615384617	83.30316742081449	18.054298642533936	0.904977375565611	18.959276018099548	6630
2024-09-01	Pennsylvania	42071	Lancaster	12th Grade	5479	5442	5492	5498	5359	457	58	515	95.17109605697411	94.52840020844191	95.39690811186382	95.50112906027447	93.08667708876148	7.93816223727636	1.0074691679694283	8.945631405245788	5757
2024-09-01	Pennsylvania	42071	Lancaster	Totals	15879	15761	15853	16047	15494	2161	139	2300	89.71693316006554	89.05022882648737	89.57003220520933	90.66613932990565	87.54166902084863	12.20972936324086	0.7853551048081813	12.995084468049042	17699
2024-09-01	Pennsylvania	42073	Lawrence	Kindergarten	777	782	780	792	775	40	1	41	93.84057971014492	94.44444444444446	94.20289855072463	95.65217391304348	0.12077294685990339	5.193236714975846	1.6908212560386473	6.884057971014493	828
2024-09-01	Pennsylvania	42073	Lawrence	7th Grade	865	870	869	863	866	92	2	94	92.9108485499463	93.44790547798067	93.34049409237379	92.69602577873255	93.01825993555316	9.881847475832439	0.21482277121374857	10.096670247046188	931
2024-09-01	Pennsylvania	42073	Lawrence	12th Grade	803	795	802	799	796	58	7	65	97.92682926829266	96.95121951219508	97.80487804878048	97.43902439024389	97.07317073170731	7.073170731707318	0.8536585365853663	7.926829268292684	820
2024-09-01	Pennsylvania	42073	Lawrence	Totals	2445	2447	2451	2454	2437	190	10	200	94.80418766963939	94.88173710740597	95.03683598293912	95.15316013958899	94.49398991857309	7.367196587824738	0.38774718883288095	7.754943776657619	2579
2024-09-01	Pennsylvania	42075	Lebanon	Kindergarten	1294	1287	1285	1294	1280	85	4	89	93.83611312545322	93.32849891225524	93.18346627991299	93.83611312545322	92.8208846990573	6.163886874546773	0.290065264684554	6.453952139231327	1379
2024-09-01	Pennsylvania	42075	Lebanon	7th Grade	2016	2001	2004	2003	1968	182	7	189	93.03184125519151	92.3396400553761	92.4780802953392	92.43193354868482	90.81679741578218	8.398707891093675	0.3230272265805261	8.721735117674202	2167
2024-09-01	Pennsylvania	42075	Lebanon	12th Grade	1486	1487	1495	1489	1478	91	5	96	94.9520766773163	95.01597444089457	95.52715654952075	95.14376996805113	94.44089456869008	5.814696485623005	0.3194888178913738	6.1341853035143785	1565
2024-09-01	Pennsylvania	42075	Lebanon	Totals	4796	4775	4784	4786	4726	358	16	374	93.83682253962043	93.42594404226179	93.60203482684406	93.64116611230679	92.46722754842497	7.004500097828213	0.3130502837018196	7.317550381530033	5111
2024-09-01	Pennsylvania	42077	Lehigh	Kindergarten	4063	4048	4058	4106	4044	136	12	148	95.73515551366634	95.38171536286524	95.61734213006596	96.74835061262958	95.28746465598495	3.2045240339302543	0.28275212064090477	3.487276154571159	4244
2024-09-01	Pennsylvania	42077	Lehigh	7th Grade	4307	4300	4328	4331	4299	159	23	182	96.52622142536977	96.36934110264457	96.99686239354548	97.0640968175706	96.34692962796953	3.563424473330345	0.515463917525773	4.078888390856118	4462
2024-09-01	Pennsylvania	42077	Lehigh	12th Grade	4364	4351	4367	4360	4305	148	34	182	97.69420192522945	97.40317886724871	97.76136109245579	97.60465636892769	96.37340496977838	3.3131855831654353	0.7611372285650324	4.074322811730467	4467
2024-09-01	Pennsylvania	42077	Lehigh	Totals	12734	12699	12753	12797	12648	443	69	512	96.66742579518713	96.40173081302665	96.81166021407424	97.14567676307598	96.0145752675928	3.3629393456312155	0.5237986791163745	3.8867380247475896	13173
2024-09-01	Pennsylvania	42079	Luzerne	Kindergarten	3523	3511	3517	3602	3512	101	9	110	94.07209612817088	93.7516688918558	93.91188251001337	96.18157543391189	93.77837116154875	2.696929238985314	0.2403204272363152	2.9372496662216294	3745
2024-09-01	Pennsylvania	42079	Luzerne	7th Grade	3919	3919	3926	3932	3906	104	6	110	97.07703740401288	97.07703740401288	97.25043349021549	97.39905870696062	96.75501610106512	2.5761704235818677	0.1486252167451077	2.7247956403269753	4037
2024-09-01	Pennsylvania	42079	Luzerne	12th Grade	3863	3845	3857	3848	3817	79	14	93	98.57106404695077	98.1117632048992	98.41796376626691	98.18831334524113	97.39729522837457	2.015820362337331	0.35723398826231184	2.373054350599643	3919
2024-09-01	Pennsylvania	42079	Luzerne	Totals	11305	11275	11300	11382	11235	284	29	313	96.61567387402786	96.35928553115119	96.57294248354842	97.27373728741134	96.01743440731562	2.4271429792325443	0.24784206478078796	2.674985044013332	11701
2024-09-01	Pennsylvania	42081	Lycoming	Kindergarten	1071	1073	1070	1081	1067	43	7	50	95.2846975088968	95.46263345195732	95.19572953736656	96.17437722419929	0.6227758007117438	1.8683274021352316	2.4021352313167266	4.270462633451959	1124
2024-09-01	Pennsylvania	42081	Lycoming	7th Grade	1208	1202	1211	1211	1205	77	9	86	95.19306540583138	94.72025216706066	95.42947202521671	95.42947202521671	94.956658786446	6.067769897557133	0.7092198581560284	6.776989755713161	1269
2024-09-01	Pennsylvania	42081	Lycoming	12th Grade	990	986	979	988	802	55	17	72	97.24950884086444	96.85658153241651	96.16895874263261	97.05304518664045	78.78192534381141	5.402750491159136	1.6699410609037333	7.072691552062869	1018
2024-09-01	Pennsylvania	42081	Lycoming	Totals	3269	3261	3260	3280	3074	175	33	208	95.83699794781589	95.60246262093227	95.57314570507182	96.15948402228085	90.12019935502785	5.130460275579009	0.9674582233948988	6.097918498973908	3411
2024-09-01	Pennsylvania	42083	McKean	Kindergarten	384	384	380	385	380	8	3	11	94.81481481481482	94.81481481481482	93.82716049382717	95.06172839506173	0.7407407407407408	1.4814814814814814	0.7407407407407408	2.2222222222222223	405
2024-09-01	Pennsylvania	42083	McKean	7th Grade	407	406	405	406	405	16	1	17	95.99056603773586	95.75471698113205	95.51886792452832	95.75471698113205	94.10377358490565	2.122641509433963	1.8867924528301894	4.009433962264152	424
2024-09-01	Pennsylvania	42083	McKean	12th Grade	409	408	409	408	405	13	3	16	98.55421686746986	98.3132530120482	98.55421686746986	98.3132530120482	97.59036144578315	3.132530120481928	0.7228915662650602	3.855421686746988	415
2024-09-01	Pennsylvania	42083	McKean	Totals	1200	1198	1194	1199	1190	37	7	44	96.46302250803859	96.30225080385853	95.9807073954984	96.38263665594856	95.65916398713826	2.9742765273311895	0.5627009646302251	3.536977491961415	1244
2024-09-01	Pennsylvania	42085	Mercer	Kindergarten	942	943	938	954	939	68	2	70	93.08300395256917	93.18181818181817	92.68774703557312	94.26877470355733	92.78656126482215	6.719367588932807	0.1976284584980237	6.91699604743083	1012
2024-09-01	Pennsylvania	42085	Mercer	7th Grade	1053	1049	1050	1053	1048	139	4	143	90.1541095890411	89.81164383561644	89.8972602739726	90.1541095890411	89.72602739726027	11.900684931506849	0.34246575342465757	12.243150684931507	1168
2024-09-01	Pennsylvania	42085	Mercer	12th Grade	1037	1033	1033	1043	1028	63	7	70	96.64492078285183	96.27213420316869	96.27213420316869	97.20410065237652	95.80615097856476	5.871388630009319	0.6523765144454801	6.523765144454798	1073
2024-09-01	Pennsylvania	42085	Mercer	Totals	3032	3025	3021	3050	3015	270	13	283	93.20627113433754	92.99108515216723	92.868121733784193	93.75960651706117	92.68367660620966	8.300030740854595	0.3996311097448509	8.699661850599446	3253
2024-09-01	Pennsylvania	42087	Mifflin	Kindergarten	348	350	348	355	348	28	0	28	92.3076923076923	92.83819628647215	92.3076923076923	94.16445623342177	6.10079575596817	1.3262599469496017	1.3262599469496024	2.6525198938992043	377
2024-09-01	Pennsylvania	42087	Mifflin	7th Grade	381	378	377	379	372	132	5	137	76.2	75.6	75.4	75.8	74.4	26.400000000000002	1	27.400000000000002	500
2024-09-01	Pennsylvania	42087	Mifflin	12th Grade	345	339	341	345	337	25	1	26	95.83333333333334	94.16666666666666	94.72222222222221	95.83333333333334	93.61111111111111	6.944444444444442	0.2777777777777778	7.22222222222222	360
2024-09-01	Pennsylvania	42087	Mifflin	Totals	1074	1067	1066	1079	1057	185	6	191	86.8229587712207	86.2570735650768	86.17623282134196	87.22716248989491	85.44866612772837	14.955537590945836	0.4850444624090542	15.440582053354891	1237
2024-09-01	Pennsylvania	42089	Monroe	Kindergarten	1433	1442	1431	1468	1426	174	1	175	87.96807857581338	88.5205647636587	87.84530386740332	90.11663597298956	0.061387354205033766	8.901166359729894	3.9901780233271955	12.89134438305709	1629
2024-09-01	Pennsylvania	42089	Monroe	7th Grade	1740	1734	1746	1741	1735	129	4	133	96.45232815964522	96.11973392461196	96.7849223946785	96.50776053215078	96.17516629711753	7.150776053215079	0.221729490022173	7.372505543237251	1804
2024-09-01	Pennsylvania	42089	Monroe	12th Grade	2110	2100	2121	2132	2094	262	13	275	95.9090909090909	95.45454545454548	96.4090909090909	96.9090909090909	95.18181818181817	11.90909090909091	0.5909090909090909	12.5	2200
2024-09-01	Pennsylvania	42089	Monroe	Totals	5283	5276	5298	5341	5255	565	18	583	93.78661459257944	93.66234688443103	94.05290253861175	94.8162613172377	93.2895437599858	10.030179300550328	0.31954553523877155	10.3497248357891	5633
2024-09-01	Pennsylvania	42091	Montgomery	Kindergarten	9493	9470	9476	9567	9419	358	37	395	95.45500251382605	95.22373051784815	95.28406234288589	96.19909502262443	94.71091000502766	3.5997988939165415	0.37204625439919553	3.9718451483157367	9945
2024-09-01	Pennsylvania	42091	Montgomery	7th Grade	10742	10748	10765	10771	10736	455	43	498	96.77477477477476	96.82882882882883	96.98198198198197	97.03603603603601	96.7207207207207	4.099099099099099	0.3873873873873874	4.486486486486488	11100
2024-09-01	Pennsylvania	42091	Montgomery	12th Grade	11282	11290	11285	11280	11199	388	133	521	97.60359892724283	97.67280906652826	97.62955272947487	97.58629639242147	96.88554373215676	3.3566917553421582	1.1506185656198633	4.507310320962022	11559
2024-09-01	Pennsylvania	42091	Montgomery	Totals	31517	31508	31526	31618	31354	1201	213	1414	96.66605324500061	96.63844927002822	96.693657219973	96.9758311863575	96.16611458716721	3.683597104649736	0.6532940743467059	4.336891178996442	32604
2024-09-01	Pennsylvania	42093	Montour	Kindergarten	189	189	189	188	189	6	0	6	97.42268041237114	97.42268041237114	97.42268041237114	96.90721649484534	1.5463917525773192	0.515463917525773	1.5463917525773192	2.061855670103092	194
2024-09-01	Pennsylvania	42093	Montour	7th Grade	197	197	196	198	196	21	0	21	91.62790697674417	91.62790697674417	91.16279069767442	92.09302325581397	91.16279069767442	9.767441860465116	0.9302325581395346	10.69767441860465	215
2024-09-01	Pennsylvania	42093	Montour	12th Grade	204	202	203	203	201	5	0	5	98.07692307692307	97.11538461538461	97.59615384615384	97.59615384615384	98.55769230769229	4.8076923076923075	0.9615384615384616	5.769230769230769	208
2024-09-01	Pennsylvania	42093	Montour	Totals	590	588	588	589	586	32	0	32	95.62398703403565	95.2998379254457	95.2998379254457	95.46191247974068	94.97568881685575	5.186385737439222	0	5.186385737439222	617
2024-09-01	Pennsylvania	42095	Northampton	Kindergarten	2973	2967	2970	2990	2966	155	15	170	95.0143815915628	94.82262703739215	94.91850431447747	95.55768616171301	0.47938638542665385	3.675295621604346	2.748481943112815	6.423777564717161	3129
2024-09-01	Pennsylvania	42095	Northampton	7th Grade	3481	3480	3509	3518	3465	180	10	190	95.65814784281397	95.63066776586977	96.42758999725199	96.67491068974994	95.2184666117065	4.94641384995878	0.2748007694421545	5.221214619400934	3639
2024-09-01	Pennsylvania	42095	Northampton	12th Grade	4073	4024	4099	4101	3804	268	40	308	96.69990503323837	95.53656220322887	97.31718898385566	97.36467236467237	90.31339031339031	6.362773029439696	0.9496676163342826	7.312440645773979	4212
2024-09-01	Pennsylvania	42095	Northampton	Totals	10527	10471	10578	10609	10235	603	65	668	95.8743169398907	95.36429872495447	96.33879781420765	96.62112932604735	93.21493624772313	5.491803278688525	0.5919854280510018	6.083788706739527	10980
2024-09-01	Pennsylvania	42097	Northumberland	Kindergarten	849	850	849	864	839	45	2	47	93.19429198682766	93.3040614709111	93.19429198682766	94.84083424807905	0.21953896816684962	4.7200878155872665	3.6223929747530192	8.342480790340286	911
2024-09-01	Pennsylvania	42097	Northumberland	7th Grade	915	912	909	919	908	75	2	77	93.84615384615385	93.53846153846155	93.23076923076924	94.25641025641026	93.12820512820512	7.692307692307693	0.20512820512820512	7.8974358974359	975
2024-09-01	Pennsylvania	42097	Northumberland	12th Grade	907	903	904	907	896	43	10	53	97.00534759358288	96.57754010695189	96.68449197860963	97.00534759358288	95.828877005347607	4.598930481283423	1.06951871657754	5.668449197860962	935
2024-09-01	Pennsylvania	42097	Northumberland	Totals	2671	2665	2662	2690	2643	163	14	177	94.68273661822049	94.47004608294931	94.36370081531372	95.35625664657923	93.69018078695498	5.778092874867069	0.49627791563275436	6.274370790499823	2821
2024-09-01	Pennsylvania	42099	Perry	Kindergarten	379	376	374	382	374	29	1	30	93.12039312039312	92.38329238329236	91.8918918918919	93.85749385749386	91.8918918918919	7.125307125307123	0.2457002457002457	7.371007371007369	407
2024-09-01	Pennsylvania	42099	Perry	7th Grade	413	410	412	412	407	47	3	50	88.81720430107526	88.1720430107527	88.6021505376344	88.6021505376344	87.52688172043011	10.107526881720432	0.6451612903225805	10.752688172043012	465
2024-09-01	Pennsylvania	42099	Perry	12th Grade	414	415	413	413	409	22	14	36	94.73684210526314	94.96567505720826	94.50800915331808	94.50800915331808	93.59267734553778	5.034324942791764	3.203661327231122	8.237986270022885	437
2024-09-01	Pennsylvania	42099	Perry	Totals	1206	1201	1199	1207	1190	98	18	116	92.13139801375095	91.74942704354469	91.59663865546219	92.20779220779221	90.9090909090909	7.4866310160427805	1.3750954927425516	8.861726508785333	1309
2024-09-01	Pennsylvania	42101	Philadelphia	Kindergarten	14806	14762	14836	15086	14640	408	25	433	94.5405785071196	94.25962582210585	94.73213715599259	96.32845922993423	93.48062065002236	2.605197624672754	0.15963220739416384	2.7648298320669182	15661
2024-09-01	Pennsylvania	42101	Philadelphia	7th Grade	15743	15723	15811	15831	15518	371	59	430	96.88596221305927	96.76287771555174	97.3044495045849	97.42753400209243	95.50126161609947	2.283217428764847	0.3630992676472399	2.6463166964120868	16249
2024-09-01	Pennsylvania	42101	Philadelphia	12th Grade	14489	14286	14637	14644	14453	269	40	309	96.08727369188938	94.74103057231912	97.06877113866966	97.11519331520657	95.84853106969959	1.7839379269182305	0.26526958021088926	2.04920750712912	15079
2024-09-01	Pennsylvania	42101	Philadelphia	Totals	45038	44771	45284	45561	44611	1048	124	1172	95.84796441720403	95.27974632360765	96.3714912000681	96.96099087020366	94.93924109898062	2.2303092213071145	0.2638915490859563	2.494200770393071	46989
2024-09-01	Pennsylvania	42103	Pike	Kindergarten	375	377	376	381	377	49	1	50	88.02816901408451	88.49765258215962	88.26291079812205	89.43661971830986	0.2347417840375586	6.103286384976528	6.338028169014083	12.44131455399061	426
2024-09-01	Pennsylvania	42103	Pike	7th Grade	530	529	531	529	530	32	2	34	93.80530973451329	93.62831858407077	93.98230088495576	93.62831858407077	92.74336283185842	4.778761061946903	3.5398230088495577	8.31858407079646	565
2024-09-01	Pennsylvania	42103	Pike	12th Grade	607	604	607	608	599	43	7	50	95.74132492113564	95.26813880126183	95.74132492113564	95.89905362776028	94.47949526813882	6.782334384858045	1.1041009463722398	7.886435331230285	634
2024-09-01	Pennsylvania	42103	Pike	Totals	1512	1510	1514	1518	1506	124	10	134	93.04615384615384	92.92307692307692	93.16923076923077	93.41538461538461	92.67692307692307	7.630769230769231	0.6153846153846154	8.246153846153845	1625
2024-09-01	Pennsylvania	42105	Potter	Kindergarten	126	125	126	126	126	10	0	10	92.64705882352942	91.91176470588236	92.64705882352942	92.64705882352942	5.147058823529411	2.205882352941176	2.205882352941176	4.411764705882352	136
2024-09-01	Pennsylvania	42105	Potter	7th Grade	141	141	141	141	141	18	0	18	89.24050632911393	89.24050632911393	89.24050632911393	89.24050632911393	87.34177215189874	1.8987341772151898	5.063291139240507	6.962025316455696	158
2024-09-01	Pennsylvania	42105	Potter	12th Grade	140	140	140	139	139	8	1	9	93.95973154362416	93.95973154362416	93.95973154362416	93.28859060402685	93.28859060402685	5.369127516778523	0.6711409395973155	6.040268456375838	149
2024-09-01	Pennsylvania	42105	Potter	Totals	407	406	407	406	406	36	1	37	91.87358916478556	91.64785553047405	91.87358916478556	91.64785553047405	91.64785553047405	8.126410835214447	0.22573363431151242	8.352144469525959	443
2024-09-01	Pennsylvania	42107	Schuylkill	Kindergarten	1323	1315	1319	1332	1321	41	0	41	95.66160520607376	95.0831525668836	95.37237888647867	96.31236442516268	2.169197396963124	3.6153289949385394	0.7953723788864788	4.4107013738250185	1383
2024-09-01	Pennsylvania	42107	Schuylkill	7th Grade	1474	1469	1469	1473	1456	63	3	66	96.90992767915847	96.58119658119655	96.58119658119655	96.84418145956607	95.72649572649573	4.1420118343195265	0.19723865877712032	4.339250493096646	1521
2024-09-01	Pennsylvania	42107	Schuylkill	12th Grade	1451	1451	1452	1453	1445	47	4	51	97.71043771043772	97.71043771043772	97.77777777777776	97.84511784511785	97.3063973063973	3.1649831649831652	0.2693602693602694	3.4343434343434347	1485
2024-09-01	Pennsylvania	42107	Schuylkill	Totals	4248	4235	4240	4258	4222	151	7	158	96.78742310321257	96.49122807017544	96.60514923672818	97.01526543631807	96.1950330371383	3.440419229892914	0.1594896331738437	3.5999088630667577	4389
2024-09-01	Pennsylvania	42109	Snyder	Kindergarten	301	297	295	302	295	27	7	34	89.8507462686567	88.65671641791045	88.05970149253731	90.14925373134328	2.0895522388059704	3.582089552238806	5.37313432835821	8.955223880597016	335
2024-09-01	Pennsylvania	42109	Snyder	7th Grade	434	434	434	436	432	51	1	52	91.56118143459918	91.56118143459918	91.56118143459918	91.98312236286922	91.13924050632912	10.759493670886075	0.21097046413502107	10.970464135021096	474
2024-09-01	Pennsylvania	42109	Snyder	12th Grade	345	344	344	344	342	30	3	33	95.30386740331492	95.02762430939227	95.02762430939227	95.02762430939227	93.646408839779	5.248618784530387	5.52486187845304	10.773480662983426	362
2024-09-01	Pennsylvania	42109	Snyder	Totals	1080	1075	1073	1082	1069	108	11	119	92.22886421861656	91.80187873612297	91.63108454312554	92.399658411614	91.28949615713066	9.222886421861658	0.9393680614859095	10.162254483347565	1171
2024-09-01	Pennsylvania	42111	Somerset	Kindergarten	646	645	638	654	638	48	1	49	93.48769898697539	93.34298118668598	92.32995658465991	94.64544138929088	0.14471780028943562	3.61794500723589	4.341534008683067	7.959479015918957	691
2024-09-01	Pennsylvania	42111	Somerset	7th Grade	677	675	675	675	671	89	1	90	90.14647137150465	89.88015978695074	89.88015978695074	89.88015978695074	89.34753661784288	11.8508655126498	0.13315579227696403	11.984021304926763	751
2024-09-01	Pennsylvania	42111	Somerset	12th Grade	730	727	730	729	725	44	0	44	97.20372836218375	96.80426098535285	97.20372836218375	97.07057256990679	96.53794940079894	4.394141145139814	3.4620505992010644	7.856191744340878	751
2024-09-01	Pennsylvania	42111	Somerset	Totals	2053	2047	2043	2058	2034	181	2	183	93.61605107159143	93.34245326037392	93.16005471956224	93.84404924760602	92.74965800273598	8.253533971728226	0.09119927040583675	8.344733242134064	2193
2024-09-01	Pennsylvania	42113	Sullivan	Kindergarten	48	48	48	48	48	3	0	3	94.11764705882354	94.11764705882354	94.11764705882354	94.11764705882354	5.882352941176472	0	NA	0	51
2024-09-01	Pennsylvania	42113	Sullivan	7th Grade	56	56	56	56	56	6	0	6	90.3225806451613	90.3225806451613	90.3225806451613	90.3225806451613	90.3225806451613	0	4.838709677419355	4.838709677419355	62
2024-09-01	Pennsylvania	42113	Sullivan	12th Grade	47	47	47	47	46	2	0	2	95.91836734693878	95.91836734693878	95.91836734693878	95.91836734693878	93.87755102040819	0	2.0408163265306123	2.0408163265306123	49
2024-09-01	Pennsylvania	42113	Sullivan	Totals	151	151	151	151	150	11	0	11	93.20987654320987	93.20987654320987	93.20987654320987	93.20987654320987	92.5925925925926	6.790123456790123	0	6.790123456790123	162
2024-09-01	Pennsylvania	42115	Susquehanna	Kindergarten	383	384	386	391	384	33	1	34	91.6267942583732	91.86602870813397	92.34449760765551	93.54066985645935	91.86602870813397	7.894736842105263	0.23923444976076558	8.133971291866029	418
2024-09-01	Pennsylvania	42115	Susquehanna	7th Grade	420	416	416	415	413	41	2	43	93.12638580931265	92.23946784922394	92.23946784922394	92.01773835920176	91.57427937915745	9.090909090909092	0.4434589800443459	9.534368070953438	451
2024-09-01	Pennsylvania	42115	Susquehanna	12th Grade	398	398	398	396	394	22	4	26	97.07317073170731	97.07317073170731	97.07317073170731	96.58536585365854	96.09756097560975	5.365853658536585	0.9756097560975606	6.341463414634146	410
2024-09-01	Pennsylvania	42115	Susquehanna	Totals	1201	1198	1200	1202	1191	96	7	103	93.90148553557466	93.66692728694292	93.82329945269743	93.97967161845192	93.11962470680218	7.505863956215793	0.547302580140735	8.053166536356528	1279
2024-09-01	Pennsylvania	42117	Tioga	Kindergarten	367	367	366	369	366	14	1	15	95.32467532467533	95.32467532467533	95.06493506493507	95.84415584415585	0.2597402597402597	1.5584415584415585	3.3766233766233755	4.9350649350649345	385
2024-09-01	Pennsylvania	42117	Tioga	7th Grade	380	379	380	379	377	28	0	28	91.34615384615384	91.10576923076924	91.34615384615384	91.10576923076924	90.625	24.038461538461537	4.807692307692308	28.846153846153847	416
2024-09-01	Pennsylvania	42117	Tioga	12th Grade	386	385	387	384	385	42	2	44	98.72122762148338	98.46547314578005	98.97698209718669	98.20971867007671	93.8618925831202	29.667519181585686	5.115089514066497	34.782608695652186	391
2024-09-01	Pennsylvania	42117	Tioga	Totals	1133	1131	1133	1132	1128	84	3	87	95.0503355704698	94.88255033557047	95.0503355704698	94.96644295302013	94.63087248322148	7.046979865771812	0.2516778523489933	7.298657718120805	1192
2024-09-01	Pennsylvania	42119	Union	Kindergarten	265	265	268	269	268	18	1	19	92.98245614035089	92.98245614035089	94.03508771929826	94.38596491228071	94.03508771929826	6.3157894736842115	0.3508771929824561	6.666666666666668	285
2024-09-01	Pennsylvania	42119	Union	7th Grade	285	284	284	284	282	45	1	46	87.69230769230771	87.38461538461539	87.38461538461539	87.38461538461539	86.76923076923076	13.846153846153847	0.3076923076923077	14.153846153846155	325
2024-09-01	Pennsylvania	42119	Union	12th Grade	280	280	282	280	279	17	6	23	94.91525423728815	94.91525423728815	95.59322033898306	94.91525423728815	94.57627118644066	5.76271186440678	2.0338983050847457	7.796610169491526	295
2024-09-01	Pennsylvania	42119	Union	Totals	830	829	834	833	829	80	8	88	91.71270718232044	91.60220994475138	92.15469613259668	92.04419889502762	91.60220994475138	8.839779005524862	0.8839779005524862	9.723756906077348	905
2024-09-01	Pennsylvania	42121	Venango	Kindergarten	513	513	511	518	509	31	3	34	94.47513812154695	94.47513812154695	94.10681399631675	95.39594843462247	0.5524861878453038	3.1307550644567224	3.3149171270718236	6.445672191528546	543
2024-09-01	Pennsylvania	42121	Venango	7th Grade	583	580	581	583	579	54	2	56	96.36363636363635	95.86776859504133	96.03305785123966	96.36363636363635	95.70247933884298	8.925619834710744	0.3305785123966942	9.256198347107437	605
2024-09-01	Pennsylvania	42121	Venango	12th Grade	570	569	564	569	564	51	7	58	96.77419354838712	96.60441426146011	95.75551782682513	96.60441426146011	95.75551782682513	8.658743633276742	1.1884550084889645	9.847198641765706	589
2024-09-01	Pennsylvania	42121	Venango	Totals	1666	1662	1656	1670	1652	136	12	148	95.91249280368451	95.68221070811744	95.33678756476684	96.14277489925158	95.10650546919977	7.8295912492803685	0.690846286701209	8.520437535981577	1737
2024-09-01	Pennsylvania	42123	Warren	Kindergarten	293	294	293	293	293	11	0	11	96.38157894736842	96.71052631578947	96.38157894736842	96.38157894736842	96.38157894736842	2.6315789473684204	1.644736842105263	4.276315789473683	304
2024-09-01	Pennsylvania	42123	Warren	7th Grade	345	345	344	345	345	42	0	42	91.02902374670185	91.02902374670185	90.7651715039578	91.02902374670185	88.91820580474933	0	1.5831134564643805	1.5831134564643805	379
2024-09-01	Pennsylvania	42123	Warren	12th Grade	337	337	337	336	336	10	2	12	98.53801169590643	98.53801169590643	98.53801169590643	98.2456140350877	98.2456140350877	1.169590643274854	2.339181286549708	3.508771929824562	342
2024-09-01	Pennsylvania	42123	Warren	Totals	975	976	974	974	974	63	2	65	95.1219512195122	95.21951219512195	95.02439024390245	95.02439024390245	95.02439024390245	6.146341463414634	0.1951219512195122	6.341463414634147	1025
2024-09-01	Pennsylvania	42125	Washington	Kindergarten	2027	2014	2024	2044	2015	67	6	73	95.74870099196976	95.13462446858763	95.60699102503544	96.55172413793103	95.1818611242324	3.164855928200284	0.2834199338686821	3.448275862068966	2117
2024-09-01	Pennsylvania	42125	Washington	7th Grade	2068	2063	2068	2067	1956	83	6	89	97.59320434167059	97.35724398301085	97.59320434167059	97.54601226993866	92.3076923076923	3.9169419537517696	0.28315243039169424	4.200094384143464	2119
2024-09-01	Pennsylvania	42125	Washington	12th Grade	2573	2572	2573	2581	2561	114	10	124	97.90715372907155	97.86910197869102	97.90715372907155	98.21156773211568	97.45053272450531	4.337899543378995	0.3805175038051749	4.71841704718417	2628
2024-09-01	Pennsylvania	42125	Washington	Totals	6668	6649	6665	6692	6532	264	22	286	97.14452214452214	96.86771561771562	97.10081585081585	97.49417249417249	95.16317016317016	3.8461538461538463	0.32051282051282054	4.166666666666667	6864
2024-09-01	Pennsylvania	42127	Wayne	Kindergarten	371	365	365	373	364	36	0	36	88.96882494004797	87.52997601918466	87.52997601918466	89.4484412470024	3.836930455635491	5.515587529976018	4.796163069544365	10.311750599520384	417
2024-09-01	Pennsylvania	42127	Wayne	7th Grade	310	309	307	309	307	29	0	29	92.26190476190477	91.96428571428572	91.36904761904765	91.96428571428572	91.36904761904765	11.309523809523814	4.166666666666667	15.476190476190482	336
2024-09-01	Pennsylvania	42127	Wayne	12th Grade	320	315	320	320	316	28	0	28	95.80838323353295	94.311377245509	95.80838323353295	95.80838323353295	94.61077844311376	11.377245508982039	2.395209580838324	13.772455089820362	334
2024-09-01	Pennsylvania	42127	Wayne	Totals	1001	989	992	1002	987	93	0	93	92.0883164673413	90.98436062557498	91.26034958601656	92.1803127874885	90.80036798528059	8.555657773689052	0	8.555657773689052	1087
2024-09-01	Pennsylvania	42129	Westmoreland	Kindergarten	3025	3017	3011	3065	3007	230	10	240	92.50764525993887	92.26299694189602	92.07951070336392	93.73088685015291	91.95718654434252	7.033639143730886	0.3058103975535168	7.339449541284402	3270
2024-09-01	Pennsylvania	42129	Westmoreland	7th Grade	3384	3377	3374	3390	3336	306	18	324	94.28810253552523	94.09306213429925	94.0094733909167	94.45528002229032	92.95068264140428	8.526051825020897	0.5015324602953467	9.027584285316243	3589
2024-09-01	Pennsylvania	42129	Westmoreland	12th Grade	3555	3552	3542	3564	3526	335	30	365	95.02806736166801	94.94787489975943	94.6805666933975	95.26864474739376	94.2528735632184	8.954824913124831	0.8019246190858061	9.756749532210637	3741
2024-09-01	Pennsylvania	42129	Westmoreland	Totals	9964	9946	9927	10019	9869	871	58	929	94	93.83018867924528	93.65094339622641	94.51886792452831	93.10377358490567	8.216981132075471	0.5471698113207547	8.764150943396226	10600
2024-09-01	Pennsylvania	42131	Wyoming	Kindergarten	219	219	218	219	217	6	0	6	97.76785714285717	97.76785714285717	97.32142857142854	97.76785714285717	2.232142857142857	0.8928571428571427	0.4464285714285715	1.3392857142857142	224
2024-09-01	Pennsylvania	42131	Wyoming	7th Grade	231	231	230	230	228	20	1	21	92.77108433734942	92.77108433734942	92.3694779116466	92.3694779116466	91.56626506024097	10.040160642570282	0.401606425702811	10.441767068273093	249
2024-09-01	Pennsylvania	42131	Wyoming	12th Grade	271	271	272	272	270	18	0	18	94.09722222222221	94.09722222222221	94.44444444444446	94.44444444444446	93.75	2.4305555555555554	6.25	8.680555555555555	288
2024-09-01	Pennsylvania	42131	Wyoming	Totals	721	721	720	721	715	44	1	45	94.7437582128778	94.7437582128778	94.61235216819973	94.7437582128778	93.95532194480946	5.781865965834428	0.1314060446780552	5.913272010512483	761
2024-09-01	Pennsylvania	42133	York	Kindergarten	4701	4710	4705	4770	4687	238	16	254	93.51501889795105	93.6940521185598	93.59458921822161	94.88760692261786	93.23652277700417	4.734434056097074	0.3182812810821563	5.05271533717923	5027
2024-09-01	Pennsylvania	42133	York	7th Grade	5475	5467	5500	5489	5459	391	33	424	94.15305245055889	94.01547721410147	94.58297506448842	94.39380911435944	93.87790197764404	6.723989681857265	0.5674978503869302	7.291487532244195	5815
2024-09-01	Pennsylvania	42133	York	12th Grade	5410	5387	5403	5385	5369	321	60	381	97.04035874439461	96.62780269058295	96.91479820627804	96.59192825112106	96.30493273542601	5.757847533632288	1.0762331838565022	6.83408071748879	5575
2024-09-01	Pennsylvania	42133	York	Totals	15586	15564	15608	15644	15515	950	109	1059	94.93817384418591	94.80416641286472	95.07218127550709	95.29146616312359	94.50569531583115	5.786684534324176	0.6639459097277213	6.450630444051898	16417
