"school_name","school_type","address","city","zipcode","planning_region","ex_rel","ex_med","ex_tot"
"Andover Elementary School","Public","35 School Rd.","Andover","06232","Capitol","0.4","1.2","1.6"
"Ansonia High School","Public","20 Pulaski Hwy.","Ansonia","06401","Naugatuck Valley","0.0","0.0","0.0"
"Ansonia Middle School","Public","115 Howard Ave.","Ansonia","06401","Naugatuck Valley","0.2","0.2","0.4"
"Assumption-Ansonia","Non-public","51 North Cliff Street","Ansonia","06401","Naugatuck Valley","3.3","1.9","5.2"
"Emmett O'Brien Technical High School","Public","141 Prindle Ave.","Ansonia","06401","Naugatuck Valley","1.9","0.0","1.9"
"Mead School","Public","75 Ford St.","Ansonia","06401","Naugatuck Valley","0.0","0.0","0.0"
"Prendergast School","Public","59 Finney St.","Ansonia","06401","Naugatuck Valley","0.0","0.0","0.0"
"Ashford School","Public","440 Westford Rd.","Ashford","06278","Northeast CT","1.4","1.1","2.4"
"Avon High School","Public","510 West Avon Rd.","Avon","06001","Capitol","0.4","0.3","0.8"
"Avon Middle School","Public","375 West Avon Rd.","Avon","06001","Capitol","2.5","0.2","2.7"
"Avon Old Farms School","Non-public","500 Old Farms Road","Avon","06001","Capitol","0.2","0.7","1.0"
"Farmington Valley Academy Montessori","Public","150 Fisher Drive","Avon","06001","Capitol","3.1","0.0","3.1"
"Pine Grove School","Public","151 Scoville Rd.","Avon","06001","Capitol","0.0","0.7","0.7"
"Reggio Magnet School of the Arts","Non-public","59 Waterville Road","Avon","06001","Capitol","DNC","DNC","DNC"
"Roaring Brook School","Public","30 Old Wheeler Ln.","Avon","06001","Capitol","0.0","0.9","0.9"
"Talcott Mt. Academy of Science Math & Technology","Non-public","324 Montevideo Road","Avon","06001","Capitol","0.0","0.0","0.0"
"The Webb School in the Valley","Non-public","135 Darling Drive","Avon","06001","Capitol","DS","DS","DS"
"Thompson Brook School","Public","150 Thompson Rd.","Avon","06001","Capitol","4.3","0.2","4.5"
"Barkhamsted Elementary School","Public","65 Ripley Hill Rd.","Barkhamsted","06063","Northwest Hills","2.1","0.0","2.1"
"Laurel Ledge School","Public","30 Highland Ave.","Beacon Falls","06403","Naugatuck Valley","0.3","2.3","2.7"
"Woodland Regional High School","Public","135 Back Rimmon Rd.","Beacon Falls","06403","Naugatuck Valley","3.4","0.7","4.1"
"Berlin High School","Public","139 Patterson Way","Berlin","06037","Capitol","3.2","0.1","3.3"
"Catherine M. McGee Middle School","Public","899 Norton Rd.","Berlin","06037","Capitol","4.0","0.0","4.0"
"Emma Hart Willard School","Public","1088 Norton Rd.","Berlin","06037","Capitol","0.0","0.2","0.2"
"Mary E. Griswold School","Public","133 Heather Ln.","Berlin","06037","Capitol","1.2","0.4","1.6"
"Prism Academy","Non-public","166 Lincoln Street","Berlin","06037","Capitol","DNC","DNC","DNC"
"Richard D. Hubbard School","Public","139 Grove St.","Berlin","06023","Capitol","1.0","0.5","1.4"
"St. Paul School","Non-public","461 Alling Street","Berlin","06037","Capitol","4.5","0.0","4.5"
"Amity Middle School: Bethany","Public","190 Luke Hill Rd.","Bethany","06524","South Central","2.6","0.0","2.6"
"Bethany Community School","Public","44 Peck Road","Bethany","06524","South Central","0.7","0.5","1.2"
"ACCESS Middle and High School","Non-public","16 Trowbridge Drive","Bethel","06801","Western CT","DS","DS","DS"
"Anna H. Rockwell School","Public","400 Whittlesey Dr.","Bethel","06801","Western CT","0.0","0.0","0.0"
"Bethel High School","Public","300 Whittlesey Dr.","Bethel","06801","Western CT","1.7","0.2","1.8"
"Bethel Middle School","Public","600 Whittlesey Dr.","Bethel","06801","Western CT","3.6","0.3","3.8"
"Frank A. Berry School","Public","200 Whittlesey Dr.","Bethel","06801","Western CT","0.0","0.6","0.6"
"Guide Academy","Public","49 Katrina Circle","Bethel","06801","Western CT","DS","DS","DS"
"Ralph M. T. Johnson School","Public","500 Whittlesey Dr.","Bethel","06801","Western CT","1.6","0.0","1.6"
"St. Mary School-Bethel","Non-public","24 Dodgingtown Road","Bethel","06801","Western CT","0.0","0.0","0.0"
"Arch Bridge School","Non-public","21 Arch Bridge Road","Bethlehem","06751","Naugatuck Valley","DS","DS","DS"
"Bethlehem Elementary School","Public","92 East St.","Bethlehem","06751","Naugatuck Valley","2.3","0.4","2.7"
"The Woodhall School","Non-public","58 Harrison Lane","Bethlehem","06751","Naugatuck Valley","2.2","2.2","4.4"
"Academy of International Studies 6-12","Non-public","1551 Blue Hills Ave.","Bloomfield","06002","Capitol","0.6","0.6","1.2"
"Ana Grace Academy of the Arts 6-8","Public","129 Griffin Road North","Bloomfield","06002","Capitol","1.5","0.0","1.5"
"Ana Grace Academy of the Arts PK-5","Public","129 Griffin Road North","Bloomfield","06002","Capitol","0.6","0.2","0.8"
"Bloomfield High School","Public","5 Huckleberry Ln.","Bloomfield","06002","Capitol","0.4","0.0","0.4"
"Carmen Arace","Public","390 Park Avenue","Bloomfield","06002","Capitol","DNC","DNC","DNC"
"Global Experience Magnet School","Public","44 Griffin Rd., South","Bloomfield","06002","Capitol","0.0","0.0","0.0"
"Laurel Literacy Academy","Public","1 Filley St.","Bloomfield","06002","Capitol","0.0","0.0","0.0"
"Metacomet School","Public","185 School St.","Bloomfield","06002","Capitol","0.0","0.0","0.0"
"Museum Academy","Non-public","11 Turkey Hill Road","Bloomfield","06002","Capitol","DNC","DNC","DNC"
"River Street School Birken Campus","Public","1289 Blue Hills Avenue","Bloomfield","06002","Capitol","3.3","1.7","5.0"
"Wintonbury Early Childhood Magnet School","Public","44 Brown Street","Bloomfield","06002","Capitol","0.0","0.3","0.3"
"Bolton Center School","Public","108 Notch Rd.","Bolton","06043","Capitol","2.0","0.7","2.7"
"Bolton High School","Public","72 Brandy St.","Bolton","06043","Capitol","1.9","0.0","1.9"
"Fields Memorial School","Public","8 Bozrah St. Ext.","Bozrah","06334","Southeastern CT","2.8","0.6","3.3"
"Branford High School","Public","185 East Main St.","Branford","06405","South Central","0.3","1.6","1.9"
"East Shoreline Catholic Academy","Non-public","62 Cedar Street","Branford","06405","South Central","1.8","0.9","2.7"
"Francis Walsh Intermediate School","Public","185 Damascus Rd.","Branford","06405","South Central","1.2","0.0","1.2"
"Indian Neck School","Non-public","12 Melrose Ave.","Branford","06405","South Central","0.0","0.0","0.0"
"John B. Sliney School","Public","23 Eades St.","Branford","06405","South Central","0.4","0.4","0.8"
"Mary R. Tisko School","Public","118 Damascus Rd.","Branford","06405","South Central","0.3","0.3","0.6"
"Mary T. Murphy School","Public","14 Brushy Plain Rd.","Branford","06405","South Central","0.0","1.0","1.0"
"A.B. Skane Center","Public","2977 North Madison Ave.","Bridgeport","06606","Greater Bridgeport","0.0","0.0","0.0"
"Achievement First Bridgeport Academy","Public","655 Stillman St.","Bridgeport","06608","Greater Bridgeport","0.2","0.0","0.2"
"Adam J. Lewis Academy","Non-public","500 State St.","Bridgeport","06604","Greater Bridgeport","0.0","0.0","0.0"
"Barnum School","Public","495 Waterview Avenue","Bridgeport","06608","Greater Bridgeport","0.0","0.0","0.0"
"Bassick High School","Public","1181 Fairfield Ave.","Bridgeport","06605","Greater Bridgeport","0.0","0.0","0.0"
"Beardsley School","Public","500 Huntington Rd.","Bridgeport","06610","Greater Bridgeport","0.0","0.0","0.0"
"Black Rock School","Public","545 Brewster St.","Bridgeport","06605","Greater Bridgeport","0.0","0.5","0.5"
"Blackham School","Public","425 Thorme St.","Bridgeport","06606","Greater Bridgeport","0.3","0.1","0.4"
"Bridgeport Hope School","Non-public","283 Lafayette Street","Bridgeport","06604","Greater Bridgeport","4.5","0.0","4.5"
"Bridgeport International Academy","Non-public","285 Lafayette Street","Bridgeport","06604","Greater Bridgeport","1.0","0.0","1.0"
"Bridgeport Learning Center","Non-public","280 Tesiny Ave.","Bridgeport","06606","Greater Bridgeport","0.0","0.0","0.0"
"Bridgeport Military Academy","Public","160 Iranistan Avenue","Bridgeport","06605","Greater Bridgeport","0.0","0.0","0.0"
"Bridgeport Regional Vocational Aquaculture School","Non-public","60 St Stephens Rd","Bridgeport","06605","Greater Bridgeport","DNC","DNC","DNC"
"Bryant School","Public","230 Poplar St.","Bridgeport","06605","Greater Bridgeport","0.0","0.0","0.0"
"Bullard-Havens Technical High School","Public","500 Palisade Ave.","Bridgeport","06610","Greater Bridgeport","0.0","0.5","0.5"
"Capital Preparatory Harbor School 7-12","Public","777 Main Street","Bridgeport","06604","Greater Bridgeport","0.0","0.0","0.0"
"Capital Preparatory Harbor School K-6","Public","777 Main Street","Bridgeport","06604","Greater Bridgeport","0.0","0.0","0.0"
"Catholic Academy of Bridgeport: St. Andrew Academy","Non-public","395 Anton Street","Bridgeport","06606","Greater Bridgeport","0.0","0.0","0.0"
"Catholic Academy of Bridgeport: St. Ann Academy","Non-public","521 Brewster Street","Bridgeport","06605","Greater Bridgeport","0.0","0.0","0.0"
"Catholic Academy of Bridgeport: St. Augustine Academy","Non-public","63 Pequonnock Street","Bridgeport","06604","Greater Bridgeport","0.0","0.0","0.0"
"Catholic Academy of Bridgeport: St. Raphael Academy","Non-public","324 Frank Street","Bridgeport","06604","Greater Bridgeport","0.0","0.0","0.0"
"Central High School","Public","1 Lincoln Blvd.","Bridgeport","06606","Greater Bridgeport","0.4","0.1","0.5"
"Cesar Batalla School","Public","606 Howard Ave.","Bridgeport","06605","Greater Bridgeport","0.0","0.0","0.0"
"Classical Studies Academy 3-8","Public","240 Linwood Ave.","Bridgeport","06604","Greater Bridgeport","0.5","0.0","0.5"
"Classical Studies Academy PK-2","Public","240 Linwood Ave.","Bridgeport","06604","Greater Bridgeport","0.0","0.0","0.0"
"Columbus School","Public","300 University Avenue","Bridgeport","06604","Greater Bridgeport","0.0","0.0","0.0"
"Discovery Magnet","Non-public","4510 Park Avenue","Bridgeport","06606","Greater Bridgeport","1.8","0.4","2.2"
"Edison School","Public","115 Boston Terrace","Bridgeport","06610","Greater Bridgeport","0.0","0.0","0.0"
"Fairchild Wheeler Interdistrict Magnet Campus","Public","840 Old Town Road","Bridgeport","06606","Greater Bridgeport","1.6","0.0","1.6"
"Geraldine Claytor Magnet Academy","Public","240 Ocean Terrace","Bridgeport","06605","Greater Bridgeport","0.0","0.0","0.0"
"Geraldine Johnson School","Public","475 Lexington Avenue","Bridgeport","06604","Greater Bridgeport","0.2","0.1","0.4"
"Great Oaks Charter School","Public","375 Howard Avenue","Bridgeport","06605","Greater Bridgeport","0.5","0.0","0.5"
"Hall School","Public","290 Clermont Ave.","Bridgeport","06610","Greater Bridgeport","0.0","0.0","0.0"
"Hallen School","Public","68 Omega Ave.","Bridgeport","06606","Greater Bridgeport","0.0","0.0","0.0"
"High Horizons","Non-public","700 Palisades Avenue","Bridgeport","06610","Greater Bridgeport","1.8","0.9","2.8"
"James J. Curiale School","Public","300 Laurel Ave.","Bridgeport","06604","Greater Bridgeport","0.0","0.0","0.0"
"Jettie S. Tisdale School","Public","250 Hollister Avenue","Bridgeport","06607","Greater Bridgeport","0.2","0.0","0.2"
"John Winthrop School","Public","85 Eckart St.","Bridgeport","06606","Greater Bridgeport","1.0","0.0","1.0"
"Kolbe Cathedral Preparatory School","Non-public","33 Calhoun Place","Bridgeport","06604","Greater Bridgeport","0.0","0.0","0.0"
"Luis Munoz Marin School","Public","479 Helen St.","Bridgeport","06608","Greater Bridgeport","0.0","0.0","0.0"
"Madison School","Public","376 Wayne St.","Bridgeport","06606","Greater Bridgeport","0.0","0.0","0.0"
"Multicultural Magnet School","Public","700 Palisade Ave.","Bridgeport","06610","Greater Bridgeport","0.0","0.0","0.0"
"New Beginnings Inc Family Academy","Public","184 Garden St.","Bridgeport","06605","Greater Bridgeport","0.7","0.0","0.7"
"Northeastern Adventist Academy - Fairfield County Campus","Non-public","827 Trumbull Avenue","Bridgeport","06606","Greater Bridgeport","DNC","DNC","DNC"
"Park City Magnet School","Public","1526 Chopsey Hill Rd.","Bridgeport","06606","Greater Bridgeport","0.2","0.0","0.2"
"Park City Prep Charter School","Public","1550 State Street","Bridgeport","06605","Greater Bridgeport","DNC","DNC","DNC"
"Paul Laurence Dunbar School","Public","445 Union Ave.","Bridgeport","06607","Greater Bridgeport","0.0","0.0","0.0"
"Read School","Public","130 Ezra St.","Bridgeport","06606","Greater Bridgeport","0.0","0.0","0.0"
"Roosevelt School","Public","680 Park Ave.","Bridgeport","06604","Greater Bridgeport","0.0","0.0","0.0"
"Six-Six Magnet School","Non-public","601 Pearl Harbor St.","Bridgeport","06610","Greater Bridgeport","1.4","0.5","1.8"
"The Bridge Academy","Public","160 Pulaski Street","Bridgeport","06608","Greater Bridgeport","0.0","0.0","0.0"
"Thomas Hooker School","Public","138 Roger Williams Rd.","Bridgeport","06610","Greater Bridgeport","0.0","0.0","0.0"
"Waltersville School","Public","150 Hallett Street","Bridgeport","06608","Greater Bridgeport","0.0","0.0","0.0"
"Warren Harding High School","Public","379 Bond St","Bridgeport","06610","Greater Bridgeport","0.6","0.5","1.1"
"Wilbur Cross School","Public","1775 Reservoir Ave.","Bridgeport","06606","Greater Bridgeport","0.0","1.0","1.0"
"The Burnham School","Public","80 Main St.","Bridgewater","06752","Western CT","4.1","0.0","4.1"
"Bristol Arts and Innovation Magnet School","Public","70 Memorial Boulevard","Bristol","06111","Naugatuck Valley","2.3","0.0","2.3"
"Bristol Central High School","Public","480 Wolcott St.","Bristol","06010","Naugatuck Valley","0.7","0.0","0.7"
"Bristol Eastern High School","Public","632 King St.","Bristol","06010","Naugatuck Valley","1.3","0.1","1.4"
"Bristol Preparatory Academy","Public","210 Redstone Hill Road","Bristol","06010","Naugatuck Valley","0.0","0.0","0.0"
"Chippens Hill Middle School","Public","551 Peacedale St.","Bristol","06010","Naugatuck Valley","1.6","0.0","1.6"
"Edgewood Pre-K Academy","Public","345 Mix St.","Bristol","06010","Naugatuck Valley","0.0","0.0","0.0"
"Ellen P. Hubbell School","Public","90 West Washington St.","Bristol","06010","Naugatuck Valley","0.3","0.3","0.6"
"Greene-Hills School","Public","718 Pine St.","Bristol","06010","Naugatuck Valley","1.0","0.0","1.0"
"Immanuel Lutheran-Bristol","Non-public","154 Meadow Street","Bristol","06010","Naugatuck Valley","0.0","1.0","1.0"
"Ivy Drive School","Public","160 Ivy Dr.","Bristol","06010","Naugatuck Valley","0.5","0.0","0.5"
"Mountain View School","Public","71 Vera Rd.","Bristol","06010","Naugatuck Valley","0.6","0.0","0.6"
"Northeast Middle School","Public","530 Stevens St.","Bristol","06010","Naugatuck Valley","2.6","0.3","2.9"
"Oak Hill School at Bristol","Non-public","47 Upton Street","Bristol","06057","Naugatuck Valley","DNC","DNC","DNC"
"South Side School","Public","21 Tuttle Rd.","Bristol","06010","Naugatuck Valley","0.8","0.6","1.4"
"St. Joseph-Bristol","Non-public","335 Center Street","Bristol","06010","Naugatuck Valley","3.0","0.0","3.0"
"St. Matthew","Non-public","33 Welch Drive","Bristol","06010","Naugatuck Valley","3.9","1.7","5.6"
"St. Paul Catholic High School","Non-public","1001 Stafford Avenue","Bristol","06010","Naugatuck Valley","2.7","0.5","3.3"
"Stafford School","Public","212 Louisiana Ave.","Bristol","06010","Naugatuck Valley","0.0","0.0","0.0"
"West Bristol School","Public","500 Clark Avenue","Bristol","06010","Naugatuck Valley","1.4","0.6","2.0"
"Brookfield High School","Public","45 Long Meadow Hill Rd.","Brookfield","06804","Western CT","2.3","0.5","2.8"
"Candlewood Lake Elementary School","Public","100 Candlewood Lake Road","Brookfield","06804","Western CT","1.2","0.6","1.9"
"Christian Life Academy","Non-public","133 Junction Road","Brookfield","06804","Western CT","0.7","0.0","0.7"
"Whisconier Middle School","Public","17 West Whisconier Rd.","Brookfield","06804","Western CT","0.8","0.3","1.1"
"Brooklyn Elementary School","Public","119 Gorman Rd.","Brooklyn","06234","Northeast CT","1.7","0.0","1.7"
"Brooklyn Middle School","Public","119 Gorman Rd.","Brooklyn","06234","Northeast CT","3.4","0.3","3.7"
"The Learning Clinic","Public","476 Pomfret Road","Brooklyn","06234","Northeast CT","DS","DS","DS"
"Har-Bur Middle School","Public","24 Lyon Rd.","Burlington","06013","Northwest Hills","3.2","0.0","3.2"
"Harwinton Consolidated School","Public","115 Litchfield Rd.","Burlington","06791","Northwest Hills","0.8","0.8","1.7"
"Lake Garda Elementary School","Public","61 Monce Rd.","Burlington","06013","Northwest Hills","0.4","0.2","0.7"
"Lewis S. Mills High School","Public","26 Lyon Rd.","Burlington","06013","Northwest Hills","2.1","0.0","2.1"
"Housatonic Valley Regional High School","Public","246 Warren Turnpike Rd.","Canaan","06031","Northwest Hills","1.9","0.0","1.9"
"Lee H. Kellogg School","Public","47 Main St.","Canaan","06031","Northwest Hills","0.0","0.0","0.0"
"Canterbury Elementary School","Public","67 Kitt Rd.","Canterbury","06331","Northeast CT","1.4","1.7","3.1"
"Dr. Helen Baldwin Middle School","Public","45 Westminster Rd.","Canterbury","06331","Northeast CT","10.9","0.0","10.9"
"Canton High School","Public","76 Simonds Avenue","Canton","06019","Capitol","5.4","0.2","5.6"
"Canton Intermediate School","Public","39 Dyer Ave.","Canton","06019","Capitol","5.4","0.0","5.4"
"Canton Middle School","Public","76 Simonds Avenue","Canton","06019","Capitol","5.6","0.0","5.6"
"Cherry Brook Primary School","Public","4 Barbourtown Rd.","Canton","06019","Capitol","0.0","3.8","3.8"
"Fresh Start School","Non-public","126 Dowd Avenue","Canton","06019","Capitol","DNC","DNC","DNC"
"Chaplin Elementary School","Public","240 Palmer Rd.","Chaplin","06235","Northeast CT","0.7","0.0","0.7"
"Parish Hill High School","Public","304 Parish Hill Rd.","Chaplin","06235","Northeast CT","2.2","1.1","3.4"
"Chapman School","Public","38 Country Club Rd.","Cheshire","06410","Naugatuck Valley","1.5","0.0","1.5"
"Cheshire Academy","Non-public","10 Main Street","Cheshire","06410","Naugatuck Valley","0.0","0.5","0.5"
"Cheshire High School","Public","525 South Main St.","Cheshire","06410","Naugatuck Valley","2.0","0.1","2.1"
"Darcey School","Public","1686 Waterbury Rd.","Cheshire","06410","Naugatuck Valley","0.0","0.0","0.0"
"Dodd Middle School","Public","100 Park Place","Cheshire","06410","Naugatuck Valley","3.9","0.6","4.5"
"Doolittle School","Public","735 Cornwall Ave.","Cheshire","06410","Naugatuck Valley","0.4","0.0","0.4"
"Highland School","Public","490 Highland Ave.","Cheshire","06410","Naugatuck Valley","0.7","0.1","0.9"
"Humiston Alternative School","Non-public","30 Spring Street","Cheshire","06410","Naugatuck Valley","DS","DS","DS"
"Norton School","Public","414 North Brooksvale Rd.","Cheshire","06410","Naugatuck Valley","0.7","0.0","0.7"
"St. Bridget School-Cheshire","Non-public","171 Main Street","Cheshire","06410","Naugatuck Valley","3.1","0.8","3.8"
"Chester Elementary School","Public","23 Ridge Rd.","Chester","06412","Lower CT River Valley","2.6","0.0","2.6"
"Jared Eliot School","Public","69 Fairy Dell Rd.","Clinton","06413","Lower CT River Valley","0.9","0.0","0.9"
"Lewin G. Joel Jr. School","Public","137A Glenwood Rd.","Clinton","06413","Lower CT River Valley","0.0","0.0","0.0"
"The Morgan School","Public","71 Killingworth Tpke.","Clinton","06413","Lower CT River Valley","0.9","0.0","0.9"
"Bacon Academy","Public","611 Norwich Ave.","Colchester","06415","Southeastern CT","2.0","0.5","2.5"
"Colchester Elementary School","Public","315 Halls Hill Rd.","Colchester","06415","Southeastern CT","0.0","1.0","1.0"
"Jack Jackter Intermediate School","Public","215 Halls Hill Rd.","Colchester","06415","Southeastern CT","3.0","0.8","3.8"
"William J. Johnston Middle School","Public","360 Norwich Ave.","Colchester","06415","Southeastern CT","5.9","0.4","6.4"
"Colebrook Consolidated School","Public","452 Smith Hill Road","Colebrook","06021","Northwest Hills","0.0","0.0","0.0"
"Bridges Community School","Public","10 Commerce Ave","Columbia","06237","Capitol","DNC","DNC","DNC"
"Horace W. Porter School","Public","3 Schoolhouse Road","Columbia","06237","Capitol","2.7","0.0","2.7"
"Cornwall Consolidated School","Public","5 Cream Hill Rd.","Cornwall","06796","Northwest Hills","3.2","1.1","4.3"
"Capt. Nathan Hale School","Public","1776 Main Street","Coventry","06238","Capitol","1.6","0.3","1.9"
"Coventry Grammar School","Public","3453 Main Street","Coventry","06238","Capitol","0.0","0.0","0.0"
"Coventry High School/Coventry Academy","Public","78 Ripley Hill Road","Coventry","06238","Capitol","2.0","0.0","2.0"
"George Hersey Robertson School","Public","227 Cross Street","Coventry","06238","Capitol","1.8","0.3","2.1"
"Hale Early Education Center","Public","1776 Main Street","Coventry","06238","Capitol","0.0","0.0","0.0"
"Bethany Lutheran Nursery School","Non-public","50 Court Street","Cromwell","06416","Lower CT River Valley","0.0","0.0","0.0"
"Cromwell High School","Public","1 Donald Harris Dr.","Cromwell","06416","Lower CT River Valley","2.2","0.2","2.4"
"Cromwell Middle School","Public","6 Captain James Mann Memorial Dr.","Cromwell","06416","Lower CT River Valley","2.5","0.0","2.5"
"Edna C. Stevens School","Public","25 Court St.","Cromwell","06416","Lower CT River Valley","0.0","0.8","0.8"
"Woodside Intermediate School","Public","30 Woodside Rd.","Cromwell","06416","Lower CT River Valley","3.0","0.0","3.0"
"Alternative Center For Excellence","Non-public","26 Locust Ave.","Danbury","06810","Western CT","0.0","0.0","0.0"
"B.E.A.M Elementary School","Non-public","103 Miry Brook Road","Danbury","06810","Western CT","DS","DS","DS"
"Broadview Middle School","Public","72 Hospital Ave.","Danbury","06810","Western CT","0.3","0.0","0.3"
"Danbury Early Childhood Center Cottage St.","Non-public","17 Cottage Street","Danbury","06810","Western CT","0.0","0.0","0.0"
"Danbury High School","Public","43 Clapboard Ridge Rd.","Danbury","06811","Western CT","0.6","0.0","0.7"
"Danbury High School West","Public","40 Apple Ridge Road","Danbury","06810","Western CT","0.6","0.2","0.8"
"DPS Early Childhood Center at Granville","Public","14 Granville Avenue","Danbury","06810","Western CT","0.0","0.0","0.0"
"Ellsworth Avenue School","Public","53 Ellsworth Ave","Danbury","06810","Western CT","0.0","0.0","0.0"
"Endeavor","Public","10-12 Crosby Street","Danbury","06810","Western CT","DS","DS","DS"
"Great Plain School","Public","10 Stadley Rough Rd.","Danbury","06811","Western CT","0.0","0.0","0.0"
"Hayestown Avenue School","Public","42 Tamarack Ave.","Danbury","06811","Western CT","0.0","0.0","0.0"
"Henry Abbott Technical High School","Public","21 Hayestown Ave.","Danbury","06811","Western CT","0.8","0.0","0.8"
"Hudson Country Montessori","Non-public","44A Shelter Rock Road","Danbury","06810","Western CT","3.6","1.8","5.4"
"Immaculate High School","Non-public","73 Southern Boulevard","Danbury","06810","Western CT","7.3","0.5","7.8"
"Immanuel Lutheran-Danbury","Non-public","18 Clapboard Ridge Road","Danbury","06811","Western CT","3.7","1.9","5.6"
"King Street Intermediate School","Public","151 South King St.","Danbury","06811","Western CT","1.0","0.0","1.0"
"King Street Primary School","Public","151 South King St.","Danbury","06811","Western CT","0.0","0.0","0.0"
"Mill Ridge Primary School","Public","49A High Ridge Rd.","Danbury","06811","Western CT","0.0","0.0","0.0"
"Morris Street School","Public","28 Morris St.","Danbury","06810","Western CT","0.0","0.0","0.0"
"Park Avenue School","Public","82 Park Ave.","Danbury","06810","Western CT","0.0","0.2","0.2"
"Pembroke School","Public","34 1/2 Pembroke Rd.","Danbury","06811","Western CT","0.0","0.0","0.0"
"Rogers Park Middle School","Public","21 Memorial Dr.","Danbury","06810","Western CT","0.4","0.0","0.4"
"Shelter Rock School","Public","2 Crows Nest Rd.","Danbury","06810","Western CT","0.0","0.0","0.0"
"South Street School","Public","129 South St.","Danbury","06810","Western CT","0.3","0.0","0.3"
"St. Gregory The Great","Non-public","85 Great Plain Road","Danbury","06811","Western CT","2.4","0.0","2.4"
"St. Joseph School-Danbury","Non-public","370 Main Street","Danbury","06810","Western CT","3.5","1.3","4.8"
"St. Peter Sacred Heart School","Non-public","98 Main Street","Danbury","06810","Western CT","0.0","0.0","0.0"
"Stadley Rough School","Public","25 Karen Rd.","Danbury","06811","Western CT","0.0","0.0","0.0"
"Western CT Academy of International Studies Elementary Magnet School","Public","201 University Blvd.","Danbury","06810","Western CT","1.4","0.3","1.7"
"Westside Middle School Academy","Public","1 School Ridge Road","Danbury","06811","Western CT","0.5","0.0","0.5"
"Wooster School","Non-public","91 Miry Brook Road","Danbury","06810","Western CT","DNC","DNC","DNC"
"Cross Street Academy","Non-public","80 Christie Hill Rd","Darien","06820","Western CT","DNC","DNC","DNC"
"Darien High School","Public","80 High School Ln.","Darien","06820","Western CT","1.6","0.2","1.8"
"Hindley Elementary School","Public","10 Nearwater Ln.","Darien","06820","Western CT","1.0","0.2","1.2"
"Holmes Elementary School","Public","18 Hoyt St.","Darien","06820","Western CT","0.0","0.0","0.0"
"Middlesex Middle School","Public","204 Hollow Tree Ridge Rd.","Darien","06820","Western CT","1.7","0.4","2.1"
"Ox Ridge Elementary School","Public","395 Mansfield Ave.","Darien","06820","Western CT","0.3","0.0","0.3"
"Royle Elementary School","Public","133 Mansfield Ave.","Darien","06820","Western CT","0.5","0.3","0.8"
"Tokeneke Elementary School","Public","7 Old Farm Rd.","Darien","06820","Western CT","0.7","0.0","0.7"
"Connecticut Coastal Academy","Non-public","141 Main Street","Deep River","06417","Lower CT River Valley","DNC","DNC","DNC"
"Deep River Elementary School","Public","12 River St.","Deep River","06417","Lower CT River Valley","0.0","0.0","0.0"
"John Winthrop Middle School","Public","1 Winthrop Road","Deep River","06417","Lower CT River Valley","4.6","0.0","4.6"
"Steward Outdoor School","Non-public","253 Bushy Hill Rd","Deep River","06417","Lower CT River Valley","DS","DS","DS"
"Valley Regional High School","Public","256 Kelsey Hill Rd.","Deep River","06417","Lower CT River Valley","2.7","0.0","2.7"
"Bradley School","Public","155 David Humphreys Rd.","Derby","06418","Naugatuck Valley","1.2","0.0","1.2"
"Derby High School","Public","75 Chatfield Street","Derby","06418","Naugatuck Valley","0.3","0.0","0.3"
"Derby Middle School","Public","73 Chatfield Street","Derby","06418","Naugatuck Valley","1.0","0.0","1.0"
"Irving School","Public","9 Garden Place","Derby","06418","Naugatuck Valley","0.3","0.0","0.3"
"Little Raiders University","Public","75 Chatfield Street","Derby","06418","Naugatuck Valley","0.0","2.5","2.5"
"RAISE Academy","Non-public","75 Chatfield Street","Derby","06418","Naugatuck Valley","DS","DS","DS"
"St. Mary - St. Michael","Non-public","14 Seymour Avenue","Derby","06418","Naugatuck Valley","1.3","5.2","6.5"
"Coginchaug Regional High School","Public","135 Pickett Ln.","Durham","06422","Lower CT River Valley","3.2","0.0","3.2"
"Frank Ward Strong School","Public","191 Main Street","Durham","06422","Lower CT River Valley","3.4","0.0","3.4"
"Frederick Brewster School","Public","126 Tuttle Rd.","Durham","06422","Lower CT River Valley","0.0","0.5","0.5"
"Yeshiva Gedolah of Waterbury- Mesivta Durham","Non-public","459 Wallingford Rd","Durham","06422","Lower CT River Valley","1.3","0.0","1.3"
"Allgrove School","Public","33 Turkey Hills Rd.","East Granby","06026","Capitol","0.0","1.5","1.5"
"East Granby High School","Public","95 South Main St.","East Granby","06026","Capitol","1.2","0.0","1.2"
"East Granby Middle School","Public","95 South Main St.","East Granby","06026","Capitol","1.5","0.5","1.9"
"R. Dudley Seymour School","Public","185 Hartford Ave.","East Granby","06026","Capitol","0.0","0.0","0.0"
"East Haddam Elementary School","Public","45 Joe Williams Rd.","East Haddam","06469","Lower CT River Valley","0.3","0.9","1.2"
"Franklin Academy","Non-public","140 River Rd.","East Haddam","06423","Lower CT River Valley","DNC","DNC","DNC"
"Nathan Hale-Ray High School","Public","15 School Drive","East Haddam","06469","Lower CT River Valley","5.0","0.0","5.0"
"Nathan Hale-Ray Middle School","Public","73 Clark Gates Rd.","East Haddam","06469","Lower CT River Valley","3.9","0.8","4.7"
"Center School","Public","7 Summit St.","East Hampton","06424","Lower CT River Valley","2.6","0.4","3.0"
"East Hampton High School","Public","15 North Maple St.","East Hampton","06424","Lower CT River Valley","3.0","0.6","3.7"
"East Hampton Middle School","Public","19 Childs Rd.","East Hampton","06424","Lower CT River Valley","1.6","1.3","2.9"
"East Hampton Nursery School","Non-public","111 main st","East Hampton","06424","Lower CT River Valley","0.0","0.0","0.0"
"Memorial School","Public","20 Smith St.","East Hampton","06424","Lower CT River Valley","0.4","0.4","0.8"
"Academy of Computer Science and Engineering Middle School","Non-public","337 East River Dr.","East Hartford","06108","Capitol","0.3","0.0","0.3"
"Anna E. Norris School","Public","40 Remington Rd.","East Hartford","06108","Capitol","0.0","0.0","0.0"
"Conecticut Education Center","Public","50 Chapman Pl #1416","East Hartford","06108","Capitol","DS","DS","DS"
"Connecticut IB Academy","Public","857 Forbes St.","East Hartford","06118","Capitol","2.5","0.5","3.0"
"Connecticut River Academy at Goodwin University","Non-public","9 Riverside Drive","East Hartford","06118","Capitol","0.2","0.2","0.4"
"Connecticut River Academy at Goodwin University 6-8","Non-public","9 Riverside Drive","East Hartford","06118","Capitol","0.8","0.0","0.8"
"Dr. Franklin H. Mayberry School","Public","101 Great Hill Rd.","East Hartford","06108","Capitol","0.0","0.0","0.0"
"Dr. John A. Langford School","Public","61 Alps Dr.","East Hartford","06108","Capitol","0.0","0.7","0.7"
"Dr. Thomas S. O'Connell School 3-5","Public","305 May Rd.","East Hartford","06118","Capitol","2.2","0.4","2.5"
"Dr. Thomas S. O'Connell School K-2","Public","305 May Rd.","East Hartford","06118","Capitol","0.0","0.0","0.0"
"East Hartford High School","Public","869 Forbes St.","East Hartford","06118","Capitol","1.0","0.1","1.1"
"East Hartford Middle School","Public","777 Burnside Ave.","East Hartford","06108","Capitol","1.4","0.1","1.5"
"Governor William Pitkin School","Public","330 Hills St.","East Hartford","06118","Capitol","0.3","0.0","0.3"
"Hockanum School","Non-public","191 Main Street","East Hartford","06422","Capitol","0.0","0.0","0.0"
"John J. Allison Polaris Center","Non-public","474 School St.","East Hartford","06108","Capitol","0.0","0.0","0.0"
"Joseph O. Goodwin School","Public","1235 Forbes St.","East Hartford","06118","Capitol","0.3","0.0","0.3"
"Pathways Academy of Technology and Design","Public","2 Pent Road","East Hartford","06118","Capitol","0.6","0.0","0.6"
"Riverside Magnet School at Goodwin University","Non-public","29 Willowbrook Road","East Hartford","06118","Capitol","0.6","0.0","0.6"
"RiverTech at Goodwin University","Non-public","6 Pent Road","East Hartford","06118","Capitol","1.1","0.0","1.1"
"Robert J. O'Brien School","Public","56 Farm Dr.","East Hartford","06108","Capitol","0.0","0.3","0.3"
"Silver Lane School","Public","15 Mercer Ave.","East Hartford","06118","Capitol","0.0","0.0","0.0"
"Sunset Ridge Middle School","Public","450 Forbes St.","East Hartford","06118","Capitol","1.2","0.6","1.8"
"Synergy Alternative Program","Non-public","40 Butternut Dr.","East Hartford","06118","Capitol","0.0","0.0","0.0"
"Woodland School","Public","110 Long Hill Dr.","East Hartford","06108","Capitol","1.5","4.4","5.9"
"Carbone School/East Haven Academy","Public","200 Tyler St.","East Haven","06512","South Central","0.0","0.0","0.0"
"Deer Run School","Public","311 Foxon Rd.","East Haven","06512","South Central","0.0","0.0","0.0"
"Dominick H. Ferrara School","Public","22 Maynard Rd.","East Haven","06512","South Central","0.6","0.6","1.3"
"East Haven High School","Public","35 Wheelbarrow Ln.","East Haven","06513","South Central","0.5","0.0","0.5"
"Grove J. Tuttle School","Public","108 Prospect St.","East Haven","06512","South Central","0.0","0.0","0.0"
"Joseph Melillo Middle School","Public","67 Hudson St.","East Haven","06512","South Central","0.0","0.0","0.0"
"Momauguin School","Public","99 Cosey Beach Rd.","East Haven","06512","South Central","0.0","0.4","0.4"
"Prism Academy","Non-public","35 Bishop Street","East Haven","06513","South Central","DNC","DNC","DNC"
"East Lyme High School","Public","30 Chesterfield Rd.","East Lyme","06333","Southeastern CT","0.6","0.1","0.7"
"East Lyme Middle School","Public","31 Society Rd.","East Lyme","06357","Southeastern CT","2.0","0.4","2.4"
"Flanders School","Public","167 Boston Post Rd.","East Lyme","06333","Southeastern CT","1.7","0.0","1.7"
"Integrated Preschool","Public","29 society rd","East Lyme","06357","Southeastern CT","0.0","0.0","0.0"
"Lillie B. Haynes School","Public","29 Society Rd.","East Lyme","06357","Southeastern CT","0.5","0.3","0.8"
"Niantic Center School","Public","7 West Main St.","East Lyme","06357","Southeastern CT","0.6","0.0","0.6"
"The Light House Learning Campus","Non-public","15 Liberty Way","East Lyme","06357","Southeastern CT","2.6","0.0","2.6"
"Broad Brook Elementary School","Public","14 Rye St.","East Windsor","06016","Capitol","0.5","0.2","0.7"
"East Windsor High School","Public","76 South Main St.","East Windsor","06088","Capitol","2.4","0.4","2.8"
"East Windsor Middle School","Public","38 Main St.","East Windsor","06016","Capitol","5.0","0.0","5.0"
"Eastford Elementary School","Public","12 Westford Road","Eastford","06242","Northeast CT","3.1","0.6","3.7"
"Easton Country Day School","Non-public","660 Morehouse Rd.","Easton","06612","Greater Bridgeport","4.9","0.0","4.9"
"Helen Keller Middle School","Public","360 Sport Hill Rd.","Easton","06612","Greater Bridgeport","5.8","0.0","5.8"
"Samuel Staples Elementary School","Public","515 Morehouse Road","Easton","06612","Greater Bridgeport","1.5","1.6","3.1"
"The Speech Academy-Easton","Non-public","656 Morehouse Road","Easton","06612","Greater Bridgeport","DS","DS","DS"
"BASES 89","Public","89 west rd","Ellington","06029","Capitol","0.0","0.0","0.0"
"Center Elementary School","Public","49 Main St.","Ellington","06029","Capitol","1.9","0.9","2.8"
"Crystal Lake School","Public","59 South Road","Ellington","06029","Capitol","1.0","0.3","1.4"
"Ellington High School","Public","37 Maple St.","Ellington","06029","Capitol","3.5","0.0","3.5"
"Ellington Middle School","Public","46 Middle Butcher Rd.","Ellington","06029","Capitol","1.9","0.2","2.2"
"Windermere School","Public","2 Abbott Rd.","Ellington","06029","Capitol","1.3","0.2","1.4"
"Academy of Computer Science and Engineering","Non-public","1617 King Street","Enfield","06082","Capitol","DNC","DNC","DNC"
"Connecticut Education Center","Non-public","1370 Enfield Street","Enfield","06082","Capitol","DS","DS","DS"
"Eagle Academy","Non-public","1270 Enfield Street","Enfield","06082","Capitol","DS","DS","DS"
"Edgar H. Parkman School","Public","165 Weymouth Rd.","Enfield","06082","Capitol","0.3","0.3","0.7"
"Eli Whitney School","Public","94 Middle Rd.","Enfield","06082","Capitol","0.0","0.0","0.0"
"Enfield High School","Public","1264 Enfield St.","Enfield","06082","Capitol","0.7","0.1","0.8"
"Enfield Montessori School","Non-public","1325 Enfield Street","Enfield","06082","Capitol","1.0","0.0","1.0"
"Enfield Street School","Public","1318 Enfield St.","Enfield","06082","Capitol","0.0","0.0","0.0"
"Hazardville Memorial School","Public","68 North Maple St.","Enfield","06082","Capitol","0.0","0.6","0.6"
"Henry Barnard School","Public","27 Shaker Rd.","Enfield","06082","Capitol","0.0","0.3","0.3"
"John F. Kennedy Middle School","Public","155 Raffia Rd.","Enfield","06082","Capitol","1.3","0.1","1.5"
"Little Angels Catholic Pre-School","Non-public","424 Hazard Avenue","Enfield","06082","Capitol","0.0","1.9","1.9"
"Natchaug Hospital School Joshua Center-Enfield","Non-public","72 Shaker Road","Enfield","06082","Capitol","DS","DS","DS"
"Prudence Crandall School","Public","150 Brainard Rd.","Enfield","06082","Capitol","1.4","0.3","1.7"
"St. Bernard School-Enfield","Non-public","232 Pearl Street","Enfield","06082","Capitol","0.6","0.0","0.6"
"Stowe Early Learning Center","Non-public","117 Post Office Road","Enfield","06082","Capitol","0.0","0.0","0.0"
"Essex Elementary School","Public","108 Main St.","Essex","06409","Lower CT River Valley","1.3","0.6","1.9"
"Assumption Catholic School","Non-public","605 Stratfield Road","Fairfield","06825","Greater Bridgeport","0.5","0.0","0.5"
"Burr Elementary School","Public","1960 Burr St.","Fairfield","06824","Greater Bridgeport","0.6","0.6","1.1"
"Covenant School of Bridgeport","Non-public","140 Edison Ave","Fairfield","06825","Greater Bridgeport","0.0","0.0","0.0"
"Dwight Elementary School","Public","1600 Redding Rd.","Fairfield","06824","Greater Bridgeport","0.9","0.4","1.3"
"Early Childhood Center","Non-public","755 Melville Ave.","Fairfield","06825","Greater Bridgeport","0.0","0.9","0.9"
"Fairfield College Preparatory School","Non-public","1073 North Benson Road","Fairfield","06824","Greater Bridgeport","3.8","0.4","4.2"
"Fairfield Country Day School","Non-public","2970 Bronson Road","Fairfield","06824","Greater Bridgeport","3.5","0.0","3.5"
"Fairfield Ludlowe High School","Public","785 Unquowa Rd.","Fairfield","06824","Greater Bridgeport","1.7","0.0","1.7"
"Fairfield Warde High School","Public","755 Melville Ave.","Fairfield","06825","Greater Bridgeport","2.6","0.7","3.3"
"Fairfield Woods Middle School","Public","1115 Fairfield Woods Rd.","Fairfield","06824","Greater Bridgeport","3.5","0.3","3.8"
"Fusion Academy Fairfield","Non-public","777 Commerce Drive","Fairfield","06824","Greater Bridgeport","DS","DS","DS"
"Great Beginnings Montessori School","Non-public","148 Beach Road","Fairfield","06824","Greater Bridgeport","DNC","DNC","DNC"
"Holland Hill School","Public","105 Meadowcroft Road","Fairfield","06824","Greater Bridgeport","0.9","0.2","1.2"
"Hunt Ridge Montessori","Non-public","834 Brookside Dr","Fairfield","06824","Greater Bridgeport","0.0","0.0","0.0"
"Jennings School","Public","31 Palm Dr.","Fairfield","06824","Greater Bridgeport","0.7","1.1","1.8"
"McKinley School","Public","60 Thompson St.","Fairfield","06825","Greater Bridgeport","0.2","0.2","0.4"
"Mill Hill School","Public","635 Mill Hill Terrace","Fairfield","06890","Greater Bridgeport","0.0","0.8","0.8"
"North Stratfield School","Public","190 Putting Green Rd.","Fairfield","06825","Greater Bridgeport","0.0","0.0","0.0"
"Notre Dame Prep of Sacred Heart University","Non-public","220 Jefferson Street","Fairfield","06825","Greater Bridgeport","2.5","0.0","2.5"
"Osborn Hill School","Public","760 Stillson Rd.","Fairfield","06824","Greater Bridgeport","0.0","0.2","0.2"
"Riverfield School","Public","1625 Mill Plain Rd.","Fairfield","06824","Greater Bridgeport","0.5","0.5","0.9"
"Roger Ludlowe Middle School","Public","689 Unquowa Rd.","Fairfield","06824","Greater Bridgeport","4.1","0.5","4.6"
"Sherman School","Public","250 Fern St.","Fairfield","06824","Greater Bridgeport","1.1","0.3","1.3"
"St. Catherine Academy","Non-public","760 Tahmore Drive","Fairfield","06825","Greater Bridgeport","DS","DS","DS"
"St. Thomas Aquinas Catholic School","Non-public","1719 Post Road","Fairfield","06824","Greater Bridgeport","1.5","0.9","2.5"
"Stratfield School","Public","1407 Melville Ave.","Fairfield","06825","Greater Bridgeport","0.5","0.8","1.4"
"The Southport School","Non-public","214 Main Street","Fairfield","06890","Greater Bridgeport","3.5","0.0","3.5"
"The Unquowa School","Non-public","981 Stratfield Road","Fairfield","06825","Greater Bridgeport","3.8","0.8","4.5"
"Tomlinson Middle School","Public","200 Unquowa Rd.","Fairfield","06824","Greater Bridgeport","1.6","0.3","1.9"
"Walter Fitzgerald Campus","Non-public","309 Barberry Road","Fairfield","06890","Greater Bridgeport","7.7","0.0","7.7"
"East Farms School","Public","25 Wolf Pit Rd.","Farmington","06032","Capitol","0.3","0.5","0.8"
"Farmington High School","Public","10 Monteith Dr","Farmington","06032","Capitol","2.1","0.2","2.3"
"Irving A. Robbins Middle School","Public","20 Wolf Pit Rd.","Farmington","06032","Capitol","2.5","0.4","2.9"
"Miss Porter's School","Non-public","60 Main Street","Farmington","06032","Capitol","0.0","0.0","0.0"
"Noah Wallace School","Public","2 School St.","Farmington","06032","Capitol","0.3","0.0","0.3"
"Union School","Public","173 School St.","Farmington","06085","Capitol","0.0","0.3","0.3"
"West District School","Non-public","114 West District Road","Farmington","06085","Capitol","0.0","0.3","0.3"
"West Woods Upper Elementary School","Public","50 Judson Ln.","Farmington","06032","Capitol","1.8","0.5","2.3"
"Franklin Elementary School","Public","206 Pond Rd.","Franklin","06254","Southeastern CT","6.2","0.0","6.2"
"Buttonball Lane School","Public","376 Buttonball Ln.","Glastonbury","06033","Capitol","0.3","0.8","1.0"
"Eastbury Programs","Non-public","1389 Neipsic Road","Glastonbury","06033","Capitol","1.2","0.0","1.2"
"Gideon Welles School","Public","1029 Neipsic Rd.","Glastonbury","06033","Capitol","1.1","0.5","1.6"
"Glastonbury High School","Public","330 Hubbard St.","Glastonbury","06033","Capitol","2.3","0.0","2.3"
"Glastonbury/East Hartford Magnet School","Public","95 Oak Street","Glastonbury","06033","Capitol","0.2","0.4","0.7"
"Hebron Avenue School","Public","1363 Hebron Avenue","Glastonbury","06033","Capitol","0.6","0.4","1.1"
"Hopewell School","Public","1068 Chestnut Hill Rd.","Glastonbury","06073","Capitol","0.2","0.2","0.5"
"Naubuc School","Public","84 Griswold St.","Glastonbury","06033","Capitol","0.7","0.5","1.2"
"Nayaug Elementary School","Public","222 Old Maids Ln.","Glastonbury","06073","Capitol","0.9","0.5","1.4"
"Smith Middle School","Public","216 Addison Rd.","Glastonbury","06033","Capitol","1.7","0.1","1.8"
"Goshen Center School","Public","50 North Street","Goshen","06756","Northwest Hills","0.0","0.8","0.8"
"Granby Memorial High School","Public","54 North Granby Road","Granby","06035","Capitol","1.9","0.2","2.1"
"Granby Memorial Middle School","Public","321 Salmon Brook St.","Granby","06035","Capitol","1.3","0.5","1.8"
"Kelly Lane Primary School","Public","60 Kelly Ln.","Granby","06035","Capitol","0.0","0.3","0.3"
"Wells Road Intermediate School","Public","134 Wells Rd.","Granby","06035","Capitol","2.1","0.8","2.9"
"Brunswick School","Non-public","100 Maher Avenue","Greenwich","06830","Western CT","DNC","DNC","DNC"
"Central Middle School","Public","9 Indian Rock Ln.","Greenwich","06830","Western CT","3.2","0.2","3.4"
"Cos Cob School","Public","300 East Putnam Ave.","Greenwich","06807","Western CT","0.0","0.0","0.0"
"Eagle Hill School","Non-public","45 Glenville Road","Greenwich","06831","Western CT","0.5","1.0","1.5"
"Eastern Middle School","Public","51 Hendrie Ave.","Greenwich","06878","Western CT","1.3","0.0","1.3"
"Glenville School","Public","33 Riversville Rd.","Greenwich","06831","Western CT","1.1","0.7","1.8"
"Greenwich Academy","Public","200 North Maple Avenue","Greenwich","06830","Western CT","0.5","0.0","0.5"
"Greenwich Catholic","Non-public","471 North Street","Greenwich","06830","Western CT","2.6","2.9","5.6"
"Greenwich Country Day","Non-public","401 Old Church Road","Greenwich","06830","Western CT","0.4","0.4","0.8"
"Greenwich High School","Public","10 Hillside Rd.","Greenwich","06830","Western CT","1.6","0.2","1.8"
"Hamilton Avenue School","Public","184 Hamilton Avenue","Greenwich","06830","Western CT","0.0","0.4","0.4"
"International School At Dundee","Public","55 Florence Rd.","Greenwich","06878","Western CT","0.0","0.0","0.0"
"Julian Curtiss School","Public","180 East Elm St.","Greenwich","06830","Western CT","0.0","0.4","0.4"
"New Lebanon School","Public","25 Mead Ave.","Greenwich","06830","Western CT","1.4","0.0","1.4"
"North Mianus School","Public","309 Palmer Hill Rd.","Greenwich","06878","Western CT","1.2","0.2","1.5"
"North Street School","Public","381 North St.","Greenwich","06830","Western CT","1.4","0.2","1.6"
"Old Greenwich School","Public","825 Sound Beach Ave.","Greenwich","06870","Western CT","0.3","0.0","0.3"
"Parkway School","Public","141 Lower Cross Rd.","Greenwich","06831","Western CT","0.4","0.0","0.4"
"Riverside School","Public","90 Hendrie Ave.","Greenwich","06878","Western CT","0.0","0.0","0.0"
"Sacred Heart Greenwich","Non-public","1177 King Street","Greenwich","06831","Western CT","1.1","0.5","1.6"
"The Greenwich Japanese School","Non-public","6 Riverside,","Greenwich","06878","Western CT","0.0","0.0","0.0"
"Western Middle School","Public","1 Western Junior Hwy.","Greenwich","06830","Western CT","1.9","0.6","2.4"
"Whitby School","Non-public","969 Lake Avenue","Greenwich","06831","Western CT","1.2","1.6","2.9"
"Griswold Elementary School","Public","303 Slater Ave.","Griswold","06351","Southeastern CT","0.5","0.5","0.9"
"Griswold High School","Public","267 Slater Ave.","Griswold","06351","Southeastern CT","1.7","0.2","1.8"
"Griswold Middle School","Public","211 Slater Ave.","Griswold","06351","Southeastern CT","4.7","0.2","4.9"
"Griswold Soule Street Academy","Public","22 Soule Street","Griswold","06351","Southeastern CT","DS","DS","DS"
"Catherine Kolnaski Magnet School","Public","500 Poquonnock Rd.","Groton","06340","Southeastern CT","0.9","0.9","1.7"
"Charles Barnum Magnet School","Public","68 Briar Hill Rd.","Groton","06340","Southeastern CT","0.0","0.3","0.3"
"Ella T. Grasso Technical High School","Public","189 Fort Hill Rd.","Groton","06340","Southeastern CT","0.6","0.3","0.9"
"Grace Valley Academy","Non-public","20 Grove Ave","Groton","06340","Southeastern CT","DNC","DNC","DNC"
"Groton Middle School","Public","35 Groton Long Point Road","Groton","06340","Southeastern CT","0.1","0.1","0.2"
"Marine Science Magnet High School","Non-public","130 Shennecossett Road","Groton","06340","Southeastern CT","1.4","0.0","1.4"
"Mystic River Magnet School","Public","160 Fishtown Rd","Groton","06355","Southeastern CT","1.2","0.2","1.4"
"Northeast Academy Arts Magnet School","Public","115 oslo st","Groton","06355","Southeastern CT","0.0","0.0","0.0"
"Robert E. Fitch High School","Public","101 Groton Long Point Road","Groton","06340","Southeastern CT","0.5","0.0","0.5"
"Sacred Heart School-Groton","Non-public","50 Sacred Heart Drive","Groton","06340","Southeastern CT","0.6","0.0","0.6"
"Thames River Magnet School","Public","250 Brandegee Avenue","Groton","06340","Southeastern CT","0.0","0.0","0.0"
"A. Baldwin Middle School","Public","68 Bullard Dr.","Guilford","06437","South Central","1.4","0.0","1.4"
"A. W. Cox School","Public","143 Three Mile Course","Guilford","06437","South Central","0.0","0.4","0.4"
"Calvin Leete School","Public","280 South Union St.","Guilford","06437","South Central","0.0","0.0","0.0"
"E. C. Adams Middle School","Public","233 Church St.","Guilford","06437","South Central","1.2","0.2","1.5"
"Guilford High School","Public","605 New England Rd.","Guilford","06437","South Central","2.3","0.5","2.9"
"Guilford Lakes School","Public","40 Maupas Rd.","Guilford","06437","South Central","0.6","0.0","0.6"
"Melissa Jones School","Public","181 Ledge Hill Rd.","Guilford","06437","South Central","0.0","0.0","0.0"
"Burr District Elementary School","Public","792 Killingworth Road","Haddam","06441","Lower CT River Valley","1.1","0.0","1.1"
"Haddam-Killingworth High School","Public","95 Little City Road","Haddam","06441","Lower CT River Valley","1.9","0.0","1.9"
"Aces Wintergreen Interdistrict Magnet School","Public","670 wintergreen ave","Hamden","06514","South Central","0.4","0.0","0.4"
"Alice Peck Learning Center","Non-public","35 Hillfield Road","Hamden","06518","South Central","0.0","0.0","0.0"
"Bear Path School","Public","10 Kirk Rd.","Hamden","06514","South Central","0.0","0.0","0.0"
"Cedarhurst School","Non-public","871 Prospect Street","Hamden","06517","South Central","DNC","DNC","DNC"
"Church Street School","Public","95 Church St.","Hamden","06514","South Central","0.0","0.0","0.0"
"Dunbar Hill School","Public","315 Lane St.","Hamden","06514","South Central","0.4","0.4","0.7"
"Eli Whitney Technical High School","Public","100 Fairview Ave","Hamden","06514","South Central","DNC","DNC","DNC"
"Hamden Hall School","Non-public","1108 Whitney Avenue","Hamden","06517","South Central","1.3","0.1","1.4"
"Hamden High School","Public","2040 Dixwell Ave.","Hamden","06514","South Central","0.6","0.1","0.6"
"Hamden Middle School","Public","2623 Dixwell Ave.","Hamden","06518","South Central","2.1","0.0","2.1"
"Helen Street School","Public","285 Helen St.","Hamden","06514","South Central","0.0","0.0","0.0"
"Laurel Oaks Adventist School","Non-public","14 West Shepard Avenue","Hamden","06514","South Central","0.0","3.0","3.0"
"Ridge Hill School","Public","120 Carew Rd.","Hamden","06517","South Central","0.0","0.3","0.3"
"Sacred Heart Academy-Hamden","Non-public","265 Benham Street","Hamden","06514","South Central","4.9","0.0","4.9"
"Shepherd Glen School","Public","1 Skiff St. Ext.","Hamden","06514","South Central","0.0","0.0","0.0"
"Spring Glen School","Public","1908 Whitney Ave.","Hamden","06517","South Central","1.4","0.0","1.4"
"St. Rita School","Non-public","1601 Whitney Avenue","Hamden","06517","South Central","0.9","0.0","0.9"
"The Bridge at ACES","Non-public","261 Skiff Street","Hamden","06517","South Central","DS","DS","DS"
"West Woods School","Non-public","350 West Todd St.","Hamden","06518","South Central","0.8","0.0","0.8"
"Whitney High School North","Non-public","130-B Leeder Hill Drive","Hamden","06517","South Central","0.0","0.0","0.0"
"Bridges Community School","Non-public","376 Hartford Turnpike","Hampton","06247","Northeast CT","DS","DS","DS"
"Hampton Elementary School","Public","380 Main St.","Hampton","06247","Northeast CT","1.4","0.0","1.4"
"Quinebaug Middle College","Non-public","742 Upper Maple St.","Hampton","06239","Northeast CT","4.5","0.0","4.5"
"A. I. Prince Technical High School","Public","401 Flatbush Ave.","Hartford","06106","Capitol","0.4","0.0","0.4"
"Achievement First Hartford Academy","Public","305 Greenfield Street","Hartford","06112","Capitol","DNC","DNC","DNC"
"Betances Learning Lab Magnet School","Public","42 Charter Oak Avenue","Hartford","06106","Capitol","0.0","0.0","0.0"
"Betances STEM Magnet School","Public","400 Wethersfield Avenue","Hartford","06114","Capitol","0.0","0.0","0.0"
"Breakthrough Magnet School, South","Public","290 Brookfield Street","Hartford","06106","Capitol","0.0","0.0","0.0"
"Bulkeley High School","Public","395 Lyme Street","Hartford","06112","Capitol","0.2","0.0","0.2"
"Burns Latino Studies Academy","Public","195 Putnam Street","Hartford","06106","Capitol","0.0","0.0","0.0"
"Burr Middle School","Public","400 Wethersfield Avenue","Hartford","06114","Capitol","0.0","0.0","0.0"
"Capital Preparatory Magnet School","Public","1304 Main Street","Hartford","06103","Capitol","DNC","DNC","DNC"
"Classical Magnet School","Public","85 Woodland Street","Hartford","06105","Capitol","0.2","1.3","1.6"
"Community First School Inc.","Non-public","50 Love Lane","Hartford","06112","Capitol","3.2","0.0","3.2"
"Covenant Preparatory School","Non-public","474 Woodland St","Hartford","06112","Capitol","7.3","0.0","7.3"
"Dwight-Bellizzi Dual Language Academy","Public","215 South Street","Hartford","06114","Capitol","0.0","0.0","0.0"
"Eagle House Education Program","Non-public","1680 Albany Avenue","Hartford","06105","Capitol","DS","DS","DS"
"Environmental Sciences Magnet at Hooker School","Public","440 Broadview Terrace","Hartford","06106","Capitol","0.0","0.0","0.0"
"Expeditionary Learning Academy at Moylan School","Public","101 Catherine Street","Hartford","06106","Capitol","0.0","0.3","0.3"
"Global Communications Academy","Public","85 Edwards Street","Hartford","06112","Capitol","DNC","DNC","DNC"
"Grace Academy","Non-public","457 Main Street","Hartford","06103","Capitol","0.0","0.0","0.0"
"Grace S. Webb School","Non-public","200 Retreat Avenue","Hartford","06106","Capitol","1.6","0.0","1.6"
"Greater Hartford Academy of the Arts High School - Full Day","Non-public","160-170 Huyshope Ave","Hartford","06105","Capitol","DNC","DNC","DNC"
"Hartford Magnet Trinity College Academy","Public","53 Vernon Street","Hartford","06103","Capitol","0.4","0.1","0.6"
"Hartford PreKindergarten Magnet School: North Campus","Public","85 Edwards Street","Hartford","06112","Capitol","0.0","0.0","0.0"
"Hartford Public High School","Public","55 Forest Street","Hartford","06105","Capitol","0.0","0.3","0.3"
"High Road School of Hartford High","Non-public","245 Locust Street","Hartford","06114","Capitol","2.7","0.0","2.7"
"High Road School of Hartford-Primary","Non-public","757 New Britain Ave","Hartford","06106","Capitol","DS","DS","DS"
"Jumoke Academy","Public","999 Asylum Ave. Suite 200","Hartford","06105","Capitol","DNC","DNC","DNC"
"Kennelly School","Public","180 White Street","Hartford","06114","Capitol","0.2","0.0","0.2"
"Kinsella Magnet School of Performing Arts: High School Campus","Public","415 Granby Street","Hartford","06112","Capitol","0.0","0.0","0.0"
"Kinsella Magnet School of Performing Arts: PK-8 Campus","Public","65 Van Block Avenue","Hartford","06106","Capitol","0.3","0.0","0.3"
"M. D. Fox School","Public","470 Maple Avenue","Hartford","06114","Capitol","0.0","0.4","0.4"
"M. L. King, Jr. Middle School","Public","25 Ridgefield Street","Hartford","06112","Capitol","0.5","0.0","0.5"
"Maria C. Colon Sanchez Elementary School Sbhc","Public","176 Babcock Street","Hartford","06106","Capitol","DNC","DNC","DNC"
"McDonough Middle School","Public","111 Hillside Avenue","Hartford","06106","Capitol","DNC","DNC","DNC"
"Milner Middle School","Public","150 Tower Avenue","Hartford","06112","Capitol","0.4","0.0","0.4"
"Montessori Magnet at Batchelder School","Public","757 New Britain Avenue","Hartford","06106","Capitol","0.3","0.3","0.6"
"Montessori Magnet at Fisher School","Public","280 Plainfield Street","Hartford","06112","Capitol","1.4","0.0","1.4"
"Montessori Magnet School","Non-public","1460 Broad St.","Hartford","06106","Capitol","DNC","DNC","DNC"
"Mount Olive Children Development Center, Inc.","Public","30 Battles St","Hartford","06120","Capitol","0.0","0.0","0.0"
"Naylor","Public","639 Franklin Avenue","Hartford","06114","Capitol","0.0","1.1","1.1"
"Northeastern Adventist Academy - Hartford Campus/Covenant Prepatory School","Non-public","474 Woodland Street","Hartford","06112","Capitol","1.3","0.0","1.3"
"Oak Hill School at Hartford","Non-public","120 Holcomb Street","Hartford","06112","Capitol","5.8","0.7","6.5"
"Opportunity Academy-Hartford","Non-public","20-28 Sargeant Street","Hartford","06105","Capitol","DNC","DNC","DNC"
"Options Educational Services","Non-public","606 Farmington Avenue","Hartford","06105","Capitol","DNC","DNC","DNC"
"Parkville Community School","Public","47 New Park Avenue","Hartford","06106","Capitol","0.0","0.0","0.0"
"Rawson School","Public","260 Holcomb Street","Hartford","06112","Capitol","0.0","0.0","0.0"
"Renzulli Academy","Non-public","121 Cornwall St","Hartford","06112","Capitol","1.6","1.6","3.2"
"SAND School","Public","1750 Main Street","Hartford","06120","Capitol","0.0","0.0","0.0"
"Sport and Medical Sciences Academy","Public","280 Huyshope Avenue","Hartford","06106","Capitol","0.7","0.0","0.7"
"STEM magnet at Annie Fisher","Public","280 Plainfield St","Hartford","06112","Capitol","0.3","0.3","0.6"
"Trinity Academy Hartford","Non-public","10 Woodland Street","Hartford","06105","Capitol","0.0","0.0","0.0"
"University High School of Science and Engineering","Public","351 Mark Twain Drive","Hartford","06112","Capitol","1.0","0.0","1.0"
"Watkinson School","Non-public","180 Bloomfield Avenue","Hartford","06105","Capitol","2.9","0.0","2.9"
"Weaver High School","Public","415 Granby St.","Hartford","06112","Capitol","0.2","0.0","0.2"
"Webster Micro Society Magnet School","Public","5 Cone Street","Hartford","06105","Capitol","0.6","0.2","0.8"
"West Middle School","Public","44 Niles Street","Hartford","06112","Capitol","0.4","0.0","0.4"
"Wish Museum School","Public","104 Vine Street","Hartford","06112","Capitol","0.0","0.0","0.0"
"Hartland School","Public","30 South Rd.","Hartland","06027","Northwest Hills","1.8","0.0","1.8"
"Gilead Hill School","Public","580 Gilead St.","Hebron","06248","Capitol","0.0","1.0","1.0"
"Hebron Elementary School","Public","92 Church St.","Hebron","06248","Capitol","2.1","0.3","2.4"
"RHAM High School","Public","85 Wall Street","Hebron","06248","Capitol","4.1","0.4","4.6"
"RHAM Middle School","Public","25 Rham Road","Hebron","06248","Capitol","4.9","0.0","4.9"
"Kent Center School","Public","9 Judd Street","Kent","06757","Northwest Hills","1.1","0.0","1.1"
"Kent School","Non-public","1 Macedonia Rd","Kent","06757","Northwest Hills","0.6","0.6","1.2"
"South Kent School","Non-public","40 Bull's Bridge","Kent","06785","Northwest Hills","0.0","0.0","0.0"
"The Marvelwood School","Non-public","476 Skiff Mountain Road","Kent","06757","Northwest Hills","0.0","0.0","0.0"
"Goodyear Early Childhood Center","Non-public","22 Williamsville Rd.","Killingly","06263","Northeast CT","0.0","2.5","2.5"
"H. H. Ellis Technical High School","Public","613 Upper Maple St.","Killingly","06239","Northeast CT","1.5","0.0","1.5"
"High Road School Hartford High at Windham County","Public","95 Wescott St.","Killingly","06239","Northeast CT","DS","DS","DS"
"High Road School Hartford Primary at Windham County","Non-public","95 Westcott Road","Killingly","06239","Northeast CT","DNC","DNC","DNC"
"Killingly Central School","Public","60 Soap St.","Killingly","06241","Northeast CT","0.0","0.0","0.0"
"Killingly High School","Public","226 Putman Pike","Killingly","06241","Northeast CT","1.7","0.1","1.8"
"Killingly Intermediate School","Public","1599 Upper Maple St.","Killingly","06241","Northeast CT","3.9","0.7","4.6"
"Killingly Memorial School","Public","339 Main St.","Killingly","06239","Northeast CT","0.9","0.0","0.9"
"Natchaug Hospital School Joshua Center NE-Danielson","Non-public","934 North Main Street","Killingly","06239","Northeast CT","DS","DS","DS"
"St. James School-Danielson","Non-public","120 Water Street","Killingly","06239","Northeast CT","4.5","2.0","6.6"
"Haddam-Killingworth Intermediate School","Public","451 Route 81","Killingworth","06419","Lower CT River Valley","1.4","0.0","1.4"
"Haddam-Killingworth Middle School","Public","451 Route 81","Killingworth","06419","Lower CT River Valley","2.2","0.0","2.2"
"Killingworth Elementary School","Public","340 Route 81","Killingworth","06419","Lower CT River Valley","0.0","0.8","0.8"
"Lebanon Elementary School","Public","479 Exeter Rd.","Lebanon","06249","Southeastern CT","0.3","0.3","0.5"
"Lebanon Middle School","Public","891 Exeter Rd.","Lebanon","06249","Southeastern CT","7.0","0.0","7.0"
"Lyman Memorial High School","Public","917 Exeter Rd.","Lebanon","06249","Southeastern CT","3.4","0.0","3.4"
"Gales Ferry School","Public","1858 Route 12","Ledyard","06335","Southeastern CT","0.0","0.0","0.0"
"Gallup Hill School","Public","169 Gallup Hill Rd.","Ledyard","06339","Southeastern CT","0.0","0.2","0.2"
"Juliet W. Long School","Public","1854 Route12","Ledyard","06335","Southeastern CT","1.3","0.4","1.7"
"Ledyard High School","Public","24 Gallup Hill Rd.","Ledyard","06339","Southeastern CT","1.2","0.4","1.7"
"Ledyard Middle School","Public","1860 Route 12","Ledyard","06335","Southeastern CT","0.9","0.2","1.1"
"Lisbon Central School","Public","15 Newent Rd.","Lisbon","06351","Southeastern CT","1.0","0.0","1.0"
"Connecticut Junior Republic","Non-public","550 Goshen Road","Litchfield","06759","Northwest Hills","0.0","0.0","0.0"
"Forman School","Non-public","12 Norfolk Road","Litchfield","06759","Northwest Hills","0.6","0.0","0.6"
"Lakeview High School","Public","98 Wamogo Road","Litchfield","06759","Northwest Hills","3.2","0.2","3.4"
"Litchfield Center School","Public","125 West Street","Litchfield","06759","Northwest Hills","0.0","0.0","0.0"
"Litchfield Intermediate School","Public","35 Plumb Hill Road","Litchfield","06759","Northwest Hills","7.3","0.0","7.3"
"Litchfield Montessori School","Non-public","5  Knife Shop Road","Litchfield","06778","Northwest Hills","3.3","1.6","4.9"
"Plumb Hill Middle School","Public","14 Plumb Hill Road","Litchfield","06759","Northwest Hills","5.1","0.0","5.1"
"Lyme Consolidated School","Public","478 Hamburg Road","Lyme","06371","Lower CT River Valley","0.5","0.0","0.5"
"Daniel Hand High School","Public","286 Green Hill Rd.","Madison","06443","South Central","2.1","0.3","2.4"
"Dr. Robert H. Brown Elementary School","Public","980 Durham Rd.","Madison","06443","South Central","0.0","0.0","0.0"
"Grove School","Non-public","175 Copse Road","Madison","06443","South Central","0.0","2.3","2.3"
"Neck River Elementary School","Public","180 Mungertown Road","Madison","06443","South Central","0.0","0.0","0.0"
"Our Lady of Mercy Preparatory Academy","Non-public","20 Island Avenue","Madison","06443","South Central","2.2","0.0","2.2"
"The Country School","Non-public","341 Opening Hill Road","Madison","06443","South Central","1.0","0.5","1.5"
"Town Campus Learning Center","Public","10 Campus Drive","Madison","06443","South Central","DNC","DNC","DNC"
"Walter C. Polson Middle School","Public","302 Green Hill Rd.","Madison","06443","South Central","2.3","0.2","2.5"
"Bowers School","Public","141 Princeton Street","Manchester","06042","Capitol","0.3","0.6","0.9"
"Buckley School","Public","250 Vernon Street","Manchester","06042","Capitol","0.4","0.0","0.4"
"Community Child Guidance Clinic School","Non-public","317 North Main Street","Manchester","06042","Capitol","0.0","0.0","0.0"
"East Catholic High School","Non-public","115 New State Road","Manchester","06042","Capitol","2.7","0.0","2.7"
"Elisabeth M. Bennet Academy","Public","1151 Main St.","Manchester","06040","Capitol","0.3","0.0","0.3"
"Great Path Academy at CT State Manchester","Public","60 Bidwell Street, MS #20","Manchester","06045","Capitol","1.1","0.0","1.1"
"Highland Park School","Public","397 Porter St.","Manchester","06040","Capitol","0.0","0.0","0.0"
"Howell Cheney Technical High School","Public","791 West Middle Tpke.","Manchester","06040","Capitol","0.8","0.0","0.8"
"Illing Middle School","Public","227 Middle Tpke E","Manchester","06040","Capitol","1.1","0.1","1.3"
"Keeney School","Public","179 Keeney St","Manchester","06042","Capitol","0.0","0.0","0.0"
"Manchester Head Start","Non-public","60 Washington Street","Manchester","06042","Capitol","0.0","0.0","0.0"
"Manchester High School","Public","134 MiddleTpke E","Manchester","06040","Capitol","0.7","0.1","0.8"
"Manchester Middle Academy","Non-public","65 North School St.","Manchester","06042","Capitol","0.0","0.0","0.0"
"Manchester Regional Academy","Public","665 Wetherell St.","Manchester","06040","Capitol","0.0","1.6","1.6"
"Martin Elementary","Public","140 Dartmouth Rd","Manchester","06040","Capitol","0.0","0.0","0.0"
"New Heights Academy of Manchester","Non-public","71 Haynes Street","Manchester","06040","Capitol","0.0","0.0","0.0"
"Odyssey Community School","Public","579 Middle Tpke West","Manchester","06040","Capitol","0.7","0.5","1.2"
"St. Bridget School-Manchester","Non-public","74 Main Street","Manchester","06042","Capitol","0.6","0.0","0.6"
"St. James-Manchester","Non-public","73 Park Street","Manchester","06040","Capitol","1.0","0.0","1.0"
"The Cornerstone Christian School","Non-public","236 Main Street","Manchester","06042","Capitol","2.9","0.0","2.9"
"Verplanck School","Public","126 Olcott Street","Manchester","06040","Capitol","0.5","0.5","0.9"
"Waddell School","Public","163 Broad Street","Manchester","06042","Capitol","0.2","0.0","0.2"
"E. O. Smith High School","Public","1235 Storrs Rd.","Mansfield","06268","Capitol","0.7","0.0","0.7"
"Mansfield Elementary School","Public","134 Warrenville Rd.","Mansfield","06250","Capitol","0.0","0.0","0.0"
"Mansfield Middle School","Public","205 Spring Hill Rd.","Mansfield","06268","Capitol","1.7","0.0","1.7"
"Oak Grove Montessori","Non-public","132 Pleasant Valley Road","Mansfield","06250","Capitol","0.0","0.0","0.0"
"Elmer Thienes-Mary Hall Elementary School","Public","25 School Dr.","Marlborough","06447","Capitol","0.0","0.0","0.0"
"Mercy High School","Non-public","1740 Randolf Rd","Mercy High School","06457","Middlesex","1.5","0.0","1.5"
"Benjamin Franklin School","Public","426 West Main St.","Meriden","06450","South Central","1.0","0.0","1.0"
"Casimir Pulaski School","Public","100 Clearview Ave.","Meriden","06450","South Central","0.2","0.4","0.6"
"Edison Middle School","Public","1355 North Broad Street","Meriden","06450","South Central","1.6","0.0","1.6"
"Francis T. Maloney High School","Public","121 Gravel St.","Meriden","06450","South Central","0.7","0.0","0.7"
"H. C. Wilcox Technical High School","Public","298 Oregon Rd.","Meriden","06450","South Central","2.4","0.0","2.4"
"Hanover School","Public","208 Main St.","Meriden","06450","South Central","0.3","0.0","0.3"
"Israel Putnam School","Public","133 Parker Ave.","Meriden","06450","South Central","0.7","0.2","0.9"
"John Barry School","Public","124 Columbia St.","Meriden","06450","South Central","0.9","0.0","0.9"
"Lincoln Middle School","Public","164 Centennial Ave.","Meriden","06450","South Central","0.8","0.0","0.8"
"Meliora Academy","Non-public","470 Murdock Avenue Suite 1","Meriden","06450","South Central","DNC","DNC","DNC"
"MidState Christian Academy","Non-public","139 Charles Street","Meriden","06450","South Central","22.3","5.6","27.9"
"Nathan Hale School","Public","277 Atkins St. Ext.","Meriden","06450","South Central","0.2","0.0","0.2"
"Orville H. Platt High School","Public","220 Coe Ave.","Meriden","06450","South Central","0.6","0.0","0.6"
"Roger Sherman School","Public","64 North Pearl St.","Meriden","06450","South Central","0.7","0.0","0.7"
"Thomas Hooker School","Public","70 Overlook Rd.","Meriden","06450","South Central","0.0","0.0","0.0"
"Venture Academy","Non-public","883 Paddock Avenue","Meriden","06450","South Central","0.0","0.0","0.0"
"Washington Middle School","Public","1225 North Broad St.","Meriden","06450","South Central","0.6","0.0","0.6"
"Long Meadow Elementary School","Public","65 North Benson Rd.","Middlebury","06762","Naugatuck Valley","0.9","0.0","0.9"
"Memorial Middle School","Public","1 Memorial Dr","Middlebury","06762","Naugatuck Valley","1.7","0.0","1.7"
"Middlebury Elementary School","Public","550 Whittemore Rd","Middlebury","06762","Naugatuck Valley","0.7","0.3","1.0"
"John Lyman School","Public","106 Way Rd.","Middlefield","06455","Lower CT River Valley","2.3","0.0","2.3"
"The Independent Day School","Non-public","115 Laurel Brook Road","Middlefield","06455","Lower CT River Valley","1.7","0.8","2.5"
"Beman Middle School","Public","1 Wilderman's Way","Middletown","06457","Lower CT River Valley","1.4","0.0","1.4"
"Bielefield School","Public","70 Maynard St.","Middletown","06457","Lower CT River Valley","0.4","0.0","0.4"
"Farm Hill School","Public","390 Ridge Rd.","Middletown","06457","Lower CT River Valley","0.6","0.3","0.9"
"Lawrence School","Public","Kaplan Dr.","Middletown","06457","Lower CT River Valley","0.0","0.0","0.0"
"MacDonough School","Public","99 Spruce Street","Middletown","06457","Lower CT River Valley","0.0","0.0","0.0"
"Middletown High School","Public","200 LaRosa Lane","Middletown","06457","Lower CT River Valley","0.6","0.1","0.7"
"Moody School","Public","300 Country Club Rd.","Middletown","06457","Lower CT River Valley","0.0","0.0","0.0"
"Queen of the Apostles Preparatory Academy","Non-public","151 Broad St","Middletown","06457","Lower CT River Valley","DNC","DNC","DNC"
"Rushford Day School","Non-public","100 Roscommon Drive, Suite LL30","Middletown","06457","Lower CT River Valley","DNC","DNC","DNC"
"Snow School","Public","299 Wadsworth St.","Middletown","06457","Lower CT River Valley","0.3","0.6","0.9"
"Spencer School","Public","207 Westfield St.","Middletown","06457","Lower CT River Valley","0.0","0.0","0.0"
"St. John Paul II","Non-public","87 South Main Street","Middletown","06457","Lower CT River Valley","1.1","0.0","1.1"
"Vinal Technical High School","Public","60 Daniels St.","Middletown","06457","Lower CT River Valley","1.9","0.0","1.9"
"Wesley School","Public","10 Wesleyan Hills Rd.","Middletown","06457","Lower CT River Valley","0.0","0.0","0.0"
"Xavier High School","Non-public","181 Randolph Road","Middletown","06457","Lower CT River Valley","2.1","0.0","2.1"
"Academy of Our Lady of Mercy, Lauralton Hall","Non-public","200 High Street","Milford","06460","South Central","3.9","0.4","4.2"
"Calf Pen Meadow School","Public","395 Welch's Point Rd.","Milford","06460","South Central","2.2","0.0","2.2"
"Charles F. Hayden School at Boys & Girls Village","Non-public","528 Wheelers Farms Road","Milford","06461","South Central","1.1","0.0","1.1"
"East Shore Middle School","Public","240 Chapel St.","Milford","06460","South Central","5.6","0.0","5.6"
"Harborside Middle School","Public","175 High St.","Milford","06460","South Central","3.4","0.0","3.4"
"J. F. Kennedy School","Public","404 West Ave.","Milford","06460","South Central","1.4","0.4","1.8"
"Jonathan Law High School","Public","20 Lansdale Ave.","Milford","06460","South Central","1.0","0.0","1.0"
"Joseph A. Foran High School","Public","80 Foran Dr.","Milford","06460","South Central","3.8","0.6","4.3"
"Live Oaks School","Public","575 Merwin Ave.","Milford","06460","South Central","0.0","0.0","0.0"
"Mathewson School","Public","466 West River St.","Milford","06460","South Central","0.6","0.0","0.6"
"Meadowside School","Public","80 Seeman's Ln.","Milford","06460","South Central","1.1","1.1","2.2"
"Milestones Behavioral Services-Milford","Public","95 Wolf Harbor Rd","Milford","06461","South Central","7.9","0.0","7.9"
"Milford Christian Academy","Non-public","989 New Haven Avenue","Milford","06460","South Central","DNC","DNC","DNC"
"Orange Avenue School","Public","260 Orange Ave.","Milford","06460","South Central","0.5","0.2","0.7"
"Orchard Hills School","Public","185 Marino Dr.","Milford","06460","South Central","0.3","0.3","0.6"
"Platt Technical High School","Public","600 Orange Ave.","Milford","06461","South Central","2.8","0.1","2.9"
"Pumpkin Delight School","Public","24 Art St.","Milford","06460","South Central","1.4","1.4","2.9"
"St. Mary School-Milford","Non-public","72 Gulf Street","Milford","06460","South Central","3.0","1.2","4.2"
"The Academy","Non-public","140 Gulf Street","Milford","06460","South Central","0.0","0.0","0.0"
"The Foundation School-Milford","Public","91 Woodmont Road","Milford","06460","South Central","DS","DS","DS"
"West Shore Middle School","Public","70 Kay Ave.","Milford","06460","South Central","2.6","0.3","2.8"
"Woodhouse Academy","Non-public","4 Oxford Road, Building F","Milford","06460","South Central","0.0","0.0","0.0"
"Fawn Hollow Elementary School","Public","375 Fan Hill Rd.","Monroe","06468","Greater Bridgeport","1.5","1.0","2.5"
"Jockey Hollow School","Public","365 Fan Hill Rd.","Monroe","06468","Greater Bridgeport","4.9","0.5","5.4"
"Masuk High School","Public","1014 Monroe Tpke.","Monroe","06468","Greater Bridgeport","4.2","0.4","4.6"
"Monroe Elementary School","Public","375 Monroe Tpke.","Monroe","06468","Greater Bridgeport","3.2","1.0","4.2"
"Stepney Elementary School","Public","180 Old Newtown Rd.","Monroe","06468","Greater Bridgeport","0.6","0.0","0.6"
"Bradley School-New London Regional","Non-public","26 Maple Avenue","Montville","06382","Southeastern CT","DNC","DNC","DNC"
"Dr. Charles E. Murphy School","Public","500 Chesterfield Rd.","Montville","06370","Southeastern CT","1.0","0.7","1.7"
"Leonard J. Tyl Middle School","Public","166 Chesterfield Rd.","Montville","06370","Southeastern CT","1.4","0.2","1.6"
"Mohegan School","Public","49 Golden Rd.","Montville","06382","Southeastern CT","0.0","0.0","0.0"
"Montville High School","Public","800 Old Colchester Rd.","Montville","06370","Southeastern CT","0.8","1.6","2.4"
"Oakdale School","Public","30 Indiana Circle","Montville","06370","Southeastern CT","0.7","0.3","1.0"
"Palmer Academy","Non-public","238 Maple Ave.","Montville","06353","Southeastern CT","DS","DS","DS"
"St. Bernard High School","Non-public","1593 Norwich-New London Tpke","Montville","06382","Southeastern CT","0.3","0.3","0.6"
"St. Thomas More","Non-public","45 Cottage Road","Montville","06370","Southeastern CT","DNC","DNC","DNC"
"James Morris School","Public","10 East Street","Morris","06763","Northwest Hills","1.7","3.4","5.1"
"Andrew Avenue School","Public","140 Andrew Ave.","Naugatuck","06770","Naugatuck Valley","0.0","0.0","0.0"
"Bais Yaakov of Waterbury","Non-public","32 Golden Hill Street","Naugatuck","06770","Naugatuck Valley","DNC","DNC","DNC"
"Central Ave Preschool/Head Start","Non-public","28 Central Avenue","Naugatuck","06770","Naugatuck Valley","0.0","0.0","0.0"
"City Hill Middle School","Public","441 City Hill St.","Naugatuck","06770","Naugatuck Valley","1.5","0.3","1.9"
"Cross Street Intermediate School","Public","120 Cross St.","Naugatuck","06770","Naugatuck Valley","1.3","0.0","1.3"
"Hillside Intermediate School","Public","51 Hillside Ave.","Naugatuck","06770","Naugatuck Valley","1.6","0.0","1.6"
"Hop Brook Elementary School","Public","75 Crown Street","Naugatuck","06770","Naugatuck Valley","0.0","0.0","0.0"
"Maple Hill School","Public","641 Maple Hill Rd.","Naugatuck","06770","Naugatuck Valley","0.6","0.0","0.6"
"Mesivta Yesodei Hatorah","Non-public","31 Ran Drive","Naugatuck","06770","Naugatuck Valley","DNC","DNC","DNC"
"Naugatuck High School","Public","543 Rubber Ave.","Naugatuck","06770","Naugatuck Valley","0.6","0.0","0.6"
"Western School","Public","100 Pine St.","Naugatuck","06770","Naugatuck Valley","0.6","0.3","0.9"
"Academy of Science and Innovation","Non-public","600 Slater Road","New Britain","06053","Capitol","0.5","0.0","0.5"
"Brookside School","Non-public","505 South Main St.","New Britain","06051","Capitol","0.0","0.0","0.0"
"Brown-Springer Academic Center","Public","505 South Main St","New Britain","06051","Capitol","0.0","0.0","0.0"
"Chamberlain Elementary School","Public","221 Farmington Ave.","New Britain","06053","Capitol","0.0","0.0","0.0"
"DiLoreto Elementary & Middle School","Public","732 Slater Rd.","New Britain","06053","Capitol","0.4","0.0","0.4"
"E. C. Goodwin Technical High School","Public","735 Slater Rd.","New Britain","06053","Capitol","0.8","0.0","0.8"
"Gaffney Elementary School","Public","322 Slater Rd.","New Britain","06053","Capitol","0.2","0.0","0.2"
"Holmes Elementary School","Public","2150 Stanley St.","New Britain","06053","Capitol","0.5","0.0","0.5"
"Hospital for Special Care","Non-public","2150 Corbin Avenue","New Britain","06053","Capitol","DNC","DNC","DNC"
"Jefferson Elementary School","Public","140 Horse Plain Rd.","New Britain","06053","Capitol","1.6","0.0","1.6"
"Lincoln Elementary School","Public","145 Steele St.","New Britain","06052","Capitol","0.0","0.0","0.0"
"New Britain High School","Public","110 Mill St.","New Britain","06051","Capitol","0.3","0.2","0.5"
"Northend Elementary School","Public","160 Bassett St.","New Britain","06051","Capitol","0.0","0.5","0.5"
"Pulaski Middle School","Public","757 Farmington Ave.","New Britain","06053","Capitol","2.1","0.1","2.3"
"Queen of the Apostles Preparatory Academy, Inc.","Non-public","30 Pendleton Rd","New Britain","06053","Capitol","DNC","DNC","DNC"
"Raymond Hill School","Non-public","345 Linwood Street","New Britain","06052","Capitol","DNC","DNC","DNC"
"Roosevelt Campus","Non-public","40 Goodwin St","New Britain","06051","Capitol","0.5","0.2","0.6"
"Slade Middle School","Public","183 Steele St.","New Britain","06052","Capitol","0.9","0.0","0.9"
"Smalley Elementary School","Public","175 West St.","New Britain","06051","Capitol","0.2","0.0","0.2"
"Smith Elementary School","Public","142 Rutherford St.","New Britain","06051","Capitol","0.2","0.2","0.4"
"Solterra Academy","Non-public","300 John Downey Drive","New Britain","06051","Capitol","DNC","DNC","DNC"
"The Catalyst Academy","Public","183 Steele St.","New Britain","06052","Capitol","0.0","0.0","0.0"
"Vance Elementary School","Public","183 Vance St.","New Britain","06052","Capitol","0.0","0.0","0.0"
"East School","Public","54 Little Brook Rd.","New Canaan","06840","Western CT","0.0","0.5","0.5"
"New Canaan Country School","Non-public","635 Frogtown Road","New Canaan","06840","Western CT","0.7","1.6","2.3"
"New Canaan High School","Public","11 Farm Rd.","New Canaan","06840","Western CT","2.5","0.2","2.8"
"Saxe Middle School","Public","468 South Ave.","New Canaan","06840","Western CT","2.0","0.2","2.1"
"South School","Public","8 Farm Rd.","New Canaan","06840","Western CT","0.6","0.4","1.0"
"St. Luke School","Non-public","377 North Wilton Rd","New Canaan","06840","Western CT","0.0","0.0","0.0"
"West School","Public","769 Ponus Ridge","New Canaan","06840","Western CT","0.2","0.2","0.4"
"New Fairfield Elementary School","Public","24 Gillotti Rd.","New Fairfield","06812","Western CT","0.3","0.2","0.5"
"New Fairfield High School","Public","54 Gillotti Rd.","New Fairfield","06812","Western CT","1.2","0.1","1.3"
"New Fairfield Middle School","Public","56 Gillotti Rd.","New Fairfield","06812","Western CT","1.0","0.0","1.0"
"Ann Antolini School","Public","30 Antolini Road","New Hartford","06057","Northwest Hills","2.0","0.4","2.4"
"Bakerville Consolidated School","Public","51 Cedar Ln.","New Hartford","06057","Northwest Hills","0.0","1.1","1.1"
"Montessori School of Greater Hartford - New Hartford","Non-public","741 Steele Rd","New Hartford","06057","Northwest Hills","DS","DS","DS"
"New Hartford Elementary School","Public","40 Wickett St.","New Hartford","06057","Northwest Hills","0.0","1.1","1.1"
"Achievement First Amistad High School","Non-public","580 Dixwell Ave","New Haven","06511","South Central","0.3","0.1","0.4"
"All Nations Christian Academy","Non-public","358 Lenox Street","New Haven","06513","South Central","DS","DS","DS"
"All Saints Catholics Academy","Non-public","423 Ferry Street","New Haven","06513","South Central","0.0","0.0","0.0"
"Amistad Academy","Public","130 Edgewood Avenue","New Haven","06511","South Central","0.1","0.0","0.1"
"ATLAS Middle School","Non-public","100 Audubon Street","New Haven","06510","South Central","DS","DS","DS"
"Augusta Lewis Troup School","Public","259 Edgewood Ave.","New Haven","06511","South Central","0.0","0.0","0.0"
"Barack H. Obama Magnet University School","Public","69 Farnham Ave","New Haven","06515","South Central","0.0","0.0","0.0"
"Barnard Environmental Magnet School","Public","170 Derby Ave.","New Haven","06511","South Central","0.6","0.2","0.9"
"Beecher School","Public","100 Jewel Street","New Haven","06511","South Central","0.9","0.0","0.9"
"Benjamin Jepson Magnet School","Public","15 Lexington Ave.","New Haven","06513","South Central","0.0","0.0","0.0"
"Betsy Ross Arts and Design Academy","Public","150 Kimberly Ave.","New Haven","06519","South Central","0.0","0.3","0.3"
"Bishop Woods Architecture and Design Magnet School","Public","1481 Quinnipiac Avenue","New Haven","06513","South Central","0.2","0.0","0.2"
"Booker T. Washington Academy","Public","804 State Street","New Haven","06511","South Central","0.2","0.0","0.2"
"Celentano BioTech, Health and Medical Magnet School","Public","400 Canner Street","New Haven","06511","South Central","0.3","0.0","0.3"
"Clinton Avenue School","Public","293 Clinton Ave.","New Haven","06513","South Central","0.0","0.5","0.5"
"Cold Spring School","Non-public","263 Chapel Street","New Haven","06513","South Central","0.0","0.0","0.0"
"Conte/West Hills Magnet School","Public","511 Chapel St.","New Haven","06511","South Central","0.4","0.2","0.6"
"Cooperative Arts And Humanities High School","Non-public","177 College St","New Haven","06510","South Central","0.0","0.0","0.0"
"Davis Academy for Arts & Design Innovation","Public","35 Davis St.","New Haven","06515","South Central","0.6","0.6","1.2"
"Dr. Reginald Mayo","Non-public","185 Goffe St","New Haven","06511","South Central","0.0","0.0","0.0"
"East Rock Community Magnet School","Public","133 Nash St.","New Haven","06511","South Central","0.2","0.0","0.2"
"Edgewood School","Public","737 Edgewood Ave.","New Haven","06515","South Central","0.7","0.2","1.0"
"Edmonds Cofield Preparatory Academy for Young Men, Inc.","Public","609 Dixwell Avenue","New Haven","06511","South Central","DNC","DNC","DNC"
"Elizabeth Ives School for Special Children, Inc.","Non-public","70 State St","New Haven","06511","South Central","DS","DS","DS"
"Elm City College Preparatory School k-8","Public","407 James Street","New Haven","06513","South Central","0.3","0.3","0.6"
"Elm City College Preparatory School-9-12","Public","407 James Street","New Haven","06513","South Central","0.8","0.0","0.8"
"Elm City Montessori School","Public","495 Blake Street","New Haven","06515","South Central","0.0","0.0","0.0"
"Fair Haven School","Public","164 Grand Ave.","New Haven","06513","South Central","0.0","0.0","0.0"
"Family Academy of Multilingual Exploration","Public","255 Blatchley Ave.","New Haven","06513","South Central","0.0","0.0","0.0"
"High School In The Community","Public","175 Water St.","New Haven","06511","South Central","0.0","0.0","0.0"
"Highville Charter School","Public","1 Science Park","New Haven","06511","South Central","0.2","0.0","0.2"
"Hill Central Music Academy","Public","140 Dewitt St.","New Haven","06519","South Central","0.5","0.2","0.7"
"Hill Regional Career High School","Public","140 Legion Ave.","New Haven","06519","South Central","0.0","6.7","6.7"
"Hopkins School","Non-public","986 Forest Road","New Haven","06515","South Central","0.0","0.0","0.0"
"James Hillhouse High School","Public","480 Sherman Parkway","New Haven","06511","South Central","0.3","0.0","0.3"
"John C. Daniels","Public","569 Congress Ave.","New Haven","06519","South Central","DNC","DNC","DNC"
"John S. Martinez Sea and Sky STEM School","Public","100 James St.","New Haven","06513","South Central","0.0","0.0","0.0"
"King/Robinson Magnet School","Public","150 Fournier St.","New Haven","06511","South Central","DNC","DNC","DNC"
"Leila Day","Non-public","100 Cold Spring St","New Haven","06511","South Central","DNC","DNC","DNC"
"Mauro-Sheridan Magnet School","Public","191 Fountain St.","New Haven","06515","South Central","0.2","0.2","0.4"
"Metropolitan Business Academy","Public","115 Water Street","New Haven","06511","South Central","0.0","0.0","0.0"
"Nathan Hale School","Public","480 Townsend Ave.","New Haven","06512","South Central","1.0","0.0","1.0"
"New Haven Academy","Public","444 Orange Street","New Haven","06511","South Central","0.3","0.0","0.3"
"Riverside Education Academy","Non-public","103 Hallock Avenue","New Haven","06519","South Central","DNC","DNC","DNC"
"Roberto Clemente Leadership Academy for Global Awareness","Public","360 Columbus Avenue","New Haven","06519","South Central","0.0","0.0","0.0"
"Ross/Woodward School","Public","185 Barnes Ave.","New Haven","06513","South Central","0.4","0.0","0.4"
"Sound School","Public","60 South Water St.","New Haven","06519","South Central","1.5","1.5","3.0"
"St. Martin de Porres Academy-New Haven","Non-public","208 Columbus Avenue","New Haven","06519","South Central","0.0","0.0","0.0"
"St. Thomas Day School","Non-public","830 Whitney Avenue","New Haven","06511","South Central","0.0","0.0","0.0"
"The Cheder","Non-public","342 Ellsworth Ave","New Haven","06511","South Central","DNC","DNC","DNC"
"The Foote School","Non-public","50 Loomis Place","New Haven","06511","South Central","0.5","0.0","0.5"
"Truman School","Public","114 Truman St.","New Haven","06519","South Central","0.0","0.0","0.0"
"Wexler/Grant - Lincoln/Bassett Community School","Public","130 Bassett St.","New Haven","06511","South Central","DNC","DNC","DNC"
"WG Academy of Exploration and Innovation","Non-public","55 Foote St.","New Haven","06511","South Central","DS","DS","DS"
"Wilbur Cross High School","Public","181 Mitchell Dr.","New Haven","06511","South Central","0.5","0.1","0.6"
"Worthington Hooker School","Public","180 Canner St.","New Haven","06511","South Central","0.4","0.0","0.4"
"Yeshivas Beis Dovid Shlomo Mesivta","Non-public","342 Ellsworth Avenue","New Haven","06511","South Central","DNC","DNC","DNC"
"Yeshivas Beis Dovid Shlomo Zal","Non-public","292 Norton Street","New Haven","06511","South Central","DNC","DNC","DNC"
"Bennie Dover Jackson Middle School","Public","36 Waller St.","New London","06320","Southeastern CT","0.4","0.4","0.8"
"C.B. Jennings International Elementary Magnet","Public","50 Mercer Street","New London","06320","Southeastern CT","0.0","0.0","0.0"
"Interdistrict School For Arts And Communication","Public","190 Governor Winthrop Blvd.","New London","06320","Southeastern CT","3.1","0.0","3.1"
"Mitchell College Children'S Learning Center","Non-public","701 Montauk Ave","New London","06320","Southeastern CT","DS","DS","DS"
"Nathan Hale Arts Magnet School","Public","37 Beech Drive","New London","06320","Southeastern CT","0.5","0.5","0.9"
"New London High School","Public","20 Chester Street","New London","06320","Southeastern CT","0.7","0.0","0.7"
"Ocean Avenue Learning Academy","Non-public","660 Ocean Avenue","New London","06320","Southeastern CT","0.0","2.1","2.1"
"Preschool Program at B.P. Learned Mission","Non-public","40 Shaw Street","New London","06320","Southeastern CT","0.0","0.0","0.0"
"Regional Multicultural Magnet School","Non-public","1 Bulkeley Place","New London","06320","Southeastern CT","0.2","0.0","0.2"
"St. Joseph-New London","Non-public","25 Squire Street","New London","06320","Southeastern CT","0.0","0.0","0.0"
"The Williams School","Non-public","182 Mohegan Avenue","New London","06320","Southeastern CT","3.2","0.0","3.2"
"Winthrop STEM Elementary Magnet School","Public","74 Grove Street","New London","06320","Southeastern CT","1.4","1.4","2.8"
"Canterbury School","Non-public","101 Aspetuck Avenue","New Milford","06776","Western CT","1.8","0.0","1.8"
"EdAdvance New Milford (Hill and Plain School","Public","60 Old Town Park Rd.","New Milford","06776","Western CT","DS","DS","DS"
"Faith Preparatory School","Non-public","600 Danbury Rd.,Suite 2","New Milford","06776","Western CT","11.4","1.1","12.6"
"Hill And Plain School","Public","60 Old Town Park Rd.","New Milford","06776","Western CT","0.0","0.3","0.3"
"New Milford High School","Public","388 Danbury Rd.","New Milford","06776","Western CT","1.3","0.5","1.8"
"Northville Elementary School","Public","22 Hipp Rd.","New Milford","06776","Western CT","0.0","0.2","0.2"
"Sarah Noble Intermediate School","Public","25 Sunny Valley Rd.","New Milford","06776","Western CT","0.7","0.0","0.7"
"Schaghticoke Middle School","Public","23 Hipp Rd.","New Milford","06776","Western CT","2.3","0.1","2.4"
"Anna Reynolds School","Public","85 Reservoir Road","Newington","06111","Capitol","0.5","0.5","1.0"
"Elizabeth Green School","Public","30 Thomas Street","Newington","06111","Capitol","0.0","0.4","0.4"
"Emmanuel Christian Academy","Non-public","569 Maple Hill Avenue","Newington","06111","Capitol","14.5","2.5","17.0"
"John Paterson School","Public","120 Church Street","Newington","06111","Capitol","0.5","0.0","0.5"
"John Wallace Middle School","Public","71 Halleran Drive","Newington","06111","Capitol","1.0","0.0","1.0"
"Martin Kellogg Middle School","Public","155 Harding Avenue","Newington","06111","Capitol","1.7","0.0","1.7"
"Newington High School","Public","605 Willard Avenue","Newington","06111","Capitol","0.8","0.2","1.1"
"Ruth Chaffee School","Public","160 Superior Avenue","Newington","06111","Capitol","0.6","0.6","1.2"
"Fraser Woods Montessori School","Non-public","173 South Main Street","Newtown","06470","Western CT","3.6","2.6","6.2"
"Hawley Elementary School","Public","29 Church Hill Rd.","Newtown","06470","Western CT","0.0","1.0","1.0"
"Head O'Meadow Elementary School","Public","94 Boggs Hill Rd.","Newtown","06470","Western CT","0.6","1.4","2.0"
"Housatonic Valley Waldorf School","Non-public","40 Dodgingtown Road","Newtown","06470","Western CT","7.2","1.6","8.8"
"Middle Gate Elementary School","Public","7 Cold Spring Rd.","Newtown","06470","Western CT","0.5","1.3","1.8"
"Newtown High School","Public","12 Berkshire Rd.","Newtown","06482","Western CT","2.3","0.3","2.5"
"Newtown Middle School","Public","11 Queen St.","Newtown","06470","Western CT","1.5","0.3","1.9"
"Reed Intermediate School","Public","3 Trades Lane","Newtown","06470","Western CT","2.4","0.2","2.6"
"Sandy Hook Elementary School","Public","12 Dickinson Drive","Newtown","06482","Western CT","0.0","0.8","0.8"
"St. Rose of Lima","Non-public","40 Church Hill Road","Newtown","06470","Western CT","2.8","3.2","6.0"
"Botelle Elementary School","Public","128 Greenwoods Rd. East","Norfolk","06058","Northwest Hills","0.0","0.0","0.0"
"Center for Autism Spectrum and Development Disorders","Public","26 Old Post Rd.","North Branford","06472","South Central","6.5","6.5","13.0"
"Jerome Harrison School","Public","335 Foxon Rd.","North Branford","06471","South Central","0.3","0.5","0.8"
"North Branford High School","Public","49 Caputo Rd.","North Branford","06471","South Central","2.8","0.0","2.8"
"North Branford Intermediate School","Public","654 Foxon Rd.","North Branford","06471","South Central","1.7","0.0","1.7"
"Totoket Valley Elementary School","Public","1388 Middletown Ave.","North Branford","06472","South Central","1.7","0.6","2.3"
"North Canaan Elementary School","Public","90 Pease Street, P.O. Box 758","North Canaan","06018","Northwest Hills","0.4","0.0","0.4"
"ACES Mill Road School","Non-public","295 Mill Road","North Haven","06473","South Central","0.0","0.0","0.0"
"Clintonville Elementary School","Public","456 Clintonville Rd.","North Haven","06473","South Central","0.0","0.6","0.6"
"Green Acres Elementary School","Public","146 Upper State St.","North Haven","06473","South Central","0.0","0.3","0.3"
"Montowese Elementary School","Public","145 Fitch St.","North Haven","06473","South Central","0.0","0.0","0.0"
"North Haven High School","Public","221 Elm Street","North Haven","06473","South Central","0.8","0.3","1.1"
"North Haven Middle School","Public","55 Bailey Rd.","North Haven","06473","South Central","2.5","0.1","2.6"
"Ridge Road Elementary School","Public","1341 Ridge Rd.","North Haven","06473","South Central","0.0","0.2","0.2"
"Village School","Non-public","31 Temple St.","North Haven","06473","South Central","0.0","1.3","1.3"
"Cornerstone Baptist Academy","Non-public","5 Rocky Hollow Road","North Stonington","06359","Southeastern CT","DS","DS","DS"
"North Stonington Christian Academy","Non-public","12 Stillman Road","North Stonington","06359","Southeastern CT","0.0","0.0","0.0"
"North Stonington Elementary School","Public","311 Norwich/Westerly Rd.","North Stonington","06359","Southeastern CT","0.8","0.0","0.8"
"Wheeler Middle.High School","Public","297 Norwich/Westerly Rd.","North Stonington","06359","Southeastern CT","1.8","0.0","1.8"
"All Saints Catholic School","Non-public","139 West Rocks Road","Norwalk","06851","Western CT","2.0","0.8","2.8"
"Breakaway Academy","Non-public","300 Wilson","Norwalk","06854","Western CT","DNC","DNC","DNC"
"Brien McMahon High School","Public","300 Highland Avenue","Norwalk","06854","Western CT","1.6","0.2","1.8"
"Brookside Elementary School","Public","382 Highland Avenue","Norwalk","06854","Western CT","0.0","0.0","0.0"
"Cajal Academy, Inc.","Public","13 Marshall St","Norwalk","06854","Western CT","DS","DS","DS"
"Concord Magnet School","Public","21 Hunters Lane","Norwalk","06850","Western CT","1.9","0.0","1.9"
"Cranbury Elementary School","Public","10 Knowalot Lane","Norwalk","06851","Western CT","1.2","0.7","2.0"
"Fox Run Elementary School","Public","228 Fillow Street","Norwalk","06850","Western CT","0.0","0.0","0.0"
"High Road School of Fairfield County","Non-public","17 North Avenue","Norwalk","06851","Western CT","0.0","0.0","0.0"
"JEFFERSON MARINE SCIENCE ELEMETARY","Public","75 Van Buren Ave","Norwalk","06850","Western CT","0.0","0.0","0.0"
"Kendall College & Career Academy","Public","57 Fillow Street","Norwalk","06850","Western CT","0.6","0.3","0.8"
"Marvin Elementary School","Public","15 Calf Pasture Beach Road","Norwalk","06855","Western CT","1.1","0.6","1.7"
"Naramake Elementary School","Public","16 King Street","Norwalk","06851","Western CT","0.6","0.3","0.9"
"Nathan Hale Middle School","Public","176 Strawberry Hill Avenue","Norwalk","06851","Western CT","1.3","0.0","1.3"
"Norwalk Early Childhood Center","Public","11 Allen Road","Norwalk","06851","Western CT","DNC","DNC","DNC"
"Norwalk High School","Public","23 Calvin Murphy Drive","Norwalk","06851","Western CT","1.2","0.1","1.3"
"Ponus Ridge Middle School","Public","21 Hunters Lane","Norwalk","06850","Western CT","1.1","0.3","1.4"
"REGINA PACIS ACADEMY","Non-public","8 Leonard St","Norwalk","06850","Western CT","4.2","0.8","5.0"
"Roton Middle School","Public","201 Highland Avenue","Norwalk","06853","Western CT","1.9","0.0","1.9"
"Rowayton School","Public","1 Roton Avenue","Norwalk","06853","Western CT","1.0","0.2","1.2"
"Side By Side Charter School","Public","10 Chestnut St.","Norwalk","06854","Western CT","0.0","0.0","0.0"
"Silvermine Dual Language Magnet School","Public","157 Perry Avenue","Norwalk","06850","Western CT","1.0","0.2","1.2"
"South Norwalk Elementary School","Public","46 Concord Street","Norwalk","06854","Western CT","0.0","0.0","0.0"
"Tracey Magnet School","Public","20 Camp Street","Norwalk","06851","Western CT","0.5","0.0","0.5"
"West Rocks Middle School","Public","81 West Rocks Road","Norwalk","06851","Western CT","1.1","1.1","2.2"
"Winston Preparatory School","Non-public","57  West Rocks Road","Norwalk","06851","Western CT","DNC","DNC","DNC"
"Wolfpit Integrated Arts Elementary School","Public","1 Starlight  Drive","Norwalk","06851","Western CT","0.8","0.3","1.1"
"Integrated Day Charter School","Public","68 Thermos Ave.","Norwich","06360","Southeastern CT","5.2","0.0","5.2"
"John B. Stanton School","Public","386 New London Tpke.","Norwich","06360","Southeastern CT","1.1","1.4","2.4"
"Kelly STEAM Magnet Middle School","Public","25 Mahan Dr.","Norwich","06360","Southeastern CT","1.4","0.0","1.4"
"Montessori Discovery School","Public","218 Dudley Street","Norwich","06360","Southeastern CT","3.8","0.0","3.8"
"Moriarty Magnet School","Public","20 Lawlor Ln.","Norwich","06360","Southeastern CT","0.0","0.0","0.0"
"Natchaug Hospital Green Valley School","Non-public","40 Connecticut Ave.","Norwich","06360","Southeastern CT","DS","DS","DS"
"Natchaug Hospital School Joshua Center Thames Valley CDT","Non-public","11A Stott Avenue","Norwich","06360","Southeastern CT","DS","DS","DS"
"Norwich Free Academy","Non-public","305 Broadway","Norwich","06360","Southeastern CT","1.4","0.0","1.5"
"Norwich Technical High School","Public","7 Mahan Drive","Norwich","06360","Southeastern CT","2.0","0.8","2.7"
"Sacred Heart School-Taftville","Non-public","15 Hunters Avenue","Norwich","06380","Southeastern CT","0.0","0.8","0.8"
"Samuel Huntington School","Public","80 West Town St.","Norwich","06360","Southeastern CT","0.6","0.3","0.8"
"St. Patrick Cathedral School","Non-public","211 Broadway","Norwich","06360","Southeastern CT","0.8","0.0","0.8"
"Teachers' Memorial Middle School","Public","15 Teachers Dr.","Norwich","06360","Southeastern CT","0.8","0.8","1.5"
"Thomas W. Mahan School","Public","94 Salem Tpke.","Norwich","06360","Southeastern CT","0.0","0.0","0.0"
"Three Rivers Middle College Magnet School","Non-public","574 New London Turnpike","Norwich","06360","Southeastern CT","2.2","0.0","2.2"
"Uncas Elementary School","Public","280 Elizabeth St.","Norwich","06360","Southeastern CT","0.9","0.0","0.9"
"Veterans' Memorial School","Public","80 Crouch Ave.","Norwich","06360","Southeastern CT","0.0","0.0","0.0"
"Wequonnoc Magnet School","Public","155 Providence St.","Norwich","06380","Southeastern CT","0.0","0.0","0.0"
"Wildwood Christian","Non-public","35 Wawecus Hill Road","Norwich","06360","Southeastern CT","8.7","0.0","8.7"
"A Collaborative Academy","Non-public","4 Davis Road West","Old Lyme","06371","Lower CT River Valley","DS","DS","DS"
"Center School","Public","49 Lyme St.","Old Lyme","06371","Lower CT River Valley","0.0","0.0","0.0"
"Lyme-Old Lyme High School","Public","69 Lyme St.","Old Lyme","06371","Lower CT River Valley","2.5","0.3","2.8"
"Lyme-Old Lyme Middle School","Public","53 Lyme St.","Old Lyme","06371","Lower CT River Valley","1.4","0.0","1.4"
"Mile Creek School","Public","205 Mile Creek Rd.","Old Lyme","06371","Lower CT River Valley","0.3","0.0","0.3"
"Kathleen E. Goodwin School","Public","80 Old Boston Post Rd.","Old Saybrook","06475","Lower CT River Valley","1.0","0.5","1.5"
"Natchaug Hospital School CDT-Shoreline","Non-public","5 Research Parkway","Old Saybrook","06475","Lower CT River Valley","DS","DS","DS"
"Old Saybrook Middle School","Public","60 Sheffield St.","Old Saybrook","06475","Lower CT River Valley","3.3","0.0","3.3"
"Old Saybrook Senior High School","Public","1111 Boston Post Rd.","Old Saybrook","06475","Lower CT River Valley","1.2","0.3","1.5"
"St. John Catholic School","Non-public","42 Maynard Road","Old Saybrook","06475","Lower CT River Valley","5.1","2.5","7.6"
"The Children's Tree Montessori School Inc.","Non-public","96 Essex Road","Old Saybrook","06475","Lower CT River Valley","0.0","0.0","0.0"
"Amity Middle School: Orange","Public","100 Ohman Ave.","Orange","06477","South Central","4.1","0.5","4.7"
"Hope Academy","Non-public","89 Marsh Hill Road","Orange","06477","South Central","0.0","0.0","0.0"
"Mary L. Tracy School","Public","650 School House Lane","Orange","06477","South Central","0.0","1.7","1.7"
"Peck Place School","Public","500 Peck Ln.","Orange","06477","South Central","2.3","0.5","2.8"
"Race Brook School","Public","107 Grannis Rd.","Orange","06477","South Central","3.2","0.3","3.5"
"Southern Connecticut Hebrew Academy","Public","261 Derby Avenue","Orange","06477","South Central","3.9","0.0","3.9"
"The Foundation School-Orange","Non-public","719 Derby Milford Road","Orange","06477","South Central","DNC","DNC","DNC"
"Turkey Hill School","Public","441 Turkey Hill Rd.","Orange","06477","South Central","0.0","0.0","0.0"
"Great Oak Elementary School","Public","50 Great Oak Road","Oxford","06478","Naugatuck Valley","5.5","0.3","5.7"
"Oxford High School","Public","61 Quaker Farms Rd.","Oxford","06478","Naugatuck Valley","3.4","0.0","3.4"
"Oxford Middle School","Public","40 Great Oak Rd.","Oxford","06478","Naugatuck Valley","6.2","0.3","6.5"
"Quaker Farms School","Public","30 Great Oak Rd.","Oxford","06478","Naugatuck Valley","0.0","0.2","0.2"
"Moosup Elementary School","Public","35 Church St.","Plainfield","06354","Northeast CT","0.9","0.4","1.3"
"Plainfield Central School","Public","75 Canterbury Rd.","Plainfield","06374","Northeast CT","1.9","0.2","2.2"
"Plainfield High School","Public","105 Putnam Road","Plainfield","06332","Northeast CT","4.1","0.4","4.5"
"Plainfield Memorial School","Public","95 Canterbury Rd.","Plainfield","06374","Northeast CT","4.0","0.3","4.3"
"Shepard Hill Elementary School","Public","234 Shepard Hill Rd.","Plainfield","06374","Northeast CT","0.3","0.5","0.8"
"Frank T. Wheeler School","Public","15 Cleverland Memorial Dr.","Plainville","06062","Capitol","1.2","0.0","1.2"
"Linden Street School","Public","69 Linden St.","Plainville","06062","Capitol","0.8","0.3","1.1"
"Louis Toffolon School","Public","145 NorthWest Dr.","Plainville","06062","Capitol","0.8","0.3","1.1"
"Middle School of Plainville","Public","150 Northwest Dr.","Plainville","06062","Capitol","5.9","0.0","5.9"
"Northwest Village School/Wheeler Clinic","Public","91 Northwest Drive","Plainville","06062","Capitol","1.3","0.0","1.3"
"Plainville High School","Public","47 Robert Holcomb Way","Plainville","06062","Capitol","2.5","0.1","2.7"
"Eli Terry Jr. Middle School","Public","21 North Main Street","Plymouth","06786","Naugatuck Valley","1.5","0.0","1.5"
"Harry S. Fisher Elementary School","Public","79 North Main Street","Plymouth","06786","Naugatuck Valley","0.8","0.4","1.1"
"Partnership Learning Academy","Non-public","77 Main Street","Plymouth","06786","Naugatuck Valley","DS","DS","DS"
"Plymouth Center School","Public","107 North Street","Plymouth","06782","Naugatuck Valley","0.0","0.9","0.9"
"Terryville High School","Public","33 North Harwinton Avenue","Plymouth","06786","Naugatuck Valley","2.3","0.3","2.6"
"Pomfret Community School","Public","20 Pomfret St.","Pomfret","06259","Northeast CT","2.2","0.3","2.5"
"Pomfret School","Non-public","398 Pomfret Street","Pomfret","06258","Northeast CT","0.0","0.0","0.0"
"Rectory School","Non-public","528 Pomfret Street","Pomfret","06258","Northeast CT","0.4","0.4","0.8"
"Brownstone Intermediate School","Public","314 Main St.","Portland","06480","Lower CT River Valley","0.0","0.0","0.0"
"Gildersleeve School","Public","565 Main St.","Portland","06480","Lower CT River Valley","1.5","0.0","1.5"
"Portland High School","Public","95 High Street","Portland","06480","Lower CT River Valley","1.6","0.3","1.9"
"Portland Middle School","Public","93 High Street","Portland","06480","Lower CT River Valley","3.3","0.0","3.3"
"Valley View School","Public","81 High St.","Portland","06480","Lower CT River Valley","0.0","1.3","1.3"
"Preston Plains School","Public","1 Route 164","Preston","06365","Southeastern CT","0.0","0.0","0.0"
"Preston Veterans' Memorial School","Public","325 Shetucket Tpke.","Preston","06365","Southeastern CT","0.0","0.8","0.8"
"Long River Middle School","Public","38 Columbia Ave.","Prospect","06712","Naugatuck Valley","3.9","0.7","4.6"
"Prospect Elementary School","Public","75 New Haven Road","Prospect","06712","Naugatuck Valley","0.8","0.3","1.2"
"Putnam Elementary School","Public","33 Wicker St.","Putnam","06260","Northeast CT","0.4","0.4","0.8"
"Putnam High School","Public","152 Woodstock Ave.","Putnam","06260","Northeast CT","0.8","0.8","1.6"
"Putnam Middle School","Public","35 Wicker St.","Putnam","06260","Northeast CT","2.0","0.3","2.3"
"Putnam Science Academy","Non-public","18 Maple Street","Putnam","06260","Northeast CT","DNC","DNC","DNC"
"Joel Barlow High School","Public","100 Black Rock Tpke.","Redding","06896","Western CT","3.9","0.0","3.9"
"John Read Middle School","Public","486 Redding Road","Redding","06896","Western CT","3.4","0.3","3.7"
"Redding Elementary School","Public","33 Lonetown Rd.","Redding","06896","Western CT","1.1","0.9","1.9"
"Barlow Mountain Elementary School","Public","115 Barlow Mountain Rd.","Ridgefield","06877","Western CT","0.3","1.1","1.4"
"Branchville Elementary School","Public","40 Florida Rd.","Ridgefield","06877","Western CT","0.3","0.6","0.9"
"East Ridge Middle School","Public","10 East Ridge Rd.","Ridgefield","06877","Western CT","2.4","0.0","2.4"
"Farmingville Elementary School","Public","324 Farmingville Rd.","Ridgefield","06877","Western CT","0.7","0.3","1.0"
"Ridgebury Elementary School","Public","112 Bennett's Farm Rd.","Ridgefield","06877","Western CT","0.6","0.0","0.6"
"Ridgefield Academy","Non-public","223 West Mountain Road","Ridgefield","06877","Western CT","1.0","0.0","1.0"
"Ridgefield High School","Public","700 North Salem Rd.","Ridgefield","06877","Western CT","2.1","0.1","2.2"
"Scotland Elementary School","Public","111 Barlow Mountain Rd.","Ridgefield","06877","Western CT","0.0","0.3","0.3"
"Scotts Ridge Middle School","Public","750 North Salem Rd.","Ridgefield","06877","Western CT","1.8","0.4","2.1"
"St. Mary School - Ridgefield","Non-public","183 High Ridge Avenue","Ridgefield","06877","Western CT","4.6","1.3","5.8"
"Veterans Park Elementary School","Public","8 Governor St.","Ridgefield","06877","Western CT","0.0","0.8","0.8"
"Academy of Aerospace and Engineering Elementary","Non-public","7 Gardner Way","Rocky Hill","06067","Capitol","0.5","0.0","0.5"
"Albert D. Griswold Middle School","Public","144 Bailey Rd.","Rocky Hill","06067","Capitol","1.9","0.0","1.9"
"Hubbard Day School North","Non-public","525 Brook Street","Rocky Hill","06067","Capitol","DNC","DNC","DNC"
"Moser School","Public","10 School Street","Rocky Hill","06067","Capitol","1.4","0.5","1.9"
"Myrtle H. Stevens School","Public","322 Orchard St.","Rocky Hill","06067","Capitol","0.0","0.3","0.3"
"Rocky Hill High School","Public","50 Chapin Ave.","Rocky Hill","06067","Capitol","DNC","DNC","DNC"
"West Hill School","Public","95 Cronin Dr.","Rocky Hill","06067","Capitol","0.0","0.0","0.0"
"Booth Free School","Public","14 South St.","Roxbury","06783","Northwest Hills","4.6","0.0","4.6"
"Salem Elementary School","Public","200 Hartford Rd.","Salem","06420","Southeastern CT","1.0","1.0","2.0"
"Indian Mountain School","Non-public","211 Indian Mountain Road","Salisbury","06039","Northwest Hills","DNC","DNC","DNC"
"Salisbury Central School","Public","45 Lincoln City Road, P.O. Box 1808","Salisbury","06039","Northwest Hills","0.7","0.0","0.7"
"Salisbury School","Non-public","251 Canaan Road","Salisbury","06068","Northwest Hills","0.3","0.3","0.7"
"The Hotchkiss School","Non-public","11 Interlaken Road","Salisbury","06038","Northwest Hills","0.0","0.2","0.2"
"Scotland Elementary School","Public","68 Brook Rd.","Scotland","06264","Northeast CT","0.0","0.0","0.0"
"Bungay School","Public","35 Bungay Rd.","Seymour","06483","Naugatuck Valley","0.2","0.2","0.4"
"Chatfield-LoPresti School","Public","51 Skokorat St.","Seymour","06483","Naugatuck Valley","0.4","0.4","0.8"
"Seymour High School","Public","2 Botsford Rd.","Seymour","06483","Naugatuck Valley","2.9","0.4","3.3"
"Seymour Middle","Public","211 Mountain Rd.","Seymour","06483","Naugatuck Valley","2.0","0.4","2.4"
"Sharon Center School","Public","80 Hilltop Road","Sharon","06069","Northwest Hills","1.1","0.0","1.1"
"Booth Hill School","Public","544 Booth Hill Rd.","Shelton","06484","Naugatuck Valley","0.7","0.0","0.7"
"Elizabeth Shelton School","Public","138 Willoughby Rd.","Shelton","06484","Naugatuck Valley","1.1","0.9","2.0"
"Intermediate School","Public","675 Constitution Blvd.","Shelton","06484","Naugatuck Valley","3.0","0.3","3.3"
"Long Hill School","Public","565 Long Hill Ave.","Shelton","06484","Naugatuck Valley","0.6","0.3","0.8"
"Mohegan School","Public","47 Mohegan Rd.","Shelton","06484","Naugatuck Valley","0.0","1.3","1.3"
"Perry Hill Elementary School","Public","60 Perry Hill Road","Shelton","06484","Naugatuck Valley","2.3","0.3","2.6"
"Shelton High School","Public","120 Meadow St.","Shelton","06484","Naugatuck Valley","0.9","0.0","0.9"
"Sunnyside School","Public","418 River Rd.","Shelton","06484","Naugatuck Valley","0.8","0.0","0.8"
"Sherman School","Public","2 Route 37 East","Sherman","06784","Western CT","4.3","0.4","4.7"
"Central School","Public","29 Massaco St.","Simsbury","06070","Capitol","0.0","0.3","0.3"
"Henry James Memorial School","Public","155 Firetown Rd.","Simsbury","06070","Capitol","0.0","0.0","0.0"
"Latimer Lane School","Public","33 Mountain View Rd.","Simsbury","06089","Capitol","0.9","0.2","1.1"
"Simsbury High School","Public","34 Farms Village Rd.","Simsbury","06070","Capitol","1.2","0.3","1.4"
"Squadron Line School","Public","44 Squadron Line Rd.","Simsbury","06070","Capitol","0.1","0.3","0.4"
"St. Mary - Simsbury","Non-public","946 Hopmeadow Street","Simsbury","06070","Capitol","3.6","0.8","4.4"
"Tariffville School","Public","42 Winthrop St.","Simsbury","06081","Capitol","2.2","0.0","2.2"
"The Cobb School Montessori","Non-public","112 Sand Hill Road","Simsbury","06070","Capitol","1.6","0.8","2.4"
"The Ethel Walker School","Non-public","230 Bushy Hill Road","Simsbury","06070","Capitol","DNC","DNC","DNC"
"The Master's School","Non-public","36 Westledge Road","Simsbury","06092","Capitol","5.2","2.6","7.7"
"Tootin' Hills School","Public","25 Nimrod Rd.","Simsbury","06092","Capitol","0.3","0.0","0.3"
"Westminister School","Non-public","995 Hopmeadow Street","Simsbury","06070","Capitol","DNC","DNC","DNC"
"Mabelle B. Avery Middle School","Public","1 Vision Boulevard","Somers","06071","Capitol","5.4","0.3","5.7"
"Somers Elementary School","Public","4 Vision Boulevard","Somers","06071","Capitol","0.8","0.5","1.3"
"Somers High School","Public","5 Vision Boulevard","Somers","06071","Capitol","2.5","0.3","2.8"
"Academy of International Studies Elementary School","Non-public","625 Chapel Road","South Windsor","06074","Capitol","0.0","0.2","0.2"
"Eli Terry School","Public","569 Griffin Rd.","South Windsor","06074","Capitol","0.9","0.2","1.1"
"Orchard Hill School","Public","380 Foster St.","South Windsor","06074","Capitol","DNC","DNC","DNC"
"Philip R. Smith School","Public","949 Avery Street","South Windsor","06074","Capitol","0.2","0.6","0.8"
"Pleasant Valley School","Public","591 Ellington Rd.","South Windsor","06074","Capitol","0.4","0.5","0.9"
"South Windsor High School","Public","161 Nevers Rd.","South Windsor","06074","Capitol","1.8","0.3","2.1"
"Timothy Edwards School","Public","100 Arnold Way","South Windsor","06074","Capitol","2.3","0.2","2.5"
"Gainfield Elementary School","Public","307 Old Field Rd.","Southbury","06488","Naugatuck Valley","0.0","0.0","0.0"
"Pomperaug Elementary School","Public","607 Main St. S","Southbury","06488","Naugatuck Valley","1.9","0.8","2.7"
"Pomperaug Regional High School","Public","234 Judd Rd.","Southbury","06488","Naugatuck Valley","1.5","0.1","1.6"
"Rochambeau Middle School","Public","100 Peter Rd.","Southbury","06488","Naugatuck Valley","2.4","0.0","2.4"
"Central Christian Academy","Non-public","1505 West Street","Southington","06489","Capitol","DNC","DNC","DNC"
"Flanders Elementary School","Public","100 Victoria Dr.","Southington","06489","Capitol","0.0","0.0","0.0"
"John F. Kennedy Middle School","Public","1071 South Main Street","Southington","06479","Capitol","2.5","0.3","2.7"
"Joseph A. Depaolo Middle School","Public","385 Pleasant St.","Southington","06489","Capitol","3.2","0.3","3.5"
"Karen Smith Academy","Non-public","242 Main Street","Southington","06489","Capitol","DS","DS","DS"
"R. E. Thalberg Elementary School","Public","145 Dunham Rd.","Southington","06489","Capitol","0.2","0.7","1.0"
"South End Elementary School","Public","10 Maxwell-Noble Drive","Southington","06479","Capitol","0.0","0.4","0.4"
"Southington High School","Public","720 Pleasant Street","Southington","06489","Capitol","2.2","0.2","2.4"
"St. Luke Catholic School","Non-public","133 Bristol Street","Southington","06489","Capitol","0.0","1.2","1.2"
"Urbin T. Kelley School","Public","501 Ridgewood Rd.","Southington","06489","Capitol","1.0","0.3","1.4"
"Walter A. Derynoski Elementary School","Public","240 Main St.","Southington","06489","Capitol","1.1","0.4","1.4"
"William H. Hatton Elementary School","Public","50 Spring Lake Rd.","Southington","06489","Capitol","1.0","0.8","1.8"
"William M. Strong Elementary School","Public","820 Marion Ave.","Southington","06479","Capitol","0.8","0.3","1.1"
"Zaya A. Oshana Elementary School","Public","70 Church Street","Southington","06479","Capitol","0.8","1.3","2.1"
"Academy of the Holy Family","Non-public","54 W Main St","Sprague","06330","Southeastern CT","3.0","0.0","3.0"
"Sayles School","Public","25 Scotland Road","Sprague","06330","Southeastern CT","0.4","0.0","0.4"
"St. Joseph School-Baltic","Non-public","10 School Hill Road","Sprague","06330","Southeastern CT","7.3","0.0","7.3"
"Stafford Elementary School","Public","11 Levinthal Run","Stafford","06076","Capitol","1.3","0.2","1.6"
"Stafford High School","Public","145 Orcuttville Rd.","Stafford","06076","Capitol","8.7","0.3","9.0"
"Stafford Middle School","Public","21 Levinthal Run","Stafford","06076","Capitol","9.6","0.0","9.6"
"West Stafford School","Public","153 West Stafford Rd.","Stafford","06076","Capitol","0.0","0.5","0.5"
"Anchor","Non-public","229 North St.","Stamford","06901","Western CT","0.0","0.0","0.0"
"Apples PreK","Non-public","381 High Ridge Rd.","Stamford","06905","Western CT","0.0","0.3","0.3"
"Bi-Cultural Hebrew Academy of Connecticut","Non-public","2186 High Ridge Road","Stamford","06903","Western CT","0.0","0.3","0.3"
"Cardinal Kung Academy","Non-public","948 Newfield Avenue","Stamford","06905","Western CT","11.1","2.4","13.5"
"Catholic Academy of Stamford","Non-public","1186 Newfield Avenue","Stamford","06905","Western CT","0.9","4.4","5.3"
"Cloonan School","Public","11 West North St.","Stamford","06902","Western CT","0.6","0.3","0.9"
"Davenport Ridge School","Public","1300 Newfield Ave.","Stamford","06905","Western CT","0.3","0.5","0.9"
"Dolan School","Public","51 Toms Rd.","Stamford","06906","Western CT","1.5","0.0","1.5"
"Fusion Academy Greenwich","Non-public","66 Gatehouse Road","Stamford","06902","Western CT","0.0","2.4","2.4"
"Hart School","Public","61 Adams Ave.","Stamford","06902","Western CT","0.2","1.2","1.3"
"Hubbard Day School","Non-public","68 Southfield Avenue","Stamford","06902","Western CT","0.0","1.1","1.1"
"J. M. Wright Technical High School","Public","120 Bridge St.","Stamford","06905","Western CT","0.9","0.0","0.9"
"Julia A. Stark School","Public","398 Glenbrook Rd.","Stamford","06906","Western CT","0.2","1.0","1.2"
"K. T. Murphy School","Public","19 Horton St.","Stamford","06902","Western CT","0.5","1.3","1.8"
"King School, Inc.","Non-public","1450 Newfield Avenue","Stamford","06905","Western CT","1.4","0.0","1.4"
"Mater Salvatoris College Preparatory School","Non-public","926 Newfield Avenue","Stamford","06905","Western CT","5.2","1.3","6.5"
"Mead School","Public","1095 Riverbank Road","Stamford","06903","Western CT","1.5","0.0","1.5"
"Newfield School","Public","345 Pepper Ridge Rd.","Stamford","06905","Western CT","0.0","0.4","0.4"
"Northeast School","Public","82 Scofieldtown Rd.","Stamford","06903","Western CT","1.2","1.2","2.4"
"Our Lady of Grace Preschool & Kindergarten","Non-public","635 Glenbrook Road","Stamford","06906","Western CT","0.0","1.5","1.5"
"Rippowam Middle School","Public","381 High Ridge Rd.","Stamford","06905","Western CT","0.4","0.4","0.9"
"Rogers International School","Public","202 Blachley Rd.","Stamford","06902","Western CT","1.7","0.5","2.2"
"Roxbury School","Public","751 Westhill Rd.","Stamford","06902","Western CT","1.5","0.6","2.1"
"Scofield Middle School","Public","641 Scofieldtown Rd.","Stamford","06903","Western CT","4.4","0.2","4.6"
"Springdale School","Public","1127 Hope St.","Stamford","06907","Western CT","0.6","0.4","0.9"
"Stamford Charter School for Excellence","Public","1 Schuyler Ave.","Stamford","06902","Western CT","0.0","0.0","0.0"
"Stamford High School","Public","55 Strawberry Hill Ave.","Stamford","06902","Western CT","1.5","0.3","1.8"
"Stillmeadow School","Public","800 Stillwater Rd.","Stamford","06902","Western CT","0.7","0.0","0.7"
"Strawberry Hill an ext. of Rogers International","Public","200 Strawberry Hill Ave.","Stamford","06902","Western CT","1.6","0.2","1.9"
"The Academy of Information, Technology & Engineering","Public","411 High Ridge Rd.","Stamford","06905","Western CT","1.8","0.2","2.0"
"The Children's School","Non-public","118 Scofieldtown Road","Stamford","06903","Western CT","0.0","0.8","0.8"
"The Long Ridge School","Non-public","478 Erskine Road","Stamford","06903","Western CT","0.0","0.0","0.0"
"The Pinnacle School, LLC","Non-public","201 High Ridge Rd","Stamford","06905","Western CT","2.7","0.0","2.7"
"The Spire School","Public","201 High Ridge Rd","Stamford","06905","Western CT","0.0","0.0","0.0"
"Toquam Magnet School","Public","123 Ridgewood Ave.","Stamford","06907","Western CT","0.4","0.4","0.8"
"Turn of River School","Public","117 Vine Rd.","Stamford","06905","Western CT","2.2","0.3","2.6"
"Villa Maria Education Center","Non-public","161 Sky Meadow Drive","Stamford","06903","Western CT","0.0","0.0","0.0"
"Waterside School","Non-public","770 Pacific Street","Stamford","06902","Western CT","2.2","0.0","2.2"
"Westhill High School","Public","125 Roxbury Rd.","Stamford","06902","Western CT","1.4","0.1","1.5"
"Westover School","Non-public","1237 Whittemore Road","Stamford","06762","Western CT","1.5","0.0","1.5"
"Sterling Community School","Public","251 Sterling Rd.","Sterling","06377","Northeast CT","0.0","0.0","0.0"
"Deans Mill School","Public","35 Deans Mill Rd.","Stonington","06378","Southeastern CT","0.2","0.5","0.7"
"Northeast Academy Magnet School","Public","115 Oslo Street","Stonington","06355","Southeastern CT","DNC","DNC","DNC"
"Pine Point School","Non-public","89 Barnes Road","Stonington","06378","Southeastern CT","0.6","1.3","1.9"
"St. Michael School","Non-public","131 West Broad Street","Stonington","06379","Southeastern CT","3.6","1.8","5.4"
"Stonington High School","Public","176 South Broad St.","Stonington","06379","Southeastern CT","3.1","0.2","3.3"
"Stonington Middle School","Public","40 Field St.","Stonington","06379","Southeastern CT","1.5","0.0","1.5"
"West Vine Street School","Public","17 West Vine St.","Stonington","06379","Southeastern CT","0.3","0.0","0.3"
"Bunnell High School","Public","1 Bulldog Boulevard","Stratford","06614","Greater Bridgeport","0.9","0.0","0.9"
"Chapel School","Public","380 Chapel Street","Stratford","06614","Greater Bridgeport","1.3","0.3","1.5"
"David Wooster Middle School","Public","150 Lincoln Street","Stratford","06615","Greater Bridgeport","1.9","0.4","2.3"
"Eli Whitney School","Public","1130 Huntington Road","Stratford","06615","Greater Bridgeport","0.2","0.2","0.5"
"Franklin School","Public","1895 Barnum Avenue","Stratford","06615","Greater Bridgeport","1.0","0.0","1.0"
"Harry B. Flood Middle School","Public","490 Chapel Street","Stratford","06614","Greater Bridgeport","0.4","0.0","0.4"
"Johnson House Elementary School","Public","719 Birdseye Street","Stratford","06615","Greater Bridgeport","0.9","0.0","0.9"
"Lordship School","Public","254 Crown Street","Stratford","06615","Greater Bridgeport","0.0","0.0","0.0"
"Nichols School","Public","396 Nichols Avenue","Stratford","06614","Greater Bridgeport","0.5","0.7","1.2"
"Second Hill Lane School","Public","65 Second Hill Lane","Stratford","06614","Greater Bridgeport","1.1","0.2","1.2"
"St. James School","Non-public","50 Harvey Place","Stratford","06615","Greater Bridgeport","1.9","0.3","2.2"
"St. Mark School","Non-public","500 Wigwam Lane","Stratford","06614","Greater Bridgeport","1.2","0.0","1.2"
"Stratford High School","Public","245 King Street","Stratford","06615","Greater Bridgeport","0.6","0.1","0.7"
"Victoria Soto Preschool","Public","699 Birdseye Street","Stratford","06615","Greater Bridgeport","0.0","0.0","0.0"
"Wilcoxson School","Public","600 Wilcoxson Avenue","Stratford","06614","Greater Bridgeport","0.9","0.0","0.9"
"A. Ward Spaulding School","Public","945 Mountain Rd.","Suffield","06078","Capitol","0.2","0.9","1.1"
"Anshei Lubavitch of Suffield, LLC","Non-public","1760 Mapleton Ave","Suffield","06078","Capitol","DNC","DNC","DNC"
"McAlister Intermediate School","Public","260 Mountain Road","Suffield","06078","Capitol","1.1","0.2","1.3"
"Suffield Academy","Non-public","185 North Main Street","Suffield","06078","Capitol","0.0","0.0","0.0"
"Suffield High School","Public","1060 Sheldon Street","Suffield","06093","Capitol","1.4","0.2","1.6"
"Suffield Middle School","Public","350 Mountain Rd.","Suffield","06078","Capitol","1.3","0.4","1.7"
"Black Rock School","Public","57 Branch Rd.","Thomaston","06787","Naugatuck Valley","0.0","0.0","0.0"
"Thomaston Center School","Public","1 Thomas Ave.","Thomaston","06787","Naugatuck Valley","2.0","1.0","3.0"
"Thomaston High School","Public","185 Branch Rd.","Thomaston","06787","Naugatuck Valley","0.0","0.0","0.0"
"Bradley School-Windham County","Non-public","785 Riverside Drive","Thompson","06255","Northeast CT","DNC","DNC","DNC"
"Marianapolis Preparatory School","Non-public","26 Chase Road","Thompson","06277","Northeast CT","DNC","DNC","DNC"
"Mary R. Fisher Elementary School","Public","785 Riverside Dr.","Thompson","06255","Northeast CT","0.0","0.3","0.3"
"River Run Academy at the Susan Wayne Center of Excellence","Non-public","75 Church Street","Thompson","06277","Northeast CT","0.0","0.0","0.0"
"Thompson Middle School","Public","785 Riverside Dr.","Thompson","06255","Northeast CT","3.2","0.0","3.2"
"Tourtellotte Memorial High School","Public","785 Riverside Dr.","Thompson","06255","Northeast CT","3.0","0.0","3.0"
"Birch Grove Primary School","Public","247 Rhodes RD","Tolland","06084","Capitol","0.0","0.0","0.0"
"Tolland High School","Public","1 Eagle Hill","Tolland","06084","Capitol","2.3","0.0","2.3"
"Tolland Intermediate School","Public","96 Old Post RD","Tolland","06084","Capitol","0.6","0.4","1.0"
"Tolland Middle School","Public","1 Falcon Way","Tolland","06084","Capitol","2.1","0.0","2.1"
"Edadvance Head Start","Public","119 Grove Street","Torrington","06790","Northwest Hills","DNC","DNC","DNC"
"EdAdvance Torrington","Non-public","28 St. John Place","Torrington","06790","Northwest Hills","0.0","0.8","0.8"
"Oliver Wolcott Technical High School","Public","75 Oliver St.","Torrington","06790","Northwest Hills","1.5","0.2","1.7"
"Southwest School","Public","340 Litchfield St.","Torrington","06790","Northwest Hills","0.4","0.0","0.4"
"St. John Paul the Great Academy","Non-public","360 Prospect Street","Torrington","06790","Northwest Hills","6.6","0.0","6.6"
"Steps Middle and High School","Non-public","215 Hogan Drive","Torrington","06790","Northwest Hills","DS","DS","DS"
"Torringford School","Public","800 Charles St.","Torrington","06790","Northwest Hills","0.0","0.2","0.2"
"Torrington Christian Academy","Non-public","387 New Harwinton Road","Torrington","06790","Northwest Hills","DNC","DNC","DNC"
"Torrington High School","Public","50 Major Besse Dr.","Torrington","06790","Northwest Hills","0.2","0.1","0.3"
"Torrington Intermediate School","Public","295 East Pearl Rd","Torrington","06790","Northwest Hills","0.2","0.0","0.2"
"Torrington Middle School","Public","50 Major Besse Drive","Torrington","06790","Northwest Hills","0.0","0.2","0.2"
"Vogel Wetmore Elementary","Non-public","68 Church Street","Torrington","06790","Northwest Hills","0.0","0.2","0.2"
"Booth Hill School","Public","545 Booth Hill Rd.","Trumbull","06611","Greater Bridgeport","1.2","0.4","1.6"
"Christian Heritage School","Non-public","575 White Plains Road","Trumbull","06611","Greater Bridgeport","8.0","1.3","9.3"
"Cooperative Educational Services","Public","40 Lindeman Drive","Trumbull","06611","Greater Bridgeport","1.0","1.5","2.6"
"Daniels Farm School","Public","710 Daniels Farm Rd.","Trumbull","06611","Greater Bridgeport","0.9","0.4","1.3"
"Frenchtown Elementary School","Public","30 Frenchtown Rd.","Trumbull","06611","Greater Bridgeport","1.0","0.2","1.2"
"Hillcrest Middle School","Public","530 Daniels Farm Rd.","Trumbull","06611","Greater Bridgeport","2.5","0.0","2.5"
"Jane Ryan School","Public","190 Park Ln.","Trumbull","06611","Greater Bridgeport","0.7","0.7","1.4"
"Madison Middle School","Public","4630 Madison Ave.","Trumbull","06611","Greater Bridgeport","2.7","0.2","2.9"
"Merit Academy","Non-public","25 Oakview Dr.","Trumbull","06611","Greater Bridgeport","DNC","DNC","DNC"
"Middlebrook School","Public","220 Middlebrooks Ave.","Trumbull","06611","Greater Bridgeport","0.6","0.4","1.0"
"Oakview Middle/High School","Non-public","40 Oakview Dr.","Trumbull","06611","Greater Bridgeport","DNC","DNC","DNC"
"Oakview Primary School","Non-public","40 Oakview Dr.","Trumbull","06611","Greater Bridgeport","DNC","DNC","DNC"
"School Readiness","Non-public","40 Lindeman Dr.","Trumbull","06611","Greater Bridgeport","0.0","0.0","0.0"
"St. Catherine of Siena","Non-public","190 Shelton Road","Trumbull","06611","Greater Bridgeport","1.4","0.5","1.9"
"St. Joseph High School","Non-public","2320 Huntington Tpke.","Trumbull","06611","Greater Bridgeport","3.9","0.1","4.0"
"St. Theresa","Non-public","55 Rosemond Terrace","Trumbull","06611","Greater Bridgeport","DNC","DNC","DNC"
"St. Vincent's Special Needs School Program","Non-public","95 Merritt Blvd","Trumbull","06611","Greater Bridgeport","1.9","3.8","5.8"
"Tashua School","Public","401 Stonehouse Rd.","Trumbull","06611","Greater Bridgeport","0.3","0.5","0.8"
"Trumbull Early Childhood Education Center","Non-public","240 Middlebrooks Ave.","Trumbull","06611","Greater Bridgeport","0.0","1.0","1.0"
"Trumbull High School","Public","72 Strobel Rd.","Trumbull","06611","Greater Bridgeport","1.9","0.4","2.4"
"Center Road School","Public","20 Center Rd.","Vernon","06066","Capitol","0.0","0.2","0.2"
"Lake Street School","Public","201 Lake St.","Vernon","06066","Capitol","1.6","2.4","3.9"
"Maple Street School","Public","20 Maple St.","Vernon","06066","Capitol","0.0","0.0","0.0"
"Northeast School","Public","69 East St.","Vernon","06066","Capitol","0.0","0.0","0.0"
"Park Street Learning Center (PSLC)","Non-public","38 Park Street","Vernon","06066","Capitol","DNC","DNC","DNC"
"Rockville High School","Public","70 Loveland Hill","Vernon","06066","Capitol","1.9","0.1","2.0"
"Skinner Road School","Public","90 Skinner Rd.","Vernon","06066","Capitol","0.0","0.0","0.0"
"Vernon Center Middle School","Public","777 Hartford Tpke.","Vernon","06066","Capitol","1.7","0.7","2.4"
"Voluntown Elementary School","Public","195 Main Street","Voluntown","06384","Northeast CT","1.9","0.0","1.9"
"Benhaven Academy","Non-public","50 North Plains Highway","Wallingford","06492","Western CT","DNC","DNC","DNC"
"Carver Academy School","Non-public","350 High Hill Rd","Wallingford","06492","South Central","DNC","DNC","DNC"
"Choate Rosemary Hall","Non-public","333 Christian Street","Wallingford","06492","South Central","DNC","DNC","DNC"
"Cook Hill School","Public","57 Hall Road","Wallingford","06492","South Central","0.0","0.0","0.0"
"Dag Hammarskjold Middle School","Public","106 Pond Hill Road","Wallingford","06492","South Central","1.7","0.0","1.7"
"Evarts C. Stevens School","Public","18 Kondracki Lane","Wallingford","06492","South Central","0.0","1.4","1.4"
"Heritage Baptist Academy","Non-public","161 South Whittlesey Avenue","Wallingford","06492","South Central","DNC","DNC","DNC"
"High Road Academy - BEST Academy","Non-public","5 Barnes Industrial Road","Wallingford","06492","South Central","2.6","2.6","5.3"
"High Road School of Wallingford","Non-public","29A, 31and 33 Village Lane","Wallingford","06492","South Central","0.0","0.0","0.0"
"Highland School","Public","200 Highland Avenue","Wallingford","06492","South Central","0.0","0.7","0.7"
"Holy Trinity School","Non-public","11 North Whittlesey Avenue","Wallingford","06492","South Central","0.5","0.0","0.5"
"James H. Moran Middle School","Public","141 Hope Hill Road","Wallingford","06492","South Central","2.3","0.0","2.3"
"Lyman Hall High School","Public","70 Pond Hill Road","Wallingford","06492","South Central","2.9","0.1","3.0"
"Mark T. Sheehan High School","Public","142 Hope Hill Road","Wallingford","06492","South Central","1.0","0.3","1.3"
"Mary G. Fritz Elementary School of Yalesville","Public","415 Church Street","Wallingford","06492","South Central","1.1","0.0","1.1"
"Moses Y. Beach School","Public","340 North Main Street","Wallingford","06492","South Central","0.0","0.6","0.6"
"Parker Farms School","Public","30 Parker Farms Road","Wallingford","06492","South Central","1.5","0.0","1.5"
"Pond Hill School","Public","299 Pond Hill Road","Wallingford","06492","South Central","2.3","0.7","3.0"
"Rock Hill School","Public","910 Old Rock Hill Road","Wallingford","06492","South Central","0.7","0.0","0.7"
"Warren School","Public","21 Sackett Hill Road","Warren","06754","Northwest Hills","0.0","0.0","0.0"
"Devereux Glenholme School","Non-public","81 Sabbaday Lane","Washington","06793","Northwest Hills","DNC","DNC","DNC"
"Rumsey Hall School","Non-public","201 Romford Road","Washington","06794","Northwest Hills","1.7","1.2","2.9"
"Shepaug Valley School","Public","159 South Street","Washington","06793","Northwest Hills","5.0","0.2","5.2"
"The Frederick Gunn School","Non-public","99 Green Hill Road","Washington","06793","Northwest Hills","0.3","0.0","0.3"
"Washington Montessori School","Non-public","240 Litchfield Turnpike","Washington","06777","Northwest Hills","3.0","1.1","4.2"
"Washington Primary School","Public","11 School St.","Washington","06794","Northwest Hills","0.6","0.0","0.6"
"ACES Chase Academy","Non-public","565 Chase Parkway","Waterbury","06708","Naugatuck Valley","2.6","0.0","2.6"
"Alpha & Omega Christian Academy","Non-public","50 Linden Street","Waterbury","06702","Naugatuck Valley","DNC","DNC","DNC"
"B. W. Tinker School","Public","809 Highland Ave.","Waterbury","06708","Naugatuck Valley","0.4","0.0","0.4"
"Brass City Charter School","Public","289 Willow St.","Waterbury","06710","Naugatuck Valley","0.8","0.0","0.8"
"Bucks Hill Annex","Public","330 Bucks Hill Rd","Waterbury","06704","Naugatuck Valley","0.0","0.0","0.0"
"Bucks Hill School","Public","330 Bucks Hill Rd.","Waterbury","06704","Naugatuck Valley","0.5","0.5","1.0"
"Bunker Hill School","Public","170 Bunker Hill Ave.","Waterbury","06708","Naugatuck Valley","0.2","0.2","0.5"
"Carrington School","Public","24 Kenmore Ave.","Waterbury","06708","Naugatuck Valley","0.2","0.0","0.2"
"Catholic Academy of Waterbury","Non-public","386 Robinwood Road","Waterbury","06708","Naugatuck Valley","0.6","0.6","1.1"
"Children's Community School","Non-public","23 John Street","Waterbury","06708","Naugatuck Valley","0.6","0.0","0.6"
"Crosby High School","Public","300 Pierpont Rd.","Waterbury","06705","Naugatuck Valley","0.4","0.4","0.9"
"Driggs School","Public","77 Woodlawn Terrace","Waterbury","06710","Naugatuck Valley","0.5","0.0","0.5"
"Duggan School","Public","952 Bank Street","Waterbury","06708","Naugatuck Valley","0.0","0.5","0.5"
"Enlightenment School","Non-public","58 Griggs Street","Waterbury","06704","Naugatuck Valley","0.0","0.0","0.0"
"F. J. Kingsbury School","Public","220 Columbia Blvd.","Waterbury","06710","Naugatuck Valley","0.0","0.0","0.0"
"Gilmartin School","Public","107 Wyoming Ave.","Waterbury","06706","Naugatuck Valley","0.0","0.2","0.2"
"H. S. Chase School","Public","40 Woodtick Rd.","Waterbury","06705","Naugatuck Valley","0.2","0.0","0.2"
"Holy Cross High School","Non-public","587 Oronoke Road","Waterbury","06708","Naugatuck Valley","DNC","DNC","DNC"
"Hopeville School","Public","2 Cypress St.","Waterbury","06706","Naugatuck Valley","0.0","0.0","0.0"
"John F. Kennedy High School","Public","422 Highland Ave.","Waterbury","06708","Naugatuck Valley","0.1","0.0","0.1"
"Maloney Interdistrict Magnet School","Public","233 South Elm St.","Waterbury","06706","Naugatuck Valley","0.3","0.2","0.5"
"Margaret M. Generali Elementary School","Public","3196 East Main St.","Waterbury","06705","Naugatuck Valley","0.2","0.0","0.2"
"Michael F. Wallace Middle School","Public","3465 East Main St.","Waterbury","06705","Naugatuck Valley","1.1","0.0","1.1"
"North End Middle School","Public","534 Bucks Hill Rd.","Waterbury","06704","Naugatuck Valley","0.2","0.0","0.2"
"Our Lady of Mount Carmel-Waterbury","Non-public","645 Congress Avenue","Waterbury","06708","Naugatuck Valley","1.0","0.0","1.0"
"Reed School","Public","33 Griggs Street","Waterbury","06704","Naugatuck Valley","0.2","0.0","0.2"
"Regan School","Public","2780 North Main St.","Waterbury","06704","Naugatuck Valley","0.0","0.0","0.0"
"Roberto Clemente International Dual Language School","Public","116 Beecher Avenue","Waterbury","06705","Naugatuck Valley","0.3","0.0","0.3"
"Rotella Interdistrict Magnet School","Public","380 Pierpont Rd.","Waterbury","06705","Naugatuck Valley","1.0","0.0","1.0"
"Sprague School","Public","1443 Thomaston Ave.","Waterbury","06704","Naugatuck Valley","0.0","0.0","0.0"
"State Street School","Public","30 Church Street","Waterbury","06702","Naugatuck Valley","0.0","0.0","0.0"
"W. F. Kaynor Technical High School","Public","43 Tompkins St.","Waterbury","06708","Naugatuck Valley","0.8","0.0","0.8"
"Walsh School","Public","55 Dikeman Street","Waterbury","06704","Naugatuck Valley","0.0","0.0","0.0"
"Washington School","Public","685 Baldwin St.","Waterbury","06706","Naugatuck Valley","0.0","0.0","0.0"
"Waterbury Arts Magnet School","Public","16 South Elm St.","Waterbury","06706","Naugatuck Valley","1.2","0.0","1.2"
"Waterbury Community Mesivta, Inc.","Non-public","145 Grove Street","Waterbury","06702","Naugatuck Valley","DNC","DNC","DNC"
"Wendell L. Cross School","Public","1255 Hamilton Ave.","Waterbury","06706","Naugatuck Valley","0.2","0.0","0.2"
"West Side Middle School","Public","483 Chase Parkway","Waterbury","06708","Naugatuck Valley","0.0","0.0","0.0"
"Wilby High School","Public","568 Bucks Hill Rd.","Waterbury","06704","Naugatuck Valley","0.3","0.0","0.3"
"Woodrow Wilson School","Public","235 Birch St.","Waterbury","06704","Naugatuck Valley","0.0","0.0","0.0"
"Yeshiva Ktana of Waterbury","Non-public","32 Hillside Ave","Waterbury","06710","Naugatuck Valley","0.4","0.4","0.8"
"Baptist Bible Academy","Non-public","1144 Hartford Turnpike","Waterford","06385","Southeastern CT","DNC","DNC","DNC"
"Clark Lane Middle School","Public","105 Clark Ln.","Waterford","06385","Southeastern CT","1.2","0.2","1.4"
"Great Neck Elementary School","Public","165 Great Neck Rd.","Waterford","06385","Southeastern CT","0.6","0.0","0.6"
"Oswegatchie Elementary School","Public","470 Boston Post Rd.","Waterford","06385","Southeastern CT","0.3","0.9","1.2"
"Quaker Hill Elementary School","Public","285 Bloomingdale Rd.","Waterford","06375","Southeastern CT","0.0","0.0","0.0"
"The Friendship School","Non-public","24 Rope Ferry Rd.","Waterford","06385","Southeastern CT","0.0","0.0","0.0"
"Waterford Country School","Non-public","78 Hunts Brook Road","Waterford","06375","Southeastern CT","DNC","DNC","DNC"
"Waterford High School","Public","20 Rope Ferry Rd.","Waterford","06385","Southeastern CT","1.2","0.9","2.0"
"Fletcher W. Judson School","Public","124 Hamilton Lane","Watertown","06795","Naugatuck Valley","1.7","0.0","1.7"
"Holy Disciples Catholic School","Non-public","140 Buckingham Street","Watertown","06779","Naugatuck Valley","0.0","0.5","0.5"
"John Trumbull Primary","Non-public","779 Buckingham St.","Watertown","06779","Naugatuck Valley","0.0","0.2","0.2"
"Polk School","Public","435 Buckingham St.","Watertown","06779","Naugatuck Valley","2.0","0.0","2.0"
"St. John the Evangelist","Non-public","760 Main Street","Watertown","06795","Naugatuck Valley","DNC","DNC","DNC"
"Swift Middle School","Public","250 Colonial St.","Watertown","06779","Naugatuck Valley","2.1","0.0","2.1"
"The Taft School","Non-public","110 Woodbury Road","Watertown","06795","Naugatuck Valley","0.0","0.2","0.2"
"Watertown High School","Public","324 French St.","Watertown","06795","Naugatuck Valley","2.0","0.0","2.0"
"Aiken School","Public","212 King Philip Dr.","West Hartford","06117","Capitol","0.2","0.2","0.5"
"American School for the Deaf","Non-public","139 North Main Street","West Hartford","06107","Capitol","0.6","2.4","2.9"
"Ben Bronz Academy","Non-public","11 Wampanoag Drive","West Hartford","06117","Capitol","3.8","0.0","3.8"
"Braeburn School","Public","45 Braeburn Rd.","West Hartford","06107","Capitol","1.2","0.9","2.0"
"Bristow Middle School","Public","34 Highland St.","West Hartford","06102","Capitol","2.5","0.0","2.5"
"Bugbee School","Public","1943 Asylum Ave.","West Hartford","06117","Capitol","0.0","0.0","0.0"
"Charter Oak International Academy","Public","425 Oakwood Ave.","West Hartford","06110","Capitol","0.8","0.2","1.0"
"Conard High School","Public","110 Beechwood Rd.","West Hartford","06107","Capitol","0.8","0.2","1.0"
"Duffy School","Public","95 Westminster St.","West Hartford","06107","Capitol","0.0","0.0","0.0"
"Futures School-West Hartford","Non-public","1030 New Britain Ave","West Hartford","06110","Capitol","DNC","DNC","DNC"
"Gengras Center","Public","1678 Asylum Avenue","West Hartford","06117","Capitol","3.7","1.5","5.2"
"Hall High School","Public","975 North Main St.","West Hartford","06117","Capitol","1.1","0.2","1.3"
"Intensive Education Academy","Non-public","840 North Main Street","West Hartford","06117","Capitol","4.3","2.2","6.5"
"King Philip Middle School","Public","100 King Philip Dr.","West Hartford","06117","Capitol","0.8","0.1","0.9"
"Kingswood Oxford School","Non-public","170 Kingswood Road","West Hartford","06119","Capitol","1.2","0.2","1.4"
"Montessori School of Greater Hartford","Non-public","141 North Main Street","West Hartford","06107","Capitol","0.5","0.0","0.5"
"Morley School","Public","77 Bretton Rd.","West Hartford","06119","Capitol","0.3","0.0","0.3"
"New England Jewish Academy","Non-public","300 Bloomfield Avenue","West Hartford","06117","Capitol","3.4","0.8","4.2"
"Norfeldt School","Public","35 Barksdale Rd.","West Hartford","06117","Capitol","0.6","0.3","0.8"
"Northwest Catholic High School","Non-public","29 Wampanoag Drive","West Hartford","06117","Capitol","3.7","0.0","3.7"
"REACH- West Hartford","Public","110 Beechwood Rd","West Hartford","06107","Capitol","DS","DS","DS"
"Renbrook School","Non-public","2865 Albany Avenue","West Hartford","06117","Capitol","1.3","0.0","1.3"
"Sedgwick Middle School","Public","128 Sedgwick Rd.","West Hartford","06107","Capitol","1.5","0.0","1.5"
"Smith School","Public","64 St. James St.","West Hartford","06119","Capitol","0.0","0.6","0.6"
"Solomon Schechter Day School of Greater Hartford","Non-public","26 Buena Vista Road","West Hartford","06107","Capitol","0.8","0.0","0.8"
"St. Thomas the Apostle","Non-public","25 Dover Road","West Hartford","06119","Capitol","0.0","2.0","2.0"
"St. Timothy Middle School","Non-public","225 King Philip Drive","West Hartford","06117","Capitol","1.1","1.1","2.1"
"STRIVE, Cogswell Bldg","Public","20-28 Sargeant St","West Hartford","06105","Capitol","0.0","0.0","0.0"
"University of Hartford Magnet School","Non-public","196 Bloomfield Ave.","West Hartford","06117","Capitol","0.2","0.2","0.4"
"Webster Hill School","Public","125 Webster Hill Blvd.","West Hartford","06117","Capitol","0.9","0.6","1.4"
"Whiting Lane School","Public","47 Whiting Ln.","West Hartford","06119","Capitol","0.0","0.0","0.0"
"Wolcott School","Public","71 Wolcott Rd.","West Hartford","06110","Capitol","0.5","0.0","0.5"
"Alma E. Pagels School","Public","26 Benham Hill Rd.","West Haven","06516","South Central","0.0","0.0","0.0"
"Carrigan 5/6 Intermediate School","Public","2 Tetlow St.","West Haven","06516","South Central","1.3","0.1","1.5"
"Edith E. Mackrille School","Public","806 Jones Hill Rd.","West Haven","06516","South Central","0.0","0.0","0.0"
"Engineering - Science University Magnet School","Public","500 Boston Post Road","West Haven","06516","South Central","0.8","0.5","1.3"
"Forest School","Public","95 Burwell Rd.","West Haven","06516","South Central","0.0","0.0","0.0"
"Harry M. Bailey Middle School","Public","106 Morgan Ln.","West Haven","06516","South Central","0.5","0.1","0.6"
"Notre Dame High School","Non-public","1 Notre Dame Way","West Haven","06516","South Central","0.6","0.0","0.6"
"Savin Rock Community School","Public","50 Park St.","West Haven","06516","South Central","0.0","0.0","0.0"
"Seth G. Haley School","Public","148 South St.","West Haven","06516","South Central","0.0","0.0","0.0"
"St. Lawrence School-West Haven","Non-public","231 Main Street","West Haven","06516","South Central","1.9","0.6","2.6"
"Washington School","Public","255 Meloy Road","West Haven","06516","South Central","0.0","0.0","0.0"
"West Haven High School","Public","1 McDonough Plaza","West Haven","06516","South Central","0.2","0.1","0.3"
"Daisy Ingraham School","Public","105 Goodspeed Dr.","Westbrook","06498","Lower CT River Valley","2.1","0.0","2.1"
"The Oxford Academy","Non-public","1393 Boston Post Road","Westbrook","06498","Lower CT River Valley","DS","DS","DS"
"Westbrook High School","Public","156 McVeagh Rd.","Westbrook","06498","Lower CT River Valley","3.2","0.0","3.2"
"Westbrook Middle School","Public","154 McVeagh Rd.","Westbrook","06498","Lower CT River Valley","3.7","0.0","3.7"
"Hurlbutt Elementary School","Public","9 School Rd.","Weston","06883","Western CT","0.0","0.9","0.9"
"Leaps n Bounds 2","Non-public","285 Lyons Plain Rd","Weston","06883","Western CT","DS","DS","DS"
"Weston High School","Public","115 School Rd.","Weston","06883","Western CT","3.7","0.4","4.1"
"Weston Intermediate School","Public","95 School Rd.","Weston","06883","Western CT","1.8","0.5","2.3"
"Weston Middle School","Public","135 School Rd.","Weston","06883","Western CT","4.6","0.2","4.8"
"Bedford Middle School","Public","88 North Ave.","Westport","06880","Western CT","3.5","0.4","3.9"
"Coleytown Elementary School","Public","65 Easton Rd.","Westport","06880","Western CT","1.3","0.0","1.3"
"Coleytown Middle School","Public","255 North Ave.","Westport","06880","Western CT","3.6","0.4","4.0"
"Greens Farms Academy","Non-public","35 Beachside Ave","Westport","06880","Western CT","1.4","0.1","1.6"
"Green's Farms School","Public","17 Morningside Dr. South","Westport","06880","Western CT","0.9","0.4","1.3"
"King's Highway Elementary School","Public","125 Post Rd. West","Westport","06880","Western CT","0.4","0.4","0.9"
"Landmark Preschool - Westport","Non-public","11 Burr Road","Westport","06880","Western CT","DNC","DNC","DNC"
"Long Lots School","Non-public","13 Hyde Lane","Westport","06880","Western CT","0.4","0.7","1.1"
"Pierrepont School","Non-public","1 Sylvan Rd N","Westport","06880","Western CT","DNC","DNC","DNC"
"Saugatuck Elementary School","Public","170 Riverside Ave.","Westport","06880","Western CT","1.3","0.2","1.6"
"Staples High School","Public","70 North Ave.","Westport","06880","Western CT","2.5","0.6","3.0"
"Stepping Stones Preschool","Public","65 Easton Rd.","Westport","06880","Western CT","0.0","0.0","0.0"
"Alfred W. Hanmer School","Public","50 Francis St.","Wethersfield","06109","Capitol","0.0","1.1","1.1"
"Charles Wright School","Public","186 Nott St.","Wethersfield","06109","Capitol","0.4","0.0","0.4"
"Corpus Christi School","Non-public","581 Silas Deane Highway","Wethersfield","06109","Capitol","1.4","0.2","1.7"
"CREC Preschool at Progress Drive","Public","123 Progress Drive","Wethersfield","06109","Capitol","0.0","0.0","0.0"
"Discovery Academy","Non-public","176 Cumberland Avenue","Wethersfield","06109","Capitol","0.6","0.0","0.6"
"Emerson-Williams School","Public","461 Wells Rd.","Wethersfield","06109","Capitol","0.5","0.3","0.8"
"Highcrest School","Public","95 Highcrest Rd.","Wethersfield","06109","Capitol","0.7","0.5","1.2"
"Samuel B. Webb Elementary School","Public","51 Willow St.","Wethersfield","06109","Capitol","0.8","0.0","0.8"
"Silas Deane Middle School","Public","551 Silas Deane Hwy.","Wethersfield","06109","Capitol","0.7","0.0","0.7"
"Wethersfield High School","Public","411 Wolcott Hill Rd.","Wethersfield","06109","Capitol","1.2","0.1","1.2"
"Center School","Public","12 Old Farms Rd.","Willington","06279","Capitol","0.5","0.0","0.5"
"Hall Memorial School","Public","111 River Rd.","Willington","06279","Capitol","3.7","0.0","3.7"
"Apple Blossom School & Family Center","Non-public","426 Danbury Rd","Wilton","06897","Western CT","0.0","13.3","13.3"
"Belden Hill Montessori","Non-public","48 New Canaan Rd","Wilton","06897","Western CT","0.0","5.7","5.7"
"Cider Mill School","Public","240 School Rd.","Wilton","06897","Western CT","2.3","0.5","2.7"
"Connecticut Friends School","Non-public","317 New Canaan Road","Wilton","06897","Western CT","0.0","0.0","0.0"
"First Step","Non-public","240 Wolfpit Rd","Wilton","06897","Western CT","DS","DS","DS"
"Guidepost Montessori","Non-public","221 Danbury Rd","Wilton","06897","Western CT","0.0","0.0","0.0"
"Middlebrook School","Public","131 School Rd.","Wilton","06897","Western CT","3.0","1.1","4.1"
"Miller-Driscoll School","Public","217 Wolfpit Rd.","Wilton","06897","Western CT","0.0","0.9","0.9"
"Schoolhouse Academy Inc.","Non-public","225 Danbury Road","Wilton","06897","Western CT","DS","DS","DS"
"Seven Acres Montessori","Non-public","34 Whipple Road","Wilton","06897","Western CT","1.4","0.0","1.4"
"Westport Day School","Non-public","372 Danbury Road Suite 190","Wilton","06897","Western CT","DNC","DNC","DNC"
"Wilton High School","Public","395 Danbury Rd.","Wilton","06897","Western CT","3.0","0.3","3.3"
"EdAdvance Winsted","Non-public","201 Pratt St.","Winchester","06098","Northwest Hills","0.0","3.1","3.1"
"Explorations","Public","71 Spencer St.","Winchester","06098","Northwest Hills","1.2","1.2","2.5"
"Mary P. Hinsdale School","Public","15 Hinsdale Ave.","Winchester","06098","Northwest Hills","0.0","1.5","1.5"
"Northwestern Regional Middle and High School","Public","100 Battistoni Dr.","Winchester","06098","Northwest Hills","5.1","0.1","5.3"
"Pearson School","Public","2 Wetmore Ave.","Winchester","06098","Northwest Hills","DNC","DNC","DNC"
"The Gilbert School","Non-public","200 Williams Ave","Winchester","06098","Northwest Hills","1.5","0.0","1.5"
"Arts at the Capitol Theater Magnet School (ACT)","Non-public","896 Main Street","Windham","06226","Southeastern CT","4.0","1.6","5.6"
"Charles H. Barrows STEM Academy","Public","141 Tuckie Road","Windham","06256","Southeastern CT","1.4","0.0","1.4"
"Clinical Developmental, and Therapeutic Programs","Public","832 Main St","Windham","06226","Southeastern CT","1.7","0.0","1.7"
"CORE","Non-public","579 North Windham Road","Windham","06256","Southeastern CT","0.0","0.0","0.0"
"Natchaug School","Public","123 Jackson St.","Windham","06226","Southeastern CT","0.0","0.0","0.0"
"North Windham School","Public","112 Jordan Ln.","Windham","06256","Southeastern CT","0.0","0.0","0.0"
"W. B. Sweeney School","Public","60 Oak Hill Dr.","Windham","06226","Southeastern CT","0.0","0.0","0.0"
"Windham Early Childhood Center","Non-public","355 High Street, Unit C","Windham","06226","Southeastern CT","0.0","0.0","0.0"
"Windham High School","Public","355 High St.","Windham","06226","Southeastern CT","0.5","0.2","0.7"
"Windham Middle School","Public","123 Quarry St.","Windham","06226","Southeastern CT","0.5","0.0","0.5"
"Windham Technical High School","Public","210 Birch St.","Windham","06226","Southeastern CT","1.7","0.2","1.9"
"Academy of Aerospace and Engineering","Non-public","1101 Kennedy Road","Windsor","06095","Capitol","0.8","0.0","0.8"
"Clover Street School","Public","57 Clover St.","Windsor","06095","Capitol","0.0","0.0","0.0"
"John F. Kennedy School","Public","530 Park Ave.","Windsor","06095","Capitol","2.5","0.2","2.7"
"Loomis Chaffee School","Non-public","4 Batchelder Road","Windsor","06095","Capitol","0.0","0.0","0.0"
"Madina Academy","Non-public","519 Palisado Ave","Windsor","06095","Capitol","0.0","0.0","0.0"
"Oliver Ellsworth School","Public","730 Kennedy Ave.","Windsor","06095","Capitol","0.0","0.0","0.0"
"Poquonock Elementary School","Public","1760 Poquonock Ave.","Windsor","06095","Capitol","0.0","0.6","0.6"
"Power & Prayer Christian School","Non-public","209 Kennedy Rd","Windsor","06095","Capitol","0.0","0.0","0.0"
"River Street School","Non-public","601 River St.","Windsor","06095","Capitol","0.7","0.0","0.7"
"Sage Park Middle School","Public","25 Sage Park Rd.","Windsor","06095","Capitol","1.5","0.0","1.5"
"St. Gabriel","Non-public","77 Bloomfield Avenue","Windsor","06095","Capitol","DNC","DNC","DNC"
"Trinity Christian School","Non-public","180 Park Avenue","Windsor","06095","Capitol","DNC","DNC","DNC"
"Windsor High School","Public","50 Sage Park Rd.","Windsor","06095","Capitol","0.5","0.0","0.5"
"Windsor Montessori School","Non-public","114 Palisado Avenue","Windsor","06095","Capitol","DNC","DNC","DNC"
"North Street School","Public","325 North St.","Windsor Locks","06096","Capitol","0.0","0.0","0.0"
"South Elementary School","Public","87 South St.","Windsor Locks","06096","Capitol","DNC","DNC","DNC"
"Windsor Locks High School","Public","58 South Elm St.","Windsor Locks","06096","Capitol","DNC","DNC","DNC"
"Windsor Locks Middle School","Public","7 Center St.","Windsor Locks","06096","Capitol","2.4","0.0","2.4"
"Alcott School","Public","1490 Woodtick Rd.","Wolcott","06716","Naugatuck Valley","1.5","0.6","2.2"
"Frisbie School","Public","24 Todd Rd.","Wolcott","06716","Naugatuck Valley","0.0","0.0","0.0"
"Tyrrell Middle School","Public","500 Todd Rd.","Wolcott","06716","Naugatuck Valley","0.4","0.0","0.4"
"Wakelee School","Public","12 Hempel Dr.","Wolcott","06716","Naugatuck Valley","1.5","0.0","1.5"
"Wolcott High School","Public","457 Bound Line Rd.","Wolcott","06716","Naugatuck Valley","0.7","0.0","0.7"
"Amity Regional High School","Public","25 Newton Rd.","Woodbridge","06525","South Central","DNC","DNC","DNC"
"Beecher Road School","Public","40 Beecher Rd.","Woodbridge","06525","South Central","1.0","0.3","1.4"
"Ezra Academy","Non-public","75 Rimmon Road","Woodbridge","06525","South Central","DNC","DNC","DNC"
"Mitchell Elementary School","Public","14 School St.","Woodbury","06798","Naugatuck Valley","0.3","0.0","0.3"
"Nonnewaug High School","Public","5 Minortown Road","Woodbury","06798","Naugatuck Valley","5.4","0.2","5.6"
"Woodbury Middle School","Public","67 Washington Ave.","Woodbury","06798","Naugatuck Valley","5.4","0.0","5.4"
"Woodstock Academy","Non-public","57 Academy Road","Woodstock","06281","Northeast CT","2.9","0.3","3.2"
"Woodstock Elementary School","Public","24 Frog Pond Rd.","Woodstock","06281","Northeast CT","1.9","0.3","2.2"
"Woodstock Middle School","Public","147 B-Route 169","Woodstock","06281","Northeast CT","11.9","0.0","11.9"
